name,assignment,length,begin,end,species,species-score,type,type support,major lineage,major lineage support,minor lineage,minor lineage support,minor lineage,minor lineage support
KC692509,1V_E,10735,1,10735,dengue virus type 1,,V,100,E,100,,,,
KC692511,1V_A,10735,1,10735,dengue virus type 1,,V,100,A,100,,,,
KX618705,1III_B,10735,1,10735,dengue virus type 1,,III,100,B,100,,,,
KX618706,1III_B,10735,1,10735,dengue virus type 1,,III,100,B,100,,,,
KX620451,1III_A,10670,11,10701,dengue virus type 1,,III,100,A,100,,,,
KX620452,1III_A,10666,4,10690,dengue virus type 1,,III,100,A,100,,,,
KX620453,1III_A,10667,3,10690,dengue virus type 1,,III,100,A,100,,,,
KX620454,1I_J,10443,17,10459,dengue virus type 1,,I,100,J,100,,,,
KX620455,1I_K.3,10687,4,10690,dengue virus type 1,,I,100,K,100,3,100,,
KX621249,1III_A,10643,24,10687,dengue virus type 1,,III,100,A,100,,,,
KX621250,1I_K,10649,41,10689,dengue virus type 1,,I,100,K,100,Related to but not part of 1,,,
KX621251,1I_K.3,10624,70,10693,dengue virus type 1,,I,100,K,100,3,100,,
KX621252,1I_K.3,10618,70,10687,dengue virus type 1,,I,100,K,100,3,100,,
KX621253,1I_K,10714,1,10714,dengue virus type 1,,I,100,K,100,Related to but not part of 1,,,
KC692510,1V_E,10735,1,10735,dengue virus type 1,,V,100,E,100,,,,
LC011945,1I_K.2,10693,22,10714,dengue virus type 1,,I,100,K,100,2,100,,
LC011946,1I_K.2,10693,22,10714,dengue virus type 1,,I,100,K,100,2,100,,
LC011947,1I_K.2,10693,22,10714,dengue virus type 1,,I,100,K,100,2,100,,
LC011948,1I_K.2,10693,22,10714,dengue virus type 1,,I,100,K,100,2,100,,
LC011949,1I_K,10693,22,10714,dengue virus type 1,,I,100,K,62,Related to but not part of 3,,,
KR779783,1III_A,10713,1,10734,dengue virus type 1,,III,100,A,100,,,,
LC016760,1I_K.2,10693,22,10714,dengue virus type 1,,I,100,K,100,2,100,,
MN448597,1I_H.1,10179,95,10273,dengue virus type 1,,I,100,H,100,1,100,,
MN448598,1I_H.1,10179,95,10273,dengue virus type 1,,I,100,H,100,1,100,,
MN448599,1I_K,10179,95,10273,dengue virus type 1,,I,100,K,59,Related to but not part of 3,,,
MN448600,1I_K,10179,95,10273,dengue virus type 1,,I,100,K,62,Related to but not part of 3,,,
MN448601,1I_K,10179,95,10273,dengue virus type 1,,I,100,K,64,Related to but not part of 3,,,
MN448602,1I_K,10179,95,10273,dengue virus type 1,,I,100,K,65,Related to but not part of 3,,,
MN448604,1I_K,10179,95,10273,dengue virus type 1,,I,100,K,60,Related to but not part of 3,,,
MN448605,1I_K,10179,95,10273,dengue virus type 1,,I,100,K,61,Related to but not part of 3,,,
MN448606,1I_K,10179,95,10273,dengue virus type 1,,I,100,K,61,Related to but not part of 3,,,
MN448608,1I_K,10179,95,10273,dengue virus type 1,,I,100,K,64,Related to but not part of 3,,,
MN448609,1I_K,10179,95,10273,dengue virus type 1,,I,100,K,62,Related to but not part of 3,,,
MN448610,1I_K,10179,95,10273,dengue virus type 1,,I,100,K,67,Related to but not part of 3,,,
MN448611,1I_K,10179,95,10273,dengue virus type 1,,I,100,K,60,Related to but not part of 3,,,
MN448613,1I_K,10179,95,10273,dengue virus type 1,,I,100,K,63,Related to but not part of 3,,,
MN448612,1I_K,10179,95,10273,dengue virus type 1,,I,100,K,58,Related to but not part of 3,,,
MN448615,1I_K,10179,95,10273,dengue virus type 1,,I,100,K,62,Related to but not part of 3,,,
MN448614,1I_K,10179,95,10273,dengue virus type 1,,I,100,K,63,Related to but not part of 3,,,
MN448616,1I_H.1,10179,95,10273,dengue virus type 1,,I,100,H,100,1,100,,
MN448603,1I_K,10179,95,10273,dengue virus type 1,,I,100,K,64,Related to but not part of 3,,,
MN448617,1I_K,10179,95,10273,dengue virus type 1,,I,100,K,100,Related to but not part of 3,,,
MN448618,1I_H.1,10179,95,10273,dengue virus type 1,,I,100,H,100,1,100,,
MN448619,1I_H.1,10179,95,10273,dengue virus type 1,,I,100,H,100,1,100,,
MN448620,1I_K,10179,95,10273,dengue virus type 1,,I,100,K,62,Related to but not part of 3,,,
MN448621,1I_K,10179,95,10273,dengue virus type 1,,I,100,K,100,Related to but not part of 3,,,
MN448622,1I_K,10179,95,10273,dengue virus type 1,,I,100,K,100,Related to but not part of 3,,,
MN448623,1I_H.1,10179,95,10273,dengue virus type 1,,I,100,H,100,1,100,,
MN448624,1I_H.1,10179,95,10273,dengue virus type 1,,I,100,H,100,1,100,,
MN448625,1I_H.1,10179,95,10273,dengue virus type 1,,I,100,H,100,1,100,,
MN448626,1I_H.1,10179,95,10273,dengue virus type 1,,I,100,H,100,1,100,,
MN448627,1I_H.1,10179,95,10273,dengue virus type 1,,I,100,H,100,1,100,,
MN448628,1I_H.1,10179,95,10273,dengue virus type 1,,I,100,H,100,1,100,,
MN448629,1I_H.1,10179,95,10273,dengue virus type 1,,I,100,H,100,1,100,,
MN448630,1I_K,10179,95,10273,dengue virus type 1,,I,100,K,65,Related to but not part of 3,,,
MN448631,1I_H.1,10179,95,10273,dengue virus type 1,,I,100,H,100,1,100,,
MN448632,1I_F,10179,95,10273,dengue virus type 1,,I,100,F,100,,,,
MN448633,1I_K,10179,95,10273,dengue virus type 1,,I,100,K,60,Related to but not part of 3,,,
MN448635,1I_K,10179,95,10273,dengue virus type 1,,I,100,K,68,Related to but not part of 3,,,
MN448634,1I_K,10179,95,10273,dengue virus type 1,,I,100,K,78,Related to but not part of 3,,,
MN448636,1I_K,10179,95,10273,dengue virus type 1,,I,100,K,67,Related to but not part of 3,,,
MN448640,1I_H.1,10179,95,10273,dengue virus type 1,,I,100,H,100,1,100,,
MN448637,1I_H.1,10179,95,10273,dengue virus type 1,,I,100,H,100,1,100,,
MN448638,1I_H.1,10179,95,10273,dengue virus type 1,,I,100,H,100,1,100,,
MN448639,1I_H.1,10179,95,10273,dengue virus type 1,,I,100,H,100,1,100,,
MN448641,1I_H.1,10179,95,10273,dengue virus type 1,,I,100,H,100,1,100,,
MN448642,1I_H.1,10179,95,10273,dengue virus type 1,,I,100,H,100,1,100,,
MN448643,1I_K,10179,95,10273,dengue virus type 1,,I,100,K,59,Related to but not part of 3,,,
MN448644,1I_K,10179,95,10273,dengue virus type 1,,I,100,K,62,Related to but not part of 3,,,
MN448645,1I_K,10179,95,10273,dengue virus type 1,,I,100,K,61,Related to but not part of 3,,,
MN448646,1I_K,10179,95,10273,dengue virus type 1,,I,100,K,62,Related to but not part of 3,,,
MN448647,1I_K,10179,95,10273,dengue virus type 1,,I,100,K,61,Related to but not part of 3,,,
MN448648,1I_K,10179,95,10273,dengue virus type 1,,I,100,K,61,Related to but not part of 3,,,
MN448649,1I_K,10179,95,10273,dengue virus type 1,,I,100,K,61,Related to but not part of 3,,,
MN448650,1I_K,10179,95,10273,dengue virus type 1,,I,100,K,62,Related to but not part of 3,,,
MN448651,1I_K,10179,95,10273,dengue virus type 1,,I,100,K,63,Related to but not part of 3,,,
MN448652,1I_K,10179,95,10273,dengue virus type 1,,I,100,K,64,Related to but not part of 3,,,
MN448653,1I_K,10179,95,10273,dengue virus type 1,,I,100,K,61,Related to but not part of 3,,,
MN448654,1I_K,10179,95,10273,dengue virus type 1,,I,100,K,62,Related to but not part of 3,,,
MN448655,1I_K,10179,95,10273,dengue virus type 1,,I,100,K,63,Related to but not part of 3,,,
MN448656,1I_H.1,10179,95,10273,dengue virus type 1,,I,100,H,100,1,100,,
MN448658,1I_K,10179,95,10273,dengue virus type 1,,I,100,K,63,Related to but not part of 3,,,
MN448657,1I_K,10179,95,10273,dengue virus type 1,,I,100,K,100,Related to but not part of 3,,,
MN448659,1I_H.1,10179,95,10273,dengue virus type 1,,I,100,H,100,1,100,,
MN448660,1I_H.1,10179,95,10273,dengue virus type 1,,I,100,H,100,1,100,,
MN448661,1I_K,10179,95,10273,dengue virus type 1,,I,100,K,62,Related to but not part of 3,,,
MN448663,1I_H.1,10179,95,10273,dengue virus type 1,,I,100,H,100,1,100,,
MN448664,1I_K,10179,95,10273,dengue virus type 1,,I,100,K,62,Related to but not part of 3,,,
MN448662,1I_F,10179,95,10273,dengue virus type 1,,I,100,F,100,,,,
MN448666,1I_H.1,10179,95,10273,dengue virus type 1,,I,100,H,100,1,100,,
MN448665,1I_K,10179,95,10273,dengue virus type 1,,I,100,K,62,Related to but not part of 3,,,
MN448667,1I_H.1,10179,95,10273,dengue virus type 1,,I,100,H,100,1,100,,
MN448668,1I_K,10179,95,10273,dengue virus type 1,,I,100,K,60,Related to but not part of 3,,,
MN448669,1I_K,10179,95,10273,dengue virus type 1,,I,100,K,60,Related to but not part of 3,,,
MN448670,1I_K,10179,95,10273,dengue virus type 1,,I,100,K,100,Related to but not part of 3,,,
MN448672,1I_K,10179,95,10273,dengue virus type 1,,I,100,K,62,Related to but not part of 3,,,
MN448671,1I_K,10179,95,10273,dengue virus type 1,,I,100,K,100,Related to but not part of 3,,,
MN448673,1I_K,10179,95,10273,dengue virus type 1,,I,100,K,63,Related to but not part of 3,,,
MN448674,1I_K,10179,95,10273,dengue virus type 1,,I,100,K,100,Related to but not part of 3,,,
MN448676,1I_K,10179,95,10273,dengue virus type 1,,I,100,K,63,Related to but not part of 3,,,
MN448675,1I_H.1,10179,95,10273,dengue virus type 1,,I,100,H,100,1,100,,
MN448677,1I_H.1,10179,95,10273,dengue virus type 1,,I,100,H,100,1,100,,
MN448678,1I_H.1,10179,95,10273,dengue virus type 1,,I,100,H,100,1,100,,
MN448679,1I_H.1,10179,95,10273,dengue virus type 1,,I,100,H,100,1,100,,
MN448680,1I_H.1,10179,95,10273,dengue virus type 1,,I,100,H,100,1,100,,
MN448681,1I_K,10179,95,10273,dengue virus type 1,,I,100,K,62,Related to but not part of 3,,,
MN448682,1I_K,10179,95,10273,dengue virus type 1,,I,100,K,65,Related to but not part of 3,,,
MN448683,1I_K,10179,95,10273,dengue virus type 1,,I,100,K,65,Related to but not part of 3,,,
MN448685,1I_K,10179,95,10273,dengue virus type 1,,I,100,K,62,Related to but not part of 3,,,
MN448684,1I_K,10179,95,10273,dengue virus type 1,,I,100,K,65,Related to but not part of 3,,,
MN448687,1I_K,10179,95,10273,dengue virus type 1,,I,100,K,61,Related to but not part of 3,,,
MN448686,1I_K,10179,95,10273,dengue virus type 1,,I,100,K,63,Related to but not part of 3,,,
MN448688,1I_K,10179,95,10273,dengue virus type 1,,I,100,K,61,Related to but not part of 3,,,
MN448689,1I_K,10179,95,10273,dengue virus type 1,,I,100,K,56,Related to but not part of 3,,,
MN448690,1I_K,10179,95,10273,dengue virus type 1,,I,100,K,59,Related to but not part of 3,,,
MN448691,1I_K,10179,95,10273,dengue virus type 1,,I,100,K,100,Related to but not part of 3,,,
MN448693,1I_K,10179,95,10273,dengue virus type 1,,I,100,K,62,Related to but not part of 3,,,
MN448692,1I_K,10179,95,10273,dengue virus type 1,,I,100,K,62,Related to but not part of 3,,,
MN448694,1I_H.1,10179,95,10273,dengue virus type 1,,I,100,H,100,1,100,,
MN448695,1I_K,10179,95,10273,dengue virus type 1,,I,100,K,62,Related to but not part of 3,,,
MN448696,1I_E,10179,95,10273,dengue virus type 1,,I,100,E,100,Could not assign,,,
KC692512,1V_E,10735,1,10735,dengue virus type 1,,V,100,E,100,,,,
KX951689,1IV_B,10689,23,10711,dengue virus type 1,,IV,100,B,100,Could not assign,,,
KX951690,1I_K,10689,23,10711,dengue virus type 1,,I,100,K,61,Related to but not part of 3,,,
KC692513,1V_A,10735,1,10735,dengue virus type 1,,V,100,A,100,,,,
LC128301,1IV_B.2,10693,21,10713,dengue virus type 1,,IV,100,B,100,2,100,,
KY057365,1I_K,10735,1,10735,dengue virus type 1,,I,100,K,100,Could not assign,,,
KY057366,1IV_B,10735,1,10735,dengue virus type 1,,IV,100,B,100,Could not assign,,,
KY057367,1I_K,10735,1,10735,dengue virus type 1,,I,100,K,100,Related to but not part of 1,,,
KY057368,1IV_B,10735,1,10735,dengue virus type 1,,IV,100,B,100,Could not assign,,,
KY057369,1I_K,10735,1,10735,dengue virus type 1,,I,100,K,99,Related to but not part of 2,,,
KY057370,1I_K,10735,1,10735,dengue virus type 1,,I,100,K,100,Related to but not part of 1,,,
KY057371,1IV_B,10735,1,10735,dengue virus type 1,,IV,100,B,100,Could not assign,,,
KY057372,1I_K,10735,1,10735,dengue virus type 1,,I,100,K,70,Could not assign,,,
KY057373,1I_K,10735,1,10735,dengue virus type 1,,I,100,K,72,Could not assign,,,
KJ755855,1I_H.1,10727,3,10729,dengue virus type 1,,I,100,H,100,1,100,,
KM403635,1III_A,10714,1,10735,dengue virus type 1,,III,100,A,100,,,,
KM403633,1III_A,10714,1,10735,dengue virus type 1,,III,100,A,100,,,,
KM403627,1III_A,10714,1,10735,dengue virus type 1,,III,100,A,100,,,,
KM403626,1III_A,10714,1,10735,dengue virus type 1,,III,100,A,100,,,,
KM403624,1III_A,10714,1,10735,dengue virus type 1,,III,100,A,100,,,,
KM403619,1III_A,10714,1,10735,dengue virus type 1,,III,100,A,100,,,,
KM403618,1III_A,10714,1,10735,dengue virus type 1,,III,100,A,100,,,,
KM403615,1III_A,10714,1,10735,dengue virus type 1,,III,100,A,100,,,,
KM403611,1III_A,10714,1,10735,dengue virus type 1,,III,100,A,100,,,,
KM403610,1III_A,10714,1,10735,dengue virus type 1,,III,100,A,100,,,,
KM403606,1III_A,10714,1,10735,dengue virus type 1,,III,100,A,100,,,,
KM403601,1III_A,10648,1,10669,dengue virus type 1,,III,100,A,100,,,,
KM403598,1III_A,10646,1,10667,dengue virus type 1,,III,100,A,100,,,,
KM403590,1III_A,10714,1,10735,dengue virus type 1,,III,100,A,100,,,,
KM403587,1III_A,10714,1,10735,dengue virus type 1,,III,100,A,100,,,,
KM403582,1III_A,10714,1,10735,dengue virus type 1,,III,100,A,100,,,,
KM403578,1III_A,10714,1,10735,dengue virus type 1,,III,100,A,100,,,,
KC692514,1V_E,10735,1,10735,dengue virus type 1,,V,100,E,100,,,,
KM403577,1III_A,10714,1,10735,dengue virus type 1,,III,100,A,100,,,,
KF973472,1V_B,10616,1,10616,dengue virus type 1,,V,100,B,100,,,,
KF973471,1V_C,10625,1,10620,dengue virus type 1,,V,100,C,100,,,,
KF973470,1V_C,10731,1,10731,dengue virus type 1,,V,100,C,100,,,,
KF973467,1V_B,10198,82,10279,dengue virus type 1,,V,100,B,100,,,,
KF973465,1V_C,10559,71,10629,dengue virus type 1,,V,100,C,100,,,,
KF973460,1V_B,10630,1,10630,dengue virus type 1,,V,100,B,100,,,,
KF973459,1V_C,10238,71,10308,dengue virus type 1,,V,100,C,100,,,,
KF973458,1V_B,10290,34,10323,dengue virus type 1,,V,100,B,100,,,,
MW208043,1V_A,10179,95,10273,dengue virus type 1,,V,100,A,100,,,,
JX669471,1V,10736,1,10735,dengue virus type 1,,V,100,Could not assign,,,,,
JX669463,1V_E,10735,1,10735,dengue virus type 1,,V,100,E,100,,,,
KJ806963,1I_K.2,10735,1,10735,dengue virus type 1,,I,100,K,100,2,100,,
KJ806953,1I_K.2,10661,20,10680,dengue virus type 1,,I,100,K,100,2,100,,
KJ806946,1I_H.1,10735,1,10735,dengue virus type 1,,I,100,H,100,1,100,,
KJ806945,1I_K.3,10735,1,10735,dengue virus type 1,,I,100,K,100,3,100,,
KJ806944,1I_K,10735,1,10735,dengue virus type 1,,I,100,K,60,Related to but not part of 3,,,
KJ806943,1I_K,10735,1,10735,dengue virus type 1,,I,100,K,58,Related to but not part of 3,,,
KF971871,1I_K.3,10583,30,10612,dengue virus type 1,,I,100,K,100,3,100,,
KF971869,1I_K.3,10583,30,10612,dengue virus type 1,,I,100,K,100,3,100,,
JQ692085,1III_A,10669,1,10690,dengue virus type 1,,III,100,A,99,,,,
KJ189364,1V_E,10444,16,10459,dengue virus type 1,,V,100,E,100,,,,
KJ189363,1V_E,10648,2,10652,dengue virus type 1,,V,100,E,100,,,,
KJ189362,1V_E,10456,5,10460,dengue virus type 1,,V,100,E,100,,,,
KJ189360,1V_E,10265,16,10280,dengue virus type 1,,V,100,E,100,,,,
KJ189359,1V_E,10444,16,10459,dengue virus type 1,,V,100,E,100,,,,
KJ189352,1V_E,10448,16,10463,dengue virus type 1,,V,100,E,100,,,,
KJ189351,1V_E,10448,16,10463,dengue virus type 1,,V,100,E,100,,,,
KJ189348,1V_B,10445,16,10460,dengue virus type 1,,V,100,B,100,,,,
KJ189346,1V_C,10442,16,10457,dengue virus type 1,,V,100,C,100,,,,
KJ189343,1V_C,10444,16,10459,dengue virus type 1,,V,100,C,100,,,,
KJ189341,1V_C,10445,15,10459,dengue virus type 1,,V,100,C,100,,,,
KJ189337,1V_C,10446,16,10460,dengue virus type 1,,V,100,C,100,,,,
KJ189331,1V_C,10448,16,10463,dengue virus type 1,,V,100,C,100,,,,
KJ189329,1V_C,10449,16,10464,dengue virus type 1,,V,100,C,100,,,,
KJ189327,1V_C,10445,16,10460,dengue virus type 1,,V,100,C,100,,,,
KJ189321,1V_C,10444,16,10459,dengue virus type 1,,V,100,C,100,,,,
KJ189320,1V_C,10445,16,10460,dengue virus type 1,,V,100,C,100,,,,
KC692515,1V_E,10735,1,10735,dengue virus type 1,,V,100,E,100,,,,
KJ189318,1V_C,10444,16,10459,dengue virus type 1,,V,100,C,100,,,,
KJ189317,1V_C,10448,16,10463,dengue virus type 1,,V,100,C,100,,,,
KJ189307,1V_C,10445,16,10460,dengue virus type 1,,V,100,C,100,,,,
KJ189306,1V_C,10445,16,10460,dengue virus type 1,,V,100,C,100,,,,
KJ189304,1V_G,10447,14,10460,dengue virus type 1,,V,100,G,100,,,,
KJ189302,1V,10445,16,10460,dengue virus type 1,,V,100,Could not assign,,,,,
JN054256,1I_H.1,10735,1,10735,dengue virus type 1,,I,100,H,100,1,100,,
JN054255,1I_H.1,10735,1,10735,dengue virus type 1,,I,100,H,100,1,100,,
KF955443,1V_C,10686,21,10706,dengue virus type 1,,V,100,C,100,,,,
KF955427,1V_C,10695,27,10721,dengue virus type 1,,V,100,C,100,,,,
KC692516,1V_E,10735,1,10735,dengue virus type 1,,V,100,E,100,,,,
KF921942,1I_E,10374,86,10459,dengue virus type 1,,I,100,E,100,Related to but not part of 1,,,
KF921911,1V,10609,69,10681,dengue virus type 1,,V,100,Could not assign,,,,,
KC692517,1V_F,10735,1,10735,dengue virus type 1,,V,100,F,100,,,,
JQ048541,1I_K.1,10718,1,10711,dengue virus type 1,,I,100,K,100,1,94,,
HQ624983,1I_G,10562,29,10591,dengue virus type 1,,I,100,G,100,,,,
JQ045668,1I_E,10687,23,10709,dengue virus type 1,,I,100,E,95,Related to but not part of 1,,,
JQ045667,1I_E,10671,23,10693,dengue virus type 1,,I,100,E,93,Related to but not part of 1,,,
JQ045661,1I_E,10672,23,10695,dengue virus type 1,,I,100,E,100,Related to but not part of 1,,,
HQ624984,1I_E,10539,35,10575,dengue virus type 1,,I,100,E,100,Could not assign,,,
JQ045654,1I_E,10669,23,10691,dengue virus type 1,,I,100,E,100,Could not assign,,,
JQ045653,1I_E,10672,23,10695,dengue virus type 1,,I,100,E,100,Could not assign,,,
JQ045651,1I_E,10672,23,10695,dengue virus type 1,,I,100,E,100,Related to but not part of 1,,,
JQ045652,1I_E,10669,23,10691,dengue virus type 1,,I,100,E,100,Related to but not part of 1,,,
JQ045650,1I_E,10669,23,10691,dengue virus type 1,,I,100,E,100,Related to but not part of 1,,,
JQ045649,1I_E,10670,23,10692,dengue virus type 1,,I,100,E,100,Related to but not part of 1,,,
JQ045648,1I_E,10672,23,10695,dengue virus type 1,,I,100,E,100,Related to but not part of 1,,,
JQ045647,1I_E,10672,23,10695,dengue virus type 1,,I,100,E,100,Related to but not part of 1,,,
JQ045646,1I_E,10672,23,10695,dengue virus type 1,,I,100,E,100,Related to but not part of 1,,,
JQ045645,1I_E,10652,23,10707,dengue virus type 1,,I,100,E,100,Related to but not part of 1,,,
JQ045644,1I_E,10672,23,10695,dengue virus type 1,,I,100,E,100,Related to but not part of 1,,,
JQ045643,1I_E,10669,23,10691,dengue virus type 1,,I,100,E,100,Related to but not part of 1,,,
JQ045642,1I_E,10672,23,10695,dengue virus type 1,,I,100,E,100,Related to but not part of 1,,,
JQ045641,1I_E,10670,23,10692,dengue virus type 1,,I,100,E,100,Related to but not part of 1,,,
JQ045640,1I_E,10672,23,10695,dengue virus type 1,,I,100,E,100,Related to but not part of 1,,,
JQ045639,1I_E,10671,23,10693,dengue virus type 1,,I,100,E,100,Related to but not part of 1,,,
JQ045633,1I_E,10671,23,10693,dengue virus type 1,,I,100,E,100,Related to but not part of 1,,,
JQ045630,1I_E,10670,23,10692,dengue virus type 1,,I,100,E,100,Could not assign,,,
JQ045628,1I_E,10689,23,10711,dengue virus type 1,,I,100,E,100,Could not assign,,,
JN903580,1III_A,10694,12,10726,dengue virus type 1,,III,100,A,99,,,,
JN819414,1V_F,10466,37,10504,dengue virus type 1,,V,100,F,100,,,,
JN093516,1I_G,10393,68,10460,dengue virus type 1,,I,100,G,100,,,,
HM181969,1I_E,10454,55,10508,dengue virus type 1,,I,100,E,100,Related to but not part of 1,,,
HM181967,1I_E,10472,37,10508,dengue virus type 1,,I,100,E,100,Could not assign,,,
HM181963,1I_G,10449,56,10504,dengue virus type 1,,I,100,G,100,,,,
HM181962,1I_E,10467,35,10504,dengue virus type 1,,I,100,E,100,Could not assign,,,
HM181959,1I_E,10676,37,10712,dengue virus type 1,,I,100,E,100,Could not assign,,,
HM181957,1I_E,10675,23,10697,dengue virus type 1,,I,100,E,100,Could not assign,,,
HM181955,1I_E,10468,37,10504,dengue virus type 1,,I,100,E,100,Could not assign,,,
HM181954,1I_E,10679,32,10712,dengue virus type 1,,I,100,E,100,Could not assign,,,
HM181950,1I_E,10460,44,10504,dengue virus type 1,,I,100,E,100,Could not assign,,,
HM181949,1I_E,10683,24,10706,dengue virus type 1,,I,100,E,100,Could not assign,,,
HM181947,1I_E,10473,36,10508,dengue virus type 1,,I,100,E,100,Could not assign,,,
HM181945,1I_G,10685,23,10710,dengue virus type 1,,I,100,G,100,,,,
HM181944,1I_G,10482,23,10504,dengue virus type 1,,I,100,G,100,,,,
HM181943,1I_E,10672,34,10706,dengue virus type 1,,I,100,E,100,Could not assign,,,
HM181942,1I_G,10482,23,10508,dengue virus type 1,,I,100,G,100,,,,
HM181941,1I_E,10663,50,10712,dengue virus type 1,,I,100,E,100,Could not assign,,,
HM181939,1I_G,10690,23,10712,dengue virus type 1,,I,100,G,100,,,,
HM181938,1I_E,10486,23,10508,dengue virus type 1,,I,100,E,100,Could not assign,,,
HM181937,1I_E,10468,37,10504,dengue virus type 1,,I,100,E,100,Could not assign,,,
HM181936,1I_E,10468,37,10504,dengue virus type 1,,I,100,E,100,Could not assign,,,
FJ882557,1I_K,10688,25,10712,dengue virus type 1,,I,100,K,100,Could not assign,,,
FJ461328,1I_H.2,10690,23,10712,dengue virus type 1,,I,100,H,100,2,100,,
FJ687431,1I_H,10676,37,10712,dengue virus type 1,,I,100,H,100,Related to but not part of 2,,,
FJ687429,1I_H,10676,37,10712,dengue virus type 1,,I,100,H,100,Could not assign,,,
FJ687428,1I_H,10677,30,10712,dengue virus type 1,,I,100,H,100,Related to but not part of 2,,,
FJ687427,1I_H,10672,38,10712,dengue virus type 1,,I,100,H,100,Related to but not part of 2,,,
FJ687426,1I_H,10676,37,10712,dengue virus type 1,,I,100,H,100,Related to but not part of 2,,,
FJ639695,1I_E,10636,23,10658,dengue virus type 1,,I,100,E,100,Could not assign,,,
FJ639694,1I_E,10684,23,10706,dengue virus type 1,,I,100,E,100,Could not assign,,,
FJ639693,1I_G,10684,23,10706,dengue virus type 1,,I,100,G,100,,,,
FJ639690,1I_E,10690,23,10712,dengue virus type 1,,I,100,E,100,Could not assign,,,
FJ639688,1I_E,10690,23,10712,dengue virus type 1,,I,100,E,99,Could not assign,,,
FJ639685,1I_E,10690,23,10712,dengue virus type 1,,I,100,E,100,Could not assign,,,
FJ639684,1I_G,10676,37,10712,dengue virus type 1,,I,100,G,100,,,,
FJ639683,1I_E,10674,38,10712,dengue virus type 1,,I,100,E,100,Could not assign,,,
FJ639680,1I_K,10690,23,10712,dengue virus type 1,,I,100,K,100,Could not assign,,,
FJ639678,1I_D,10690,23,10712,dengue virus type 1,,I,100,D,100,,,,
FJ639674,1I_G,10673,40,10712,dengue virus type 1,,I,100,G,100,,,,
FJ639672,1I_K,10682,30,10712,dengue virus type 1,,I,100,K,100,Could not assign,,,
FJ639670,1I_K,10693,23,10712,dengue virus type 1,,I,100,K,100,Could not assign,,,
FJ639669,1I_K,10690,23,10712,dengue virus type 1,,I,100,K,100,Could not assign,,,
FJ461341,1I_E,10690,23,10712,dengue virus type 1,,I,100,E,100,Could not assign,,,
FJ461339,1I_G,10690,23,10712,dengue virus type 1,,I,100,G,100,,,,
FJ461335,1I_C,10690,23,10712,dengue virus type 1,,I,100,C,100,,,,
FJ461333,1I_E,10690,23,10712,dengue virus type 1,,I,100,E,100,Could not assign,,,
FJ461332,1I_K,10690,23,10712,dengue virus type 1,,I,100,K,100,Could not assign,,,
FJ461331,1I_K,10690,23,10712,dengue virus type 1,,I,100,K,100,Could not assign,,,
FJ461330,1I_E,10635,23,10657,dengue virus type 1,,I,100,E,100,Related to but not part of 1,,,
FJ461327,1I_E,10676,37,10712,dengue virus type 1,,I,100,E,100,Could not assign,,,
FJ461323,1I_K,10676,37,10712,dengue virus type 1,,I,100,K,100,Could not assign,,,
FJ461319,1I_E,10690,23,10712,dengue virus type 1,,I,100,E,100,Could not assign,,,
FJ461318,1I_D,10690,23,10712,dengue virus type 1,,I,100,D,100,,,,
FJ461317,1I_K,10690,23,10712,dengue virus type 1,,I,100,K,100,Could not assign,,,
FJ461315,1I_E,10690,23,10712,dengue virus type 1,,I,100,E,100,Related to but not part of 1,,,
FJ461310,1I_E,10676,37,10712,dengue virus type 1,,I,100,E,100,Could not assign,,,
FJ461308,1I_G,10674,38,10712,dengue virus type 1,,I,100,G,100,,,,
FJ461307,1I_H.2,10689,24,10712,dengue virus type 1,,I,100,H,100,2,100,,
FJ432749,1I_C,10690,23,10712,dengue virus type 1,,I,100,C,100,,,,
FJ432748,1I_E,10675,32,10706,dengue virus type 1,,I,100,E,100,Could not assign,,,
FJ432744,1I_G,10690,23,10712,dengue virus type 1,,I,100,G,100,,,,
FJ432740,1I_E,10682,31,10712,dengue virus type 1,,I,100,E,100,Could not assign,,,
FJ432737,1I_E,10690,23,10712,dengue virus type 1,,I,100,E,100,Could not assign,,,
FJ432736,1I_K,10690,23,10712,dengue virus type 1,,I,100,K,100,Could not assign,,,
FJ432735,1I_G,10690,23,10712,dengue virus type 1,,I,100,G,100,,,,
FJ432734,1I_K,10689,23,10712,dengue virus type 1,,I,100,K,100,Could not assign,,,
FJ432730,1I_G,10688,23,10710,dengue virus type 1,,I,100,G,100,,,,
FJ432729,1I_C,10689,23,10712,dengue virus type 1,,I,100,C,100,,,,
FJ432727,1I_E,10688,23,10710,dengue virus type 1,,I,100,E,100,Could not assign,,,
FJ432725,1I_E,10676,23,10697,dengue virus type 1,,I,100,E,100,Could not assign,,,
FJ639824,1V_F,10691,23,10712,dengue virus type 1,,V,100,F,100,,,,
FJ639820,1V_F,10650,23,10672,dengue virus type 1,,V,100,F,100,,,,
FJ639819,1V_E,10684,23,10706,dengue virus type 1,,V,100,E,100,,,,
FJ639815,1V_E,10673,23,10695,dengue virus type 1,,V,100,E,100,,,,
FJ639811,1V_E,10684,23,10706,dengue virus type 1,,V,100,E,100,,,,
FJ639796,1V_F,10676,23,10697,dengue virus type 1,,V,100,F,100,,,,
MW315195,1I_E.2,10734,2,10735,dengue virus type 1,,I,100,E,100,2,100,,
MW315194,1I_E.2,10745,1,10735,dengue virus type 1,,I,100,E,100,2,79,,
MW315191,1I_E.2,10735,1,10735,dengue virus type 1,,I,100,E,100,2,73,,
MW315189,1I_E.2,10735,1,10735,dengue virus type 1,,I,100,E,100,2,68,,
MW315188,1I_E.2,10735,1,10735,dengue virus type 1,,I,100,E,100,2,100,,
MW315185,1I_E.2,10735,1,10735,dengue virus type 1,,I,100,E,100,2,100,,
MW315183,1I_E.2,10735,1,10735,dengue virus type 1,,I,100,E,100,2,90,,
MW315182,1I_E.2,10734,2,10735,dengue virus type 1,,I,100,E,100,2,100,,
MW315181,1I_E.2,10745,1,10735,dengue virus type 1,,I,100,E,100,2,68,,
MW315178,1I_E.2,10734,2,10735,dengue virus type 1,,I,100,E,100,2,71,,
MW315177,1I_E.2,10735,1,10735,dengue virus type 1,,I,100,E,100,2,68,,
MW315176,1I_E.2,10735,1,10735,dengue virus type 1,,I,100,E,100,2,76,,
MW315175,1I_E.2,10741,1,10735,dengue virus type 1,,I,100,E,100,2,71,,
MW315172,1I_E,10735,1,10735,dengue virus type 1,,I,100,E,100,Could not assign,,,
FJ639741,1V,10690,23,10712,dengue virus type 1,,V,100,Could not assign,,,,,
FJ547088,1V_C,10690,23,10712,dengue virus type 1,,V,100,C,100,,,,
FJ562105,1V,10690,23,10712,dengue virus type 1,,V,100,Could not assign,,,,,
FJ547087,1V,10690,23,10712,dengue virus type 1,,V,100,Could not assign,,,,,
FJ478457,1V,10676,37,10712,dengue virus type 1,,V,100,Could not assign,,,,,
FJ432721,1V_C,10690,23,10712,dengue virus type 1,,V,100,C,100,,,,
FJ432720,1V_C,10690,23,10712,dengue virus type 1,,V,100,C,100,,,,
FJ410286,1I_H.2,10690,23,10712,dengue virus type 1,,I,100,H,100,2,100,,
FJ410284,1I_C,10690,23,10712,dengue virus type 1,,I,100,C,100,,,,
FJ410283,1I_E,10688,23,10710,dengue virus type 1,,I,100,E,100,Related to but not part of 1,,,
FJ410282,1I_E,10690,23,10712,dengue virus type 1,,I,100,E,100,Could not assign,,,
FJ410281,1I_G,10690,23,10712,dengue virus type 1,,I,100,G,100,,,,
FJ410280,1I_K,10690,23,10712,dengue virus type 1,,I,100,K,100,Could not assign,,,
FJ410278,1I_E,10690,23,10712,dengue virus type 1,,I,100,E,100,Could not assign,,,
FJ410277,1I_E,10690,23,10712,dengue virus type 1,,I,100,E,100,Could not assign,,,
FJ410275,1I_E,10721,23,10735,dengue virus type 1,,I,100,E,100,Could not assign,,,
FJ410273,1I_G,10690,23,10712,dengue virus type 1,,I,100,G,100,,,,
FJ410272,1I_E,10690,23,10712,dengue virus type 1,,I,100,E,100,Could not assign,,,
FJ410270,1I_E,10688,25,10712,dengue virus type 1,,I,100,E,100,Could not assign,,,
FJ410266,1I_C,10688,23,10710,dengue virus type 1,,I,100,C,100,,,,
FJ410264,1I_C,10685,28,10712,dengue virus type 1,,I,100,C,100,,,,
FJ410263,1I_E,10684,27,10710,dengue virus type 1,,I,100,E,100,Could not assign,,,
FJ410257,1I_K,10690,23,10712,dengue virus type 1,,I,100,K,100,Could not assign,,,
FJ410256,1I_G,10690,23,10712,dengue virus type 1,,I,100,G,100,,,,
FJ410254,1I_G,10690,23,10712,dengue virus type 1,,I,100,G,100,,,,
FJ410253,1I_G,10690,23,10712,dengue virus type 1,,I,100,G,100,,,,
FJ410251,1I_C,10690,23,10712,dengue virus type 1,,I,100,C,100,,,,
FJ410250,1I_K,10688,23,10710,dengue virus type 1,,I,100,K,100,Could not assign,,,
FJ410249,1I_G,10690,23,10712,dengue virus type 1,,I,100,G,100,,,,
FJ410248,1I_G,10690,23,10712,dengue virus type 1,,I,100,G,100,,,,
FJ410247,1I_E,10690,23,10712,dengue virus type 1,,I,100,E,100,Could not assign,,,
FJ410240,1I_G,10690,23,10712,dengue virus type 1,,I,100,G,100,,,,
FJ410239,1I_E,10690,23,10712,dengue virus type 1,,I,100,E,100,Related to but not part of 1,,,
FJ410238,1I_G,10690,23,10712,dengue virus type 1,,I,100,G,100,,,,
FJ410235,1I_G,10679,31,10712,dengue virus type 1,,I,100,G,100,,,,
FJ410232,1I_K,10679,33,10712,dengue virus type 1,,I,100,K,100,Could not assign,,,
FJ410231,1I_D,10671,38,10712,dengue virus type 1,,I,100,D,100,,,,
FJ410226,1I_G,10690,23,10712,dengue virus type 1,,I,100,G,100,,,,
FJ410225,1I_E,10674,38,10712,dengue virus type 1,,I,100,E,100,Could not assign,,,
FJ410218,1I_C,10676,37,10712,dengue virus type 1,,I,100,C,100,,,,
FJ410216,1I_G,10653,23,10676,dengue virus type 1,,I,100,G,100,,,,
FJ410214,1I_C,10672,38,10710,dengue virus type 1,,I,100,C,100,,,,
FJ410213,1I_C,10670,38,10710,dengue virus type 1,,I,100,C,100,,,,
FJ410210,1I_E,10672,38,10710,dengue virus type 1,,I,100,E,100,Could not assign,,,
FJ410206,1I_E,10694,11,10710,dengue virus type 1,,I,100,E,100,Could not assign,,,
FJ410205,1I_E,10676,34,10710,dengue virus type 1,,I,100,E,100,Related to but not part of 1,,,
FJ410203,1I_K,10686,25,10712,dengue virus type 1,,I,100,K,100,Could not assign,,,
FJ410197,1I_E,10683,26,10709,dengue virus type 1,,I,100,E,100,Could not assign,,,
FJ410196,1I_E,10689,22,10710,dengue virus type 1,,I,100,E,100,Could not assign,,,
FJ410190,1V,10684,23,10706,dengue virus type 1,,V,100,Could not assign,,,,,
FJ410188,1V,10690,23,10712,dengue virus type 1,,V,100,Could not assign,,,,,
FJ410187,1V,10690,23,10712,dengue virus type 1,,V,100,Could not assign,,,,,
FJ410186,1V,10690,23,10712,dengue virus type 1,,V,100,Could not assign,,,,,
FJ410185,1V,10690,23,10712,dengue virus type 1,,V,100,Could not assign,,,,,
FJ410184,1V,10744,23,10735,dengue virus type 1,,V,100,Could not assign,,,,,
FJ410183,1V,10690,23,10712,dengue virus type 1,,V,100,Could not assign,,,,,
FJ410181,1V,10671,36,10706,dengue virus type 1,,V,100,Could not assign,,,,,
FJ410175,1V,10690,23,10712,dengue virus type 1,,V,100,Could not assign,,,,,
FJ410174,1V,10690,23,10712,dengue virus type 1,,V,100,Could not assign,,,,,
FJ390388,1I_E,10690,23,10712,dengue virus type 1,,I,100,E,100,Related to but not part of 1,,,
FJ390382,1I_E,10690,23,10712,dengue virus type 1,,I,100,E,100,Could not assign,,,
FJ390381,1I_E,10690,23,10712,dengue virus type 1,,I,100,E,100,Related to but not part of 1,,,
FJ390380,1V,10690,23,10712,dengue virus type 1,,V,100,Could not assign,,,,,
FJ390374,1V,10690,23,10712,dengue virus type 1,,V,100,Could not assign,,,,,
EU726778,1I_E,10690,23,10712,dengue virus type 1,,I,100,E,100,Related to but not part of 1,,,
EU726777,1I_E,10690,23,10712,dengue virus type 1,,I,100,E,100,Related to but not part of 1,,,
EU280167,1I_H.1,10735,1,10735,dengue virus type 1,,I,100,H,100,1,100,,
EU687247,1I_G,10690,23,10712,dengue virus type 1,,I,100,G,100,,,,
EU677172,1I_E,10690,23,10712,dengue virus type 1,,I,100,E,100,Related to but not part of 1,,,
EU677165,1I_E,10690,23,10712,dengue virus type 1,,I,100,E,100,Related to but not part of 1,,,
EU677164,1I_G,10690,23,10712,dengue virus type 1,,I,100,G,100,,,,
EU677162,1I_G,10691,23,10712,dengue virus type 1,,I,100,G,100,,,,
EU677153,1I_E,10690,23,10712,dengue virus type 1,,I,100,E,100,Related to but not part of 1,,,
EU677152,1I_G,10690,23,10712,dengue virus type 1,,I,100,G,100,,,,
EU677151,1I_D,10690,23,10712,dengue virus type 1,,I,100,D,100,,,,
EU677139,1I_E,10690,23,10712,dengue virus type 1,,I,100,E,100,Related to but not part of 1,,,
EU660395,1I_D,10690,23,10712,dengue virus type 1,,I,100,D,100,,,,
EU660393,1I_E,10690,23,10712,dengue virus type 1,,I,100,E,100,Could not assign,,,
EU660418,1I_E,10690,23,10712,dengue virus type 1,,I,100,E,100,Related to but not part of 1,,,
EU482825,1I_C,10690,23,10712,dengue virus type 1,,I,100,C,100,,,,
EU482822,1I_C,10690,23,10712,dengue virus type 1,,I,100,C,100,,,,
EU482820,1I_G,10690,23,10712,dengue virus type 1,,I,100,G,100,,,,
EU482812,1I_E,10690,23,10712,dengue virus type 1,,I,100,E,100,Could not assign,,,
EU482806,1I_C,10690,23,10712,dengue virus type 1,,I,100,C,100,,,,
EU482800,1I_G,10690,23,10712,dengue virus type 1,,I,100,G,100,,,,
EU482794,1I_C,10689,23,10712,dengue virus type 1,,I,100,C,100,,,,
EU482793,1I_G,10690,23,10712,dengue virus type 1,,I,100,G,100,,,,
EU482790,1I_G,10690,23,10712,dengue virus type 1,,I,100,G,100,,,,
EU482789,1I_C,10690,23,10712,dengue virus type 1,,I,100,C,100,,,,
EU482718,1I_E,10690,23,10712,dengue virus type 1,,I,100,E,100,Related to but not part of 1,,,
EU482711,1I_E,10690,23,10712,dengue virus type 1,,I,100,E,100,Related to but not part of 1,,,
EU482710,1I_C,10690,23,10712,dengue virus type 1,,I,100,C,100,,,,
EU482618,1V_C,10690,23,10712,dengue virus type 1,,V,100,C,100,,,,
EU482617,1V_C,10690,23,10712,dengue virus type 1,,V,100,C,100,,,,
EU482609,1V_F,10690,23,10712,dengue virus type 1,,V,100,F,100,,,,
HQ891313,1I_H.1,10734,1,10735,dengue virus type 1,,I,100,H,100,1,100,,
EU482591,1V_E,10690,23,10712,dengue virus type 1,,V,100,E,100,,,,
HQ891314,1I_H.1,10735,1,10735,dengue virus type 1,,I,100,H,100,1,100,,
HQ891315,1I_H.1,10735,1,10735,dengue virus type 1,,I,100,H,100,1,100,,
EU482539,1I_E,10690,23,10712,dengue virus type 1,,I,100,E,100,Related to but not part of 1,,,
EU482538,1I_G,10690,23,10712,dengue virus type 1,,I,100,G,100,,,,
EU482537,1I_C,10690,23,10712,dengue virus type 1,,I,100,C,100,,,,
EU482536,1I_G,10690,23,10712,dengue virus type 1,,I,100,G,100,,,,
EU482535,1I_C,10690,23,10712,dengue virus type 1,,I,100,C,100,,,,
HQ891316,1I_H.1,10735,1,10735,dengue virus type 1,,I,100,H,100,1,100,,
EU482526,1I_C,10690,23,10712,dengue virus type 1,,I,100,C,100,,,,
EU482524,1I_E,10690,23,10712,dengue virus type 1,,I,100,E,100,Could not assign,,,
EU482522,1I_E,10690,23,10712,dengue virus type 1,,I,100,E,100,Could not assign,,,
EU482520,1I_E,10690,23,10712,dengue virus type 1,,I,100,E,100,Related to but not part of 1,,,
EU482519,1I_C,10690,23,10712,dengue virus type 1,,I,100,C,100,,,,
EU482511,1I_E,10690,23,10712,dengue virus type 1,,I,100,E,100,Related to but not part of 1,,,
EU482508,1I_E,10690,23,10712,dengue virus type 1,,I,100,E,100,Related to but not part of 1,,,
EU482504,1I_E,10690,23,10712,dengue virus type 1,,I,100,E,100,Related to but not part of 1,,,
EU482503,1I_E,10690,23,10712,dengue virus type 1,,I,100,E,100,Related to but not part of 1,,,
EU482499,1I_E,10690,23,10712,dengue virus type 1,,I,100,E,100,Could not assign,,,
EU482496,1I_E,10690,23,10712,dengue virus type 1,,I,100,E,100,Could not assign,,,
EU482495,1I_D,10690,23,10712,dengue virus type 1,,I,100,D,100,,,,
EU482494,1I_E,10684,23,10706,dengue virus type 1,,I,100,E,100,Related to but not part of 1,,,
EU482491,1I_G,10684,23,10706,dengue virus type 1,,I,100,G,100,,,,
EU482488,1I_G,10690,23,10712,dengue virus type 1,,I,100,G,100,,,,
EU482483,1I_E,10690,23,10712,dengue virus type 1,,I,100,E,100,Related to but not part of 1,,,
EU482480,1I_G,10690,23,10712,dengue virus type 1,,I,100,G,100,,,,
EU482478,1I_E,10690,23,10712,dengue virus type 1,,I,100,E,100,Could not assign,,,
EU249490,1I_G,10690,23,10712,dengue virus type 1,,I,100,G,100,,,,
MW945859,1I_A,10179,95,10273,dengue virus type 1,,I,100,A,100,,,,
AY835999,1I_H,10727,1,10727,dengue virus type 1,,I,100,H,100,Related to but not part of 2,,,
MW945860,1I_K.3,10179,95,10273,dengue virus type 1,,I,100,K,100,3,100,,
MW945858,1I,10179,95,10273,dengue virus type 1,,I,100,Could not assign,,,,,
MW945861,1I,10179,95,10273,dengue virus type 1,,I,100,Related to but not part of H,,,,,
MW945857,1I_H,10179,95,10273,dengue virus type 1,,I,100,H,100,Related to but not part of 1,,,
MW945856,1I_J,10179,95,10273,dengue virus type 1,,I,100,J,100,,,,
MW945855,1I_H,10179,95,10273,dengue virus type 1,,I,100,H,100,Related to but not part of 1,,,
MW945854,1I,10179,95,10273,dengue virus type 1,,I,100,Could not assign,,,,,
MW945853,1I,10179,95,10273,dengue virus type 1,,I,100,Could not assign,,,,,
MW945852,1I_E,10179,95,10273,dengue virus type 1,,I,100,E,100,Could not assign,,,
MW945851,1I_H,10179,95,10273,dengue virus type 1,,I,100,H,100,Related to but not part of 1,,,
MW945850,1I_B,10179,95,10273,dengue virus type 1,,I,100,B,100,,,,
MW945849,1I,10179,95,10273,dengue virus type 1,,I,100,Related to but not part of F,,,,,
MW945848,1I,10179,95,10273,dengue virus type 1,,I,100,Related to but not part of E,,,,,
MW945847,1I_G,10179,95,10273,dengue virus type 1,,I,100,G,100,,,,
MW945846,1I_H,10179,95,10273,dengue virus type 1,,I,100,H,100,Could not assign,,,
MW945845,1I_A,10179,95,10273,dengue virus type 1,,I,100,A,100,,,,
MW945844,1II,10179,95,10273,dengue virus type 1,,II,100,,,,,,
MW945843,1I_H.1,10179,95,10273,dengue virus type 1,,I,100,H,100,1,100,,
MW945842,1I,10179,95,10273,dengue virus type 1,,I,100,Could not assign,,,,,
MW945841,1I_B,10179,95,10273,dengue virus type 1,,I,100,B,100,,,,
MW945840,1I_B,10179,95,10273,dengue virus type 1,,I,100,B,100,,,,
MW945839,1I_K,10179,95,10273,dengue virus type 1,,I,100,K,55,Related to but not part of 3,,,
MW945838,1I_H,10179,95,10273,dengue virus type 1,,I,100,H,100,Could not assign,,,
MW945837,1I_H,10179,95,10273,dengue virus type 1,,I,100,H,100,Related to but not part of 2,,,
MW945836,1I,10179,95,10273,dengue virus type 1,,I,100,Could not assign,,,,,
MW945835,1I_A,10179,95,10273,dengue virus type 1,,I,100,A,100,,,,
MW945834,1I_A,10179,95,10273,dengue virus type 1,,I,100,A,100,,,,
MW945833,1I_J,10179,95,10273,dengue virus type 1,,I,100,J,100,,,,
MW945832,1I,10179,95,10273,dengue virus type 1,,I,100,Related to but not part of E,,,,,
MW945831,1I_H,10179,95,10273,dengue virus type 1,,I,100,H,100,Related to but not part of 2,,,
MW945830,1I,10179,95,10273,dengue virus type 1,,I,100,Related to but not part of G,,,,,
MW945829,1I_B,10179,95,10273,dengue virus type 1,,I,100,B,100,,,,
MW945828,1I_H,10179,95,10273,dengue virus type 1,,I,100,H,100,Related to but not part of 1,,,
MW945826,1I_A,10179,95,10273,dengue virus type 1,,I,100,A,100,,,,
MW945827,1I,10179,95,10273,dengue virus type 1,,I,100,Could not assign,,,,,
MW945825,1I_H,10179,95,10273,dengue virus type 1,,I,100,H,100,Could not assign,,,
MW945824,1I_K,10179,95,10273,dengue virus type 1,,I,100,K,63,Related to but not part of 3,,,
MW945823,1I_H,10179,95,10273,dengue virus type 1,,I,100,H,100,Related to but not part of 2,,,
MW945822,1I,10179,95,10273,dengue virus type 1,,I,100,Related to but not part of E,,,,,
MW945821,1I,10179,95,10273,dengue virus type 1,,I,100,Could not assign,,,,,
MW945820,1I_K,10179,95,10273,dengue virus type 1,,I,100,K,63,Related to but not part of 3,,,
MW945819,1I_K,10179,95,10273,dengue virus type 1,,I,100,K,66,Related to but not part of 3,,,
MW945818,1I,10179,95,10273,dengue virus type 1,,I,100,Could not assign,,,,,
MW945817,1I_H.1,10179,95,10273,dengue virus type 1,,I,100,H,100,1,100,,
MW945816,1I_K,10179,95,10273,dengue virus type 1,,I,100,K,59,Related to but not part of 3,,,
MW945815,1I_J,10179,95,10273,dengue virus type 1,,I,100,J,100,,,,
MW945814,1I_K,10179,95,10273,dengue virus type 1,,I,100,K,57,Related to but not part of 3,,,
MW945813,1I,10179,95,10273,dengue virus type 1,,I,100,Related to but not part of E,,,,,
MW945812,1I,10179,95,10273,dengue virus type 1,,I,100,Related to but not part of F,,,,,
MW945811,1I_J,10179,95,10273,dengue virus type 1,,I,100,J,100,,,,
MW945810,1I_H.1,10179,95,10273,dengue virus type 1,,I,100,H,100,1,100,,
MW945809,1I_H,10179,95,10273,dengue virus type 1,,I,100,H,100,Related to but not part of 1,,,
MW945808,1I,10179,95,10273,dengue virus type 1,,I,100,Related to but not part of F,,,,,
MW945807,1I_K,10179,95,10273,dengue virus type 1,,I,100,K,61,Related to but not part of 3,,,
MW945806,1I,10179,95,10273,dengue virus type 1,,I,100,Related to but not part of J,,,,,
MW945805,1I_H,10179,95,10273,dengue virus type 1,,I,100,H,100,Related to but not part of 2,,,
MW945804,1I_H.1,10179,95,10273,dengue virus type 1,,I,100,H,100,1,100,,
MW945803,1I_H,10179,95,10273,dengue virus type 1,,I,100,H,100,Related to but not part of 2,,,
MW945802,1I_K,10179,95,10273,dengue virus type 1,,I,100,K,100,Related to but not part of 3,,,
MW945801,1I_G,10179,95,10273,dengue virus type 1,,I,100,G,100,,,,
MW945800,1I_H,10179,95,10273,dengue virus type 1,,I,100,H,100,Related to but not part of 1,,,
MW945799,1I_E,10179,95,10273,dengue virus type 1,,I,100,E,100,Could not assign,,,
MW945798,1I_K,10179,95,10273,dengue virus type 1,,I,100,K,100,Could not assign,,,
MW945797,1I_K,10179,95,10273,dengue virus type 1,,I,100,K,65,Could not assign,,,
MW945796,1I,10179,95,10273,dengue virus type 1,,I,100,Related to but not part of E,,,,,
MW945795,1I,10179,95,10273,dengue virus type 1,,I,100,Related to but not part of E,,,,,
MW945794,1I,10179,95,10273,dengue virus type 1,,I,100,Could not assign,,,,,
MW945793,1I_B,10179,95,10273,dengue virus type 1,,I,100,B,100,,,,
MW945792,1I_H,10179,95,10273,dengue virus type 1,,I,100,H,100,Related to but not part of 1,,,
MW945791,1I_F,10179,95,10273,dengue virus type 1,,I,100,F,100,,,,
MW945790,1I,10179,95,10273,dengue virus type 1,,I,100,Related to but not part of F,,,,,
MW945789,1I_H,10179,95,10273,dengue virus type 1,,I,100,H,100,Related to but not part of 1,,,
MW945788,1I_J,10179,95,10273,dengue virus type 1,,I,100,J,100,,,,
MW945787,1I_H,10179,95,10273,dengue virus type 1,,I,100,H,100,Related to but not part of 2,,,
MW945786,1I_J,10179,95,10273,dengue virus type 1,,I,100,J,100,,,,
MW945785,1I_H.1,10179,95,10273,dengue virus type 1,,I,100,H,100,1,100,,
MW945784,1I_H.1,10179,95,10273,dengue virus type 1,,I,100,H,100,1,100,,
MW945783,1I,10179,95,10273,dengue virus type 1,,I,100,Could not assign,,,,,
MW945782,1I_J,10179,95,10273,dengue virus type 1,,I,100,J,100,,,,
MW945781,1I_B,10179,95,10273,dengue virus type 1,,I,100,B,100,,,,
MW945780,1I_H,10179,95,10273,dengue virus type 1,,I,100,H,100,Related to but not part of 2,,,
MW945779,1I_B,10179,95,10273,dengue virus type 1,,I,100,B,100,,,,
MW945778,1I_H,10179,95,10273,dengue virus type 1,,I,100,H,100,Related to but not part of 2,,,
MW945777,1I,10179,95,10273,dengue virus type 1,,I,100,Related to but not part of E,,,,,
MW945776,1I,10179,95,10273,dengue virus type 1,,I,100,Could not assign,,,,,
MW945775,1I_H.1,10179,95,10273,dengue virus type 1,,I,100,H,100,1,100,,
MW945774,1I_K,10179,95,10273,dengue virus type 1,,I,100,K,64,Could not assign,,,
MW945773,1I_A,10179,95,10273,dengue virus type 1,,I,100,A,100,,,,
MW945772,1I,10179,95,10273,dengue virus type 1,,I,100,Related to but not part of K,,,,,
MW945426,1V_E,10179,95,10273,dengue virus type 1,,V,100,E,100,,,,
MZ008448,1V_B,10732,4,10735,dengue virus type 1,,V,100,B,100,,,,
MW945425,1I_C,10179,95,10273,dengue virus type 1,,I,100,C,100,,,,
OK159970,1I_E.1,10179,95,10273,dengue virus type 1,,I,100,E,100,1,100,,
MW208044,1V_A,10179,95,10273,dengue virus type 1,,V,100,A,100,,,,
OK159964,1I_E.1,10179,95,10273,dengue virus type 1,,I,100,E,100,1,100,,
OK159954,1I_E.1,10179,95,10273,dengue virus type 1,,I,100,E,100,1,100,,
MT832052,1IV_B.2,10179,95,10273,dengue virus type 1,,IV,100,B,100,2,100,,
MT832051,1IV_B.2,10179,95,10273,dengue virus type 1,,IV,100,B,100,2,100,,
MT832050,1IV_B.2,10179,95,10273,dengue virus type 1,,IV,100,B,100,2,100,,
MT832049,1IV_B.2,10179,95,10273,dengue virus type 1,,IV,100,B,100,2,100,,
MT832048,1IV_B.1,10179,95,10273,dengue virus type 1,,IV,100,B,100,1,100,,
MT832047,1IV_B.1,10179,95,10273,dengue virus type 1,,IV,100,B,100,1,100,,
MT832046,1IV_B.2,10179,95,10273,dengue virus type 1,,IV,100,B,100,2,100,,
MT832045,1IV_B.2,10179,95,10273,dengue virus type 1,,IV,100,B,100,2,100,,
MT832044,1IV_B.1,10179,95,10273,dengue virus type 1,,IV,100,B,100,1,100,,
MT832043,1IV_B.1,10179,95,10273,dengue virus type 1,,IV,100,B,100,1,100,,
MT832042,1IV_B.1,10179,95,10273,dengue virus type 1,,IV,100,B,100,1,100,,
MT832041,1IV_B.1,10179,95,10273,dengue virus type 1,,IV,100,B,100,1,100,,
MT832040,1IV_B.2,10179,95,10273,dengue virus type 1,,IV,100,B,100,2,100,,
MT832039,1IV_B.2,10179,95,10273,dengue virus type 1,,IV,100,B,100,2,100,,
MT832038,1IV_B.2,10179,95,10273,dengue virus type 1,,IV,100,B,100,2,100,,
MT832037,1IV_B.2,10179,95,10273,dengue virus type 1,,IV,100,B,100,2,100,,
MT832036,1IV_B.1,10179,95,10273,dengue virus type 1,,IV,100,B,100,1,100,,
MT832035,1IV_B.1,10179,95,10273,dengue virus type 1,,IV,100,B,100,1,100,,
MT832033,1IV_B.2,10179,95,10273,dengue virus type 1,,IV,100,B,100,2,100,,
MT832032,1IV_B.1,10179,95,10273,dengue virus type 1,,IV,100,B,100,1,100,,
MW265672,1I_E,10230,63,10292,dengue virus type 1,,I,100,E,100,Could not assign,,,
MW265668,1I_E,10235,55,10289,dengue virus type 1,,I,100,E,100,Could not assign,,,
MW946254,1I_A,10179,95,10273,dengue virus type 1,,I,100,A,100,,,,
MW946253,1V,10179,95,10273,dengue virus type 1,,V,100,Could not assign,,,,,
MW946252,1I_K,10179,95,10273,dengue virus type 1,,I,100,K,100,Related to but not part of 1,,,
MW946251,1I,10179,95,10273,dengue virus type 1,,I,100,Related to but not part of F,,,,,
MW946250,1I_K,10179,95,10273,dengue virus type 1,,I,100,K,100,Related to but not part of 3,,,
MW946249,1I_J,10179,95,10273,dengue virus type 1,,I,100,J,100,,,,
MW946248,1I_H,10179,95,10273,dengue virus type 1,,I,100,H,100,Related to but not part of 2,,,
MW946247,1I,10179,95,10273,dengue virus type 1,,I,100,Related to but not part of E,,,,,
MW946246,1I_F,10179,95,10273,dengue virus type 1,,I,100,F,100,,,,
MW946245,1I_F,10179,95,10273,dengue virus type 1,,I,100,F,99,,,,
MW946244,1I_J,10179,95,10273,dengue virus type 1,,I,100,J,100,,,,
MW946243,1I_H,10179,95,10273,dengue virus type 1,,I,100,H,100,Related to but not part of 2,,,
MW946242,1I_H.1,10179,95,10273,dengue virus type 1,,I,100,H,100,1,100,,
MW946241,1I,10179,95,10273,dengue virus type 1,,I,100,Related to but not part of J,,,,,
MW946240,1I_E,10179,95,10273,dengue virus type 1,,I,100,E,100,Related to but not part of 1,,,
MW946239,1I_F,10179,95,10273,dengue virus type 1,,I,100,F,100,,,,
MW946238,1I_K.1,10179,95,10273,dengue virus type 1,,I,100,K,100,1,100,,
MW946237,1I_H,10179,95,10273,dengue virus type 1,,I,100,H,100,Related to but not part of 1,,,
MW946236,1I_H,10179,95,10273,dengue virus type 1,,I,100,H,100,Related to but not part of 2,,,
MW946235,1I_H,10179,95,10273,dengue virus type 1,,I,100,H,100,Related to but not part of 1,,,
MW946234,1I_H,10179,95,10273,dengue virus type 1,,I,100,H,100,Related to but not part of 2,,,
MW946233,1I_K,10179,95,10273,dengue virus type 1,,I,100,K,62,Related to but not part of 3,,,
MW946232,1I_H.1,10179,95,10273,dengue virus type 1,,I,100,H,100,1,100,,
MW946231,1I_H,10179,95,10273,dengue virus type 1,,I,100,H,100,Related to but not part of 1,,,
MW946230,1I_K,10179,95,10273,dengue virus type 1,,I,100,K,62,Could not assign,,,
MW946229,1I_H,10179,95,10273,dengue virus type 1,,I,100,H,100,Related to but not part of 2,,,
MW946228,1I_K,10179,95,10273,dengue virus type 1,,I,100,K,100,Related to but not part of 3,,,
MW946227,1I_H,10179,95,10273,dengue virus type 1,,I,100,H,100,Related to but not part of 1,,,
MW946226,1I,10179,95,10273,dengue virus type 1,,I,100,Could not assign,,,,,
MW946225,1I,10179,95,10273,dengue virus type 1,,I,100,Related to but not part of F,,,,,
MW946224,1I_A,10179,95,10273,dengue virus type 1,,I,100,A,100,,,,
MW946223,1I_H,10179,95,10273,dengue virus type 1,,I,100,H,100,Related to but not part of 2,,,
MW946222,1I_H.1,10179,95,10273,dengue virus type 1,,I,100,H,100,1,100,,
MW946221,1I_K,10179,95,10273,dengue virus type 1,,I,100,K,100,Could not assign,,,
MW946220,1I_A,10179,95,10273,dengue virus type 1,,I,100,A,100,,,,
MW946219,1I_J,10179,95,10273,dengue virus type 1,,I,100,J,100,,,,
MW946218,1I_H,10179,95,10273,dengue virus type 1,,I,100,H,100,Related to but not part of 2,,,
MW946217,1I_H.1,10179,95,10273,dengue virus type 1,,I,100,H,100,1,100,,
MW946216,1I_H,10179,95,10273,dengue virus type 1,,I,100,H,100,Related to but not part of 2,,,
MW946215,1I_F,10179,95,10273,dengue virus type 1,,I,100,F,100,,,,
MW946214,1I_F,10179,95,10273,dengue virus type 1,,I,100,F,99,,,,
MW946213,1I_H,10179,95,10273,dengue virus type 1,,I,100,H,100,Related to but not part of 1,,,
MW946212,1I_A,10179,95,10273,dengue virus type 1,,I,100,A,97,,,,
MW946211,1I_H,10179,95,10273,dengue virus type 1,,I,100,H,100,Related to but not part of 1,,,
MW946210,1I_A,10179,95,10273,dengue virus type 1,,I,100,A,100,,,,
MW946209,1I,10179,95,10273,dengue virus type 1,,I,100,Could not assign,,,,,
MW946208,1I_E,10179,95,10273,dengue virus type 1,,I,100,E,100,Could not assign,,,
MW946207,1I_G,10179,95,10273,dengue virus type 1,,I,100,G,100,,,,
MW946206,1I_F,10179,95,10273,dengue virus type 1,,I,100,F,100,,,,
MW946205,1I_K,10179,95,10273,dengue virus type 1,,I,100,K,60,Related to but not part of 3,,,
MW946204,1I_H,10179,95,10273,dengue virus type 1,,I,100,H,100,Related to but not part of 2,,,
MW946203,1I_A,10179,95,10273,dengue virus type 1,,I,100,A,100,,,,
MW946202,1I,10179,95,10273,dengue virus type 1,,I,100,Could not assign,,,,,
MW946201,1I_J,10179,95,10273,dengue virus type 1,,I,100,J,100,,,,
MW946200,1I_K,10179,95,10273,dengue virus type 1,,I,100,K,100,Related to but not part of 3,,,
MW946199,1I_H,10179,95,10273,dengue virus type 1,,I,100,H,100,Related to but not part of 2,,,
MW946198,1I_H,10179,95,10273,dengue virus type 1,,I,100,H,100,Related to but not part of 1,,,
MW946197,1I_H,10179,95,10273,dengue virus type 1,,I,100,H,100,Related to but not part of 1,,,
MW946196,1I,10179,95,10273,dengue virus type 1,,I,100,Related to but not part of H,,,,,
MW946195,1I_A,10179,95,10273,dengue virus type 1,,I,100,A,100,,,,
MW946194,1I_E,10179,95,10273,dengue virus type 1,,I,100,E,100,Could not assign,,,
MW946193,1I,10179,95,10273,dengue virus type 1,,I,100,Related to but not part of F,,,,,
MW946192,1I_F,10179,95,10273,dengue virus type 1,,I,100,F,100,,,,
MW946191,1I,10179,95,10273,dengue virus type 1,,I,100,Related to but not part of E,,,,,
MW946190,1I_A,10179,95,10273,dengue virus type 1,,I,100,A,100,,,,
MW946189,1I_K,10179,95,10273,dengue virus type 1,,I,100,K,57,Could not assign,,,
MW946188,1I_H,10179,95,10273,dengue virus type 1,,I,100,H,100,Related to but not part of 2,,,
MW946187,1I_H.1,10179,95,10273,dengue virus type 1,,I,100,H,100,1,100,,
MW946186,1I_H.1,10179,95,10273,dengue virus type 1,,I,100,H,100,1,100,,
MW946185,1I_K,10179,95,10273,dengue virus type 1,,I,100,K,100,Related to but not part of 3,,,
MW946184,1I_E,10179,95,10273,dengue virus type 1,,I,100,E,100,Could not assign,,,
MW946183,1I_H,10179,95,10273,dengue virus type 1,,I,100,H,100,Could not assign,,,
MW946182,1I_H,10179,95,10273,dengue virus type 1,,I,100,H,100,Related to but not part of 2,,,
MW946181,1I_H,10179,95,10273,dengue virus type 1,,I,100,H,100,Related to but not part of 1,,,
MW946180,1I_K,10179,95,10273,dengue virus type 1,,I,100,K,66,Related to but not part of 3,,,
MW946179,1I_K,10179,95,10273,dengue virus type 1,,I,100,K,65,Related to but not part of 3,,,
MW946178,1I_H,10179,95,10273,dengue virus type 1,,I,100,H,100,Could not assign,,,
MW946177,1I_A,10179,95,10273,dengue virus type 1,,I,100,A,100,,,,
MW946176,1I_H,10179,95,10273,dengue virus type 1,,I,100,H,100,Related to but not part of 2,,,
MW946175,1I_A,10179,95,10273,dengue virus type 1,,I,100,A,100,,,,
MW946174,1I_F,10179,95,10273,dengue virus type 1,,I,100,F,100,,,,
MW946173,1I_H,10179,95,10273,dengue virus type 1,,I,100,H,100,Related to but not part of 1,,,
MW946172,1I_H,10179,95,10273,dengue virus type 1,,I,100,H,100,Related to but not part of 1,,,
MW946171,1I_J,10179,95,10273,dengue virus type 1,,I,100,J,100,,,,
MW946170,1I_H,10179,95,10273,dengue virus type 1,,I,100,H,100,Related to but not part of 2,,,
MW946169,1I,10179,95,10273,dengue virus type 1,,I,100,Could not assign,,,,,
MW946168,1I_H,10179,95,10273,dengue virus type 1,,I,100,H,100,Related to but not part of 1,,,
MW946167,1I_A,10179,95,10273,dengue virus type 1,,I,100,A,98,,,,
MW946166,1I_E,10179,95,10273,dengue virus type 1,,I,100,E,100,Could not assign,,,
MW946165,1I,10179,95,10273,dengue virus type 1,,I,100,Related to but not part of E,,,,,
MW946164,1I_H,10179,95,10273,dengue virus type 1,,I,100,H,100,Related to but not part of 2,,,
MW946163,1I_F,10179,95,10273,dengue virus type 1,,I,100,F,100,,,,
MW946162,1I_H,10179,95,10273,dengue virus type 1,,I,100,H,100,Related to but not part of 2,,,
MW946161,1I_H,10179,95,10273,dengue virus type 1,,I,100,H,100,Related to but not part of 1,,,
MW946160,1I_A,10179,95,10273,dengue virus type 1,,I,100,A,100,,,,
MW946159,1I_G,10179,95,10273,dengue virus type 1,,I,100,G,100,,,,
MW946158,1I_G,10179,95,10273,dengue virus type 1,,I,100,G,100,,,,
MW946157,1I_H.1,10179,95,10273,dengue virus type 1,,I,100,H,100,1,100,,
MW946156,1I_H,10179,95,10273,dengue virus type 1,,I,100,H,100,Related to but not part of 2,,,
MW946155,1I_H.1,10179,95,10273,dengue virus type 1,,I,100,H,100,1,100,,
MW946154,1I,10179,95,10273,dengue virus type 1,,I,100,Related to but not part of E,,,,,
MW946153,1I_F,10179,95,10273,dengue virus type 1,,I,100,F,100,,,,
MW946152,1I_H,10179,95,10273,dengue virus type 1,,I,100,H,100,Related to but not part of 1,,,
MW946151,1I_F,10179,95,10273,dengue virus type 1,,I,100,F,100,,,,
MW946150,1I_H.1,10179,95,10273,dengue virus type 1,,I,100,H,100,1,100,,
MW946149,1I_H,10179,95,10273,dengue virus type 1,,I,100,H,100,Related to but not part of 1,,,
MW946148,1I,10179,95,10273,dengue virus type 1,,I,100,Related to but not part of F,,,,,
MW946147,1I_H,10179,95,10273,dengue virus type 1,,I,100,H,100,Related to but not part of 2,,,
MW946146,1I_A,10179,95,10273,dengue virus type 1,,I,100,A,100,,,,
MW946145,1I_K,10179,95,10273,dengue virus type 1,,I,100,K,98,Related to but not part of 3,,,
MW946144,1I_H,10179,95,10273,dengue virus type 1,,I,100,H,100,Related to but not part of 2,,,
MW946143,1I_H.1,10179,95,10273,dengue virus type 1,,I,100,H,100,1,100,,
MW946142,1I_H,10179,95,10273,dengue virus type 1,,I,100,H,100,Could not assign,,,
MW946141,1I_K,10179,95,10273,dengue virus type 1,,I,100,K,61,Could not assign,,,
MW946140,1I,10179,95,10273,dengue virus type 1,,I,100,Related to but not part of F,,,,,
MW946139,1I_H,10179,95,10273,dengue virus type 1,,I,100,H,100,Related to but not part of 1,,,
MW946138,1III,10179,95,10273,dengue virus type 1,,III,100,Could not assign,,,,,
MW946137,1I_H,10179,95,10273,dengue virus type 1,,I,100,H,100,Related to but not part of 1,,,
MW946136,1I_K,10179,95,10273,dengue virus type 1,,I,100,K,100,Related to but not part of 3,,,
MW946135,1I,10179,95,10273,dengue virus type 1,,I,100,Could not assign,,,,,
MW946134,1I,10179,95,10273,dengue virus type 1,,I,100,Related to but not part of H,,,,,
MW946133,1I_H.1,10179,95,10273,dengue virus type 1,,I,100,H,100,1,100,,
MW946132,1I_H,10179,95,10273,dengue virus type 1,,I,100,H,100,Related to but not part of 2,,,
MW946131,1I_G,10179,95,10273,dengue virus type 1,,I,100,G,100,,,,
MW946130,1I_K,10179,95,10273,dengue virus type 1,,I,100,K,60,Could not assign,,,
MW946129,1I_K,10179,95,10273,dengue virus type 1,,I,100,K,63,Related to but not part of 3,,,
MW946128,1I_K,10179,95,10273,dengue virus type 1,,I,100,K,100,Related to but not part of 3,,,
MW946127,1I_G,10179,95,10273,dengue virus type 1,,I,100,G,100,,,,
MW946126,1I_A,10179,95,10273,dengue virus type 1,,I,100,A,100,,,,
MW946125,1I_F,10179,95,10273,dengue virus type 1,,I,100,F,99,,,,
MW946124,1I_K,10179,95,10273,dengue virus type 1,,I,100,K,100,Related to but not part of 3,,,
MW946123,1I_A,10179,95,10273,dengue virus type 1,,I,100,A,98,,,,
MW946122,1I,10179,95,10273,dengue virus type 1,,I,100,Related to but not part of E,,,,,
MW946120,1I_B,10179,95,10273,dengue virus type 1,,I,100,B,100,,,,
MW946119,1I_A,10179,95,10273,dengue virus type 1,,I,100,A,100,,,,
MW946118,1I_K,10179,95,10273,dengue virus type 1,,I,100,K,63,Related to but not part of 3,,,
MW946117,1I_G,10179,95,10273,dengue virus type 1,,I,100,G,100,,,,
MW946116,1I_F,10179,95,10273,dengue virus type 1,,I,100,F,100,,,,
MW946115,1I,10179,95,10273,dengue virus type 1,,I,100,Could not assign,,,,,
MW946114,1I_H,10179,95,10273,dengue virus type 1,,I,100,H,100,Related to but not part of 1,,,
MW191722,1III_A,10578,137,10735,dengue virus type 1,,III,100,A,100,,,,
MW946113,1I_H,10179,95,10273,dengue virus type 1,,I,100,H,100,Related to but not part of 1,,,
MW946112,1I_H,10179,95,10273,dengue virus type 1,,I,100,H,100,Related to but not part of 1,,,
MW946111,1I,10179,95,10273,dengue virus type 1,,I,100,Related to but not part of K,,,,,
MW946110,1I_H,10179,95,10273,dengue virus type 1,,I,100,H,100,Could not assign,,,
MW946109,1I_H,10179,95,10273,dengue virus type 1,,I,100,H,100,Could not assign,,,
MW946108,1I_H,10179,95,10273,dengue virus type 1,,I,100,H,100,Related to but not part of 2,,,
MW946107,1I_K,10179,95,10273,dengue virus type 1,,I,100,K,62,Could not assign,,,
MW946106,1I_H,10179,95,10273,dengue virus type 1,,I,100,H,100,Related to but not part of 2,,,
MW946105,1I_H,10179,95,10273,dengue virus type 1,,I,100,H,100,Related to but not part of 2,,,
MW946104,1I_A,10179,95,10273,dengue virus type 1,,I,100,A,100,,,,
MW946103,1I,10179,95,10273,dengue virus type 1,,I,100,Related to but not part of G,,,,,
MW946102,1I,10179,95,10273,dengue virus type 1,,I,100,Could not assign,,,,,
MW946101,1I_B,10179,95,10273,dengue virus type 1,,I,100,B,100,,,,
MW946100,1I,10179,95,10273,dengue virus type 1,,I,100,Could not assign,,,,,
MW946099,1I_F,10179,95,10273,dengue virus type 1,,I,100,F,98,,,,
MW946098,1I_A,10179,95,10273,dengue virus type 1,,I,100,A,97,,,,
MW946097,1I_H,10179,95,10273,dengue virus type 1,,I,100,H,100,Related to but not part of 1,,,
MW946096,1I_H.1,10179,95,10273,dengue virus type 1,,I,100,H,100,1,100,,
MW946095,1I_H,10179,95,10273,dengue virus type 1,,I,100,H,100,Related to but not part of 2,,,
MW946094,1I_H.1,10179,95,10273,dengue virus type 1,,I,100,H,100,1,100,,
MW946093,1I_F,10179,95,10273,dengue virus type 1,,I,100,F,100,,,,
MW946092,1I_J,10179,95,10273,dengue virus type 1,,I,100,J,100,,,,
MW946091,1I,10179,95,10273,dengue virus type 1,,I,100,Related to but not part of F,,,,,
MW946090,1I,10179,95,10273,dengue virus type 1,,I,100,Could not assign,,,,,
LC646544,1I_E.1,10706,17,10722,dengue virus type 1,,I,100,E,100,1,100,,
MW946089,1I_H,10179,95,10273,dengue virus type 1,,I,100,H,100,Related to but not part of 2,,,
MW946088,1I_F,10179,95,10273,dengue virus type 1,,I,100,F,100,,,,
MW946087,1I_K,10179,95,10273,dengue virus type 1,,I,100,K,59,Related to but not part of 3,,,
MW946086,1I,10179,95,10273,dengue virus type 1,,I,100,Could not assign,,,,,
MW946085,1I,10179,95,10273,dengue virus type 1,,I,100,Could not assign,,,,,
MW946084,1I_H.1,10179,95,10273,dengue virus type 1,,I,100,H,100,1,100,,
MW946083,1I,10179,95,10273,dengue virus type 1,,I,100,Could not assign,,,,,
MW946082,1I_A,10179,95,10273,dengue virus type 1,,I,100,A,100,,,,
MW946081,1I_H,10179,95,10273,dengue virus type 1,,I,100,H,100,Related to but not part of 2,,,
MW946080,1I_H.1,10179,95,10273,dengue virus type 1,,I,100,H,100,1,100,,
MW946079,1III,10179,95,10273,dengue virus type 1,,III,100,Could not assign,,,,,
MW946078,1I_H.1,10179,95,10273,dengue virus type 1,,I,100,H,100,1,100,,
MW946077,1I_H.1,10179,95,10273,dengue virus type 1,,I,100,H,100,1,100,,
MW946076,1I_H,10179,95,10273,dengue virus type 1,,I,100,H,100,Related to but not part of 2,,,
MW946075,1I_F,10179,95,10273,dengue virus type 1,,I,100,F,100,,,,
MW946074,1I_K,10179,95,10273,dengue virus type 1,,I,100,K,100,Related to but not part of 3,,,
MW946073,1I,10179,95,10273,dengue virus type 1,,I,100,Related to but not part of E,,,,,
MW946072,1I_H,10179,95,10273,dengue virus type 1,,I,100,H,100,Related to but not part of 2,,,
MW946071,1I_A,10179,95,10273,dengue virus type 1,,I,100,A,98,,,,
MW946070,1I_H,10179,95,10273,dengue virus type 1,,I,100,H,100,Related to but not part of 2,,,
MW946069,1I,10179,95,10273,dengue virus type 1,,I,100,Related to but not part of K,,,,,
MW946068,1I_H,10179,95,10273,dengue virus type 1,,I,100,H,100,Related to but not part of 2,,,
MW946067,1I_H,10179,95,10273,dengue virus type 1,,I,100,H,100,Related to but not part of 2,,,
MW946066,1I_H,10179,95,10273,dengue virus type 1,,I,100,H,100,Related to but not part of 1,,,
MW946065,1I_B,10179,95,10273,dengue virus type 1,,I,100,B,100,,,,
MW946064,1I_H.1,10179,95,10273,dengue virus type 1,,I,100,H,100,1,100,,
MW946063,1I_H,10179,95,10273,dengue virus type 1,,I,100,H,100,Related to but not part of 1,,,
MW946062,1I_G,10179,95,10273,dengue virus type 1,,I,100,G,100,,,,
MW946061,1I,10179,95,10273,dengue virus type 1,,I,100,Related to but not part of F,,,,,
MW946060,1I_K,10179,95,10273,dengue virus type 1,,I,100,K,60,Could not assign,,,
MW946059,1I_F,10179,95,10273,dengue virus type 1,,I,100,F,100,,,,
MW946058,1V,10179,95,10273,dengue virus type 1,,V,100,Related to but not part of B,,,,,
MW946057,1I_H,10179,95,10273,dengue virus type 1,,I,100,H,100,Related to but not part of 1,,,
MW946056,1I_H,10179,95,10273,dengue virus type 1,,I,100,H,100,Related to but not part of 1,,,
MW946055,1I_F,10179,95,10273,dengue virus type 1,,I,100,F,100,,,,
MW946054,1I,10179,95,10273,dengue virus type 1,,I,100,Related to but not part of H,,,,,
MW946053,1V_E,10179,95,10273,dengue virus type 1,,V,100,E,100,,,,
MW946052,1I_B,10179,95,10273,dengue virus type 1,,I,100,B,100,,,,
MW946051,1I_H,10179,95,10273,dengue virus type 1,,I,100,H,100,Related to but not part of 1,,,
MW946050,1I_H.1,10179,95,10273,dengue virus type 1,,I,100,H,100,1,100,,
MW946049,1I_E,10179,95,10273,dengue virus type 1,,I,100,E,100,Could not assign,,,
MW946048,1I_A,10179,95,10273,dengue virus type 1,,I,100,A,98,,,,
MW946047,1I_H.1,10179,95,10273,dengue virus type 1,,I,100,H,100,1,100,,
MW946046,1I,10179,95,10273,dengue virus type 1,,I,100,Related to but not part of E,,,,,
MW946045,1I_A,10179,95,10273,dengue virus type 1,,I,100,A,100,,,,
MW946044,1I_K,10179,95,10273,dengue virus type 1,,I,100,K,63,Could not assign,,,
MW946043,1I_H.1,10179,95,10273,dengue virus type 1,,I,100,H,100,1,100,,
MW946042,1I_H,10179,95,10273,dengue virus type 1,,I,100,H,100,Related to but not part of 2,,,
MW946041,1I_K,10179,95,10273,dengue virus type 1,,I,100,K,66,Related to but not part of 3,,,
MW946040,1I_F,10179,95,10273,dengue virus type 1,,I,100,F,100,,,,
MW946039,1I_H,10179,95,10273,dengue virus type 1,,I,100,H,100,Related to but not part of 1,,,
MW946038,1I_B,10179,95,10273,dengue virus type 1,,I,100,B,100,,,,
MW946037,1I_H,10179,95,10273,dengue virus type 1,,I,100,H,100,Could not assign,,,
MW946036,1I_A,10179,95,10273,dengue virus type 1,,I,100,A,98,,,,
MW946035,1I,10179,95,10273,dengue virus type 1,,I,100,Related to but not part of E,,,,,
MW946034,1I_H,10179,95,10273,dengue virus type 1,,I,100,H,100,Related to but not part of 2,,,
MW946033,1I_H.1,10179,95,10273,dengue virus type 1,,I,100,H,100,1,100,,
MW946032,1I_A,10179,95,10273,dengue virus type 1,,I,100,A,100,,,,
MW946031,1I_H,10179,95,10273,dengue virus type 1,,I,100,H,100,Could not assign,,,
MW946030,1III,10179,95,10273,dengue virus type 1,,III,100,Could not assign,,,,,
MW946029,1I,10179,95,10273,dengue virus type 1,,I,100,Could not assign,,,,,
MW946028,1I_H,10179,95,10273,dengue virus type 1,,I,100,H,100,Related to but not part of 1,,,
MW946027,1I_A,10179,95,10273,dengue virus type 1,,I,100,A,100,,,,
MW946026,1I_J,10179,95,10273,dengue virus type 1,,I,100,J,100,,,,
MW946025,1I_H,10179,95,10273,dengue virus type 1,,I,100,H,100,Related to but not part of 1,,,
MW946024,1I,10179,95,10273,dengue virus type 1,,I,100,Related to but not part of K,,,,,
MW946023,1I_H,10179,95,10273,dengue virus type 1,,I,100,H,100,Related to but not part of 1,,,
MW946022,1I_H,10179,95,10273,dengue virus type 1,,I,100,H,100,Related to but not part of 1,,,
MW946021,1I,10179,95,10273,dengue virus type 1,,I,100,Could not assign,,,,,
MW946020,1I,10179,95,10273,dengue virus type 1,,I,100,Could not assign,,,,,
MW946019,1I_J,10179,95,10273,dengue virus type 1,,I,100,J,100,,,,
MW946018,1I_F,10179,95,10273,dengue virus type 1,,I,100,F,100,,,,
MW946017,1I_H,10179,95,10273,dengue virus type 1,,I,100,H,100,Related to but not part of 2,,,
MW946016,1I_A,10179,95,10273,dengue virus type 1,,I,100,A,100,,,,
MW946015,1I_H,10179,95,10273,dengue virus type 1,,I,100,H,100,Related to but not part of 2,,,
MW946014,1I_B,10179,95,10273,dengue virus type 1,,I,100,B,100,,,,
MW946013,1I,10179,95,10273,dengue virus type 1,,I,100,Could not assign,,,,,
MW946012,1I,10179,95,10273,dengue virus type 1,,I,100,Could not assign,,,,,
MW946011,1I,10179,95,10273,dengue virus type 1,,I,100,Related to but not part of F,,,,,
MW946010,1III,10179,95,10273,dengue virus type 1,,III,100,Could not assign,,,,,
MW946009,1I_H,10179,95,10273,dengue virus type 1,,I,100,H,100,Related to but not part of 2,,,
MW946008,1I_K,10179,95,10273,dengue virus type 1,,I,100,K,65,Related to but not part of 3,,,
MW946007,1I_B,10179,95,10273,dengue virus type 1,,I,100,B,100,,,,
MW946006,1I_H.1,10179,95,10273,dengue virus type 1,,I,100,H,100,1,100,,
MW946005,1I_H,10179,95,10273,dengue virus type 1,,I,100,H,100,Related to but not part of 1,,,
MW946004,1I_G,10179,95,10273,dengue virus type 1,,I,100,G,100,,,,
MW946003,1I_H,10179,95,10273,dengue virus type 1,,I,100,H,100,Related to but not part of 2,,,
MW946002,1I_H,10179,95,10273,dengue virus type 1,,I,100,H,100,Related to but not part of 2,,,
MW946001,1I_H,10179,95,10273,dengue virus type 1,,I,100,H,100,Related to but not part of 1,,,
MW946000,1I_H,10179,95,10273,dengue virus type 1,,I,100,H,100,Related to but not part of 1,,,
MW945999,1I_H,10179,95,10273,dengue virus type 1,,I,100,H,100,Related to but not part of 2,,,
MW945997,1I_H,10179,95,10273,dengue virus type 1,,I,100,H,100,Related to but not part of 1,,,
MW945998,1I_H.1,10179,95,10273,dengue virus type 1,,I,100,H,100,1,100,,
MW945996,1I_H,10179,95,10273,dengue virus type 1,,I,100,H,100,Related to but not part of 2,,,
MW945995,1I_K,10179,95,10273,dengue virus type 1,,I,100,K,57,Could not assign,,,
MW945994,1I_H.1,10179,95,10273,dengue virus type 1,,I,100,H,100,1,100,,
MW945993,1I,10179,95,10273,dengue virus type 1,,I,100,Could not assign,,,,,
MW945992,1I,10179,95,10273,dengue virus type 1,,I,100,Could not assign,,,,,
MW945991,1I_H.1,10179,95,10273,dengue virus type 1,,I,100,H,100,1,100,,
MW945990,1I,10179,95,10273,dengue virus type 1,,I,100,Could not assign,,,,,
MW945989,1I,10179,95,10273,dengue virus type 1,,I,100,Could not assign,,,,,
MW945988,1I_H,10179,95,10273,dengue virus type 1,,I,100,H,100,Related to but not part of 1,,,
MW945987,1I_A,10179,95,10273,dengue virus type 1,,I,100,A,96,,,,
MW945986,1I_G,10179,95,10273,dengue virus type 1,,I,100,G,100,,,,
MW945985,1I_H.1,10179,95,10273,dengue virus type 1,,I,100,H,100,1,100,,
MW945984,1I_F,10179,95,10273,dengue virus type 1,,I,100,F,100,,,,
MW945983,1I_H,10179,95,10273,dengue virus type 1,,I,100,H,100,Related to but not part of 1,,,
MW945982,1I_H.1,10179,95,10273,dengue virus type 1,,I,100,H,100,1,100,,
MW945981,1I_H,10179,95,10273,dengue virus type 1,,I,100,H,100,Related to but not part of 2,,,
MW945980,1I_F,10179,95,10273,dengue virus type 1,,I,100,F,100,,,,
MW945979,1I_G,10179,95,10273,dengue virus type 1,,I,100,G,100,,,,
MW945978,1I_H,10179,95,10273,dengue virus type 1,,I,100,H,100,Related to but not part of 1,,,
MW945977,1I_E,10179,95,10273,dengue virus type 1,,I,100,E,100,Could not assign,,,
MW945976,1I_B,10179,95,10273,dengue virus type 1,,I,100,B,100,,,,
MW945975,1I_K,10179,95,10273,dengue virus type 1,,I,100,K,100,Related to but not part of 3,,,
MW945974,1I_G,10179,95,10273,dengue virus type 1,,I,100,G,100,,,,
MW945973,1I_H,10179,95,10273,dengue virus type 1,,I,100,H,100,Could not assign,,,
MW945972,1I,10179,95,10273,dengue virus type 1,,I,100,Could not assign,,,,,
MW945971,1I,10179,95,10273,dengue virus type 1,,I,100,Related to but not part of E,,,,,
MW945970,1I_K,10179,95,10273,dengue virus type 1,,I,100,K,87,Related to but not part of 3,,,
MW945969,1I_K,10179,95,10273,dengue virus type 1,,I,100,K,100,Related to but not part of 3,,,
MW945968,1I_J,10179,95,10273,dengue virus type 1,,I,100,J,100,,,,
MW945967,1I,10179,95,10273,dengue virus type 1,,I,100,Related to but not part of F,,,,,
MW945966,1I_H,10179,95,10273,dengue virus type 1,,I,100,H,100,Related to but not part of 1,,,
MW945965,1I_H.1,10179,95,10273,dengue virus type 1,,I,100,H,100,1,100,,
MW945964,1I_K,10179,95,10273,dengue virus type 1,,I,100,K,64,Related to but not part of 3,,,
MW945963,1I_J,10179,95,10273,dengue virus type 1,,I,100,J,100,,,,
MW945962,1I_H,10179,95,10273,dengue virus type 1,,I,100,H,100,Related to but not part of 1,,,
MW945961,1I_B,10179,95,10273,dengue virus type 1,,I,100,B,100,,,,
MW945960,1I_K,10179,95,10273,dengue virus type 1,,I,100,K,100,Related to but not part of 3,,,
MW945959,1I_K,10179,95,10273,dengue virus type 1,,I,100,K,69,Related to but not part of 3,,,
MW945958,1I_H,10179,95,10273,dengue virus type 1,,I,100,H,100,Related to but not part of 1,,,
MW945957,1I_H,10179,95,10273,dengue virus type 1,,I,100,H,100,Related to but not part of 2,,,
MW945956,1I_K,10179,95,10273,dengue virus type 1,,I,100,K,100,Related to but not part of 3,,,
MW945955,1I_H,10179,95,10273,dengue virus type 1,,I,100,H,100,Related to but not part of 1,,,
MW945954,1I_H,10179,95,10273,dengue virus type 1,,I,100,H,100,Related to but not part of 1,,,
MW945953,1I_F,10179,95,10273,dengue virus type 1,,I,100,F,100,,,,
MW945952,1IV_B,10179,95,10273,dengue virus type 1,,IV,100,B,100,Could not assign,,,
MW945951,1I,10179,95,10273,dengue virus type 1,,I,100,Could not assign,,,,,
MW945950,1I,10179,95,10273,dengue virus type 1,,I,100,Could not assign,,,,,
MW945949,1I_H,10179,95,10273,dengue virus type 1,,I,100,H,100,Related to but not part of 1,,,
MW945948,1I_K,10179,95,10273,dengue virus type 1,,I,100,K,59,Could not assign,,,
MW945947,1I_K,10179,95,10273,dengue virus type 1,,I,100,K,100,Related to but not part of 3,,,
MW945946,1I_K.2,10179,95,10273,dengue virus type 1,,I,100,K,100,2,100,,
MW945945,1I_H.1,10179,95,10273,dengue virus type 1,,I,100,H,100,1,100,,
MW945944,1I_H,10179,95,10273,dengue virus type 1,,I,100,H,100,Related to but not part of 1,,,
MW945943,1I_H.1,10179,95,10273,dengue virus type 1,,I,100,H,100,1,100,,
MW945942,1I_H.1,10179,95,10273,dengue virus type 1,,I,100,H,100,1,100,,
MW945941,1I_H,10179,95,10273,dengue virus type 1,,I,100,H,100,Related to but not part of 2,,,
MW945940,1I,10179,95,10273,dengue virus type 1,,I,100,Related to but not part of F,,,,,
MW945939,1I_H,10179,95,10273,dengue virus type 1,,I,100,H,100,Related to but not part of 1,,,
MW945938,1I_H,10179,95,10273,dengue virus type 1,,I,100,H,100,Related to but not part of 2,,,
MW945937,1I_A,10179,95,10273,dengue virus type 1,,I,100,A,100,,,,
MW945936,1I_H,10179,95,10273,dengue virus type 1,,I,100,H,100,Related to but not part of 2,,,
MW945935,1I_H.1,10179,95,10273,dengue virus type 1,,I,100,H,100,1,100,,
MW945934,1I_A,10179,95,10273,dengue virus type 1,,I,100,A,100,,,,
MW945933,1I_K,10179,95,10273,dengue virus type 1,,I,100,K,62,Related to but not part of 3,,,
MW945932,1I_H,10179,95,10273,dengue virus type 1,,I,100,H,100,Related to but not part of 1,,,
MW945931,1I_K,10179,95,10273,dengue virus type 1,,I,100,K,61,Could not assign,,,
MW945930,1I_H,10179,95,10273,dengue virus type 1,,I,100,H,100,Related to but not part of 2,,,
MW945929,1I_H,10179,95,10273,dengue virus type 1,,I,100,H,100,Related to but not part of 1,,,
MW945928,1I_H,10179,95,10273,dengue virus type 1,,I,100,H,100,Related to but not part of 2,,,
MW945927,1I_H,10179,95,10273,dengue virus type 1,,I,100,H,100,Related to but not part of 2,,,
MW945926,1I_B,10179,95,10273,dengue virus type 1,,I,100,B,100,,,,
MW945925,1I_A,10179,95,10273,dengue virus type 1,,I,100,A,100,,,,
MW945923,1I_G,10179,95,10273,dengue virus type 1,,I,100,G,100,,,,
MW945924,1I_H,10179,95,10273,dengue virus type 1,,I,100,H,100,Related to but not part of 1,,,
MW945922,1I_H,10179,95,10273,dengue virus type 1,,I,100,H,100,Related to but not part of 1,,,
MW945921,1I,10179,95,10273,dengue virus type 1,,I,100,Related to but not part of F,,,,,
MW945919,1I_K,10179,95,10273,dengue virus type 1,,I,100,K,66,Related to but not part of 3,,,
MW945920,1I,10179,95,10273,dengue virus type 1,,I,100,Related to but not part of E,,,,,
MW945918,1I_H,10179,95,10273,dengue virus type 1,,I,100,H,100,Related to but not part of 2,,,
MW945917,1I_H,10179,95,10273,dengue virus type 1,,I,100,H,100,Related to but not part of 2,,,
MW945916,1I_H,10179,95,10273,dengue virus type 1,,I,100,H,100,Related to but not part of 1,,,
MW945915,1I_B,10179,95,10273,dengue virus type 1,,I,100,B,100,,,,
MW945914,1I,10179,95,10273,dengue virus type 1,,I,100,Could not assign,,,,,
MW945913,1I_H.1,10179,95,10273,dengue virus type 1,,I,100,H,100,1,100,,
MW945912,1I_F,10179,95,10273,dengue virus type 1,,I,100,F,100,,,,
MW945911,1I,10179,95,10273,dengue virus type 1,,I,100,Related to but not part of E,,,,,
MW945910,1I_K,10179,95,10273,dengue virus type 1,,I,100,K,57,Could not assign,,,
MW945909,1I_H.1,10179,95,10273,dengue virus type 1,,I,100,H,100,1,100,,
MW945908,1I_F,10179,95,10273,dengue virus type 1,,I,100,F,100,,,,
MW945907,1I_G,10179,95,10273,dengue virus type 1,,I,100,G,100,,,,
MW945905,1I_H,10179,95,10273,dengue virus type 1,,I,100,H,100,Related to but not part of 1,,,
MW945906,1I_A,10179,95,10273,dengue virus type 1,,I,100,A,100,,,,
MW945904,1I_H,10179,95,10273,dengue virus type 1,,I,100,H,100,Related to but not part of 2,,,
MW945903,1I_H.1,10179,95,10273,dengue virus type 1,,I,100,H,100,1,100,,
MW945902,1I_K,10179,95,10273,dengue virus type 1,,I,100,K,56,Could not assign,,,
MW945901,1I_A,10179,95,10273,dengue virus type 1,,I,100,A,99,,,,
MW945900,1I_A,10179,95,10273,dengue virus type 1,,I,100,A,100,,,,
MW945899,1I_H.1,10179,95,10273,dengue virus type 1,,I,100,H,100,1,100,,
MW945898,1I_H,10179,95,10273,dengue virus type 1,,I,100,H,100,Related to but not part of 2,,,
MW945897,1I,10179,95,10273,dengue virus type 1,,I,100,Could not assign,,,,,
MW945896,1I,10179,95,10273,dengue virus type 1,,I,100,Related to but not part of E,,,,,
MW945895,1I,10179,95,10273,dengue virus type 1,,I,100,Could not assign,,,,,
MW945894,1I_H,10179,95,10273,dengue virus type 1,,I,100,H,100,Related to but not part of 2,,,
MW945893,1I_A,10179,95,10273,dengue virus type 1,,I,100,A,100,,,,
MW945892,1I,10179,95,10273,dengue virus type 1,,I,100,Related to but not part of K,,,,,
MW945891,1I_A,10179,95,10273,dengue virus type 1,,I,100,A,100,,,,
MW945890,1I_F,10179,95,10273,dengue virus type 1,,I,100,F,99,,,,
MW945889,1I_F,10179,95,10273,dengue virus type 1,,I,100,F,100,,,,
MW945888,1I_H.1,10179,95,10273,dengue virus type 1,,I,100,H,100,1,100,,
MW945887,1I_K,10179,95,10273,dengue virus type 1,,I,100,K,56,Related to but not part of 3,,,
MW945886,1I_H,10179,95,10273,dengue virus type 1,,I,100,H,100,Related to but not part of 2,,,
MW945885,1I_K,10179,95,10273,dengue virus type 1,,I,100,K,63,Could not assign,,,
MW945884,1I_E,10179,95,10273,dengue virus type 1,,I,100,E,100,Could not assign,,,
MW945883,1I_H.1,10179,95,10273,dengue virus type 1,,I,100,H,100,1,100,,
MW945882,1I_J,10179,95,10273,dengue virus type 1,,I,100,J,100,,,,
MW945881,1I_G,10179,95,10273,dengue virus type 1,,I,100,G,100,,,,
MW945880,1I_H,10179,95,10273,dengue virus type 1,,I,100,H,100,Related to but not part of 1,,,
MW945879,1I_B,10179,95,10273,dengue virus type 1,,I,100,B,100,,,,
MW362474,1I_K,10735,1,10735,dengue virus type 1,,I,100,K,63,Related to but not part of 3,,,
MW945878,1I_B,10179,95,10273,dengue virus type 1,,I,100,B,100,,,,
MW945877,1I_F,10179,95,10273,dengue virus type 1,,I,100,F,100,,,,
MW362472,1I_K,10727,9,10735,dengue virus type 1,,I,100,K,61,Related to but not part of 3,,,
MW362471,1I_K,10735,1,10735,dengue virus type 1,,I,100,K,63,Related to but not part of 3,,,
MW945876,1I_H,10179,95,10273,dengue virus type 1,,I,100,H,100,Related to but not part of 2,,,
MW945875,1I,10179,95,10273,dengue virus type 1,,I,100,Related to but not part of E,,,,,
MW945874,1I,10179,95,10273,dengue virus type 1,,I,100,Related to but not part of K,,,,,
MW945873,1I_K,10179,95,10273,dengue virus type 1,,I,100,K,57,Could not assign,,,
MW945872,1I_H,10179,95,10273,dengue virus type 1,,I,100,H,100,Related to but not part of 2,,,
MW945871,1I_B,10179,95,10273,dengue virus type 1,,I,100,B,100,,,,
MW945870,1I,10179,95,10273,dengue virus type 1,,I,100,Related to but not part of F,,,,,
MW945869,1I_J,10179,95,10273,dengue virus type 1,,I,100,J,100,,,,
MW945868,1I,10179,95,10273,dengue virus type 1,,I,100,Related to but not part of E,,,,,
MW945867,1I_A,10179,95,10273,dengue virus type 1,,I,100,A,98,,,,
MW945866,1I_G,10179,95,10273,dengue virus type 1,,I,100,G,100,,,,
MW945865,1I_K,10179,95,10273,dengue virus type 1,,I,100,K,65,Could not assign,,,
MW945864,1I_H,10179,95,10273,dengue virus type 1,,I,100,H,100,Related to but not part of 2,,,
MW945863,1I_A,10179,95,10273,dengue virus type 1,,I,100,A,100,,,,
MW945862,1I_H,10179,95,10273,dengue virus type 1,,I,100,H,100,Related to but not part of 2,,,
MW582816,1I_E.1,10735,1,10735,dengue virus type 1,,I,100,E,100,1,100,,
MW582815,1I_E.1,10735,1,10735,dengue virus type 1,,I,100,E,100,1,100,,
MW582814,1IV,10735,1,10735,dengue virus type 1,,IV,100,Related to but not part of B,,,,,
MW582813,1IV,10735,1,10735,dengue virus type 1,,IV,100,Could not assign,,,,,
GQ199771,1I_E,10684,23,10706,dengue virus type 1,,I,100,E,100,Could not assign,,,
GQ199772,1I_K,10690,23,10712,dengue virus type 1,,I,100,K,100,Could not assign,,,
GQ199773,1I_G,10676,37,10712,dengue virus type 1,,I,100,G,100,,,,
GQ199774,1I_D,10684,23,10706,dengue virus type 1,,I,100,D,100,,,,
GQ199775,1I_D,10690,23,10712,dengue virus type 1,,I,100,D,100,,,,
GQ199776,1I_E,10676,37,10712,dengue virus type 1,,I,100,E,100,Could not assign,,,
GQ199777,1I_E,10690,23,10712,dengue virus type 1,,I,100,E,100,Could not assign,,,
GQ199778,1I_E,10690,23,10712,dengue virus type 1,,I,100,E,100,Could not assign,,,
GQ199779,1I_E,10690,23,10712,dengue virus type 1,,I,100,E,100,Could not assign,,,
GQ199780,1I_G,10690,23,10712,dengue virus type 1,,I,100,G,100,,,,
GQ199781,1I_C,10690,23,10712,dengue virus type 1,,I,100,C,100,,,,
GQ199782,1I_C,10690,23,10712,dengue virus type 1,,I,100,C,100,,,,
GQ199783,1I_C,10690,23,10712,dengue virus type 1,,I,100,C,100,,,,
GQ199784,1I_C,10689,23,10712,dengue virus type 1,,I,100,C,100,,,,
AF311956,1V,10735,1,10735,dengue virus type 1,,V,100,Could not assign,,,,,
GQ199785,1I_D,10690,23,10712,dengue virus type 1,,I,100,D,100,,,,
GQ199787,1I_C,10690,23,10712,dengue virus type 1,,I,100,C,100,,,,
AF311957,1V,10735,1,10735,dengue virus type 1,,V,100,Could not assign,,,,,
GQ199786,1I_E,10690,23,10712,dengue virus type 1,,I,100,E,100,Related to but not part of 1,,,
AF311958,1V,10735,1,10735,dengue virus type 1,,V,100,Could not assign,,,,,
GQ199788,1I_G,10690,23,10712,dengue virus type 1,,I,100,G,100,,,,
GQ199789,1I_G,10690,23,10712,dengue virus type 1,,I,100,G,100,,,,
GQ199790,1I_C,10689,23,10712,dengue virus type 1,,I,100,C,100,,,,
GQ199791,1I_C,10690,23,10712,dengue virus type 1,,I,100,C,100,,,,
GQ199792,1I_K,10685,23,10707,dengue virus type 1,,I,100,K,100,Could not assign,,,
GQ199793,1I_C,10684,23,10706,dengue virus type 1,,I,100,C,100,,,,
GQ199794,1I_E,10684,23,10706,dengue virus type 1,,I,100,E,100,Related to but not part of 1,,,
GQ199795,1I_E,10690,23,10712,dengue virus type 1,,I,100,E,100,Could not assign,,,
GQ199796,1I_E,10690,23,10712,dengue virus type 1,,I,100,E,100,Could not assign,,,
GQ199797,1I_G,10690,23,10712,dengue virus type 1,,I,100,G,100,,,,
GQ199798,1I_G,10690,23,10712,dengue virus type 1,,I,100,G,100,,,,
GQ199799,1I_G,10690,23,10712,dengue virus type 1,,I,100,G,100,,,,
GQ199800,1I_G,10690,23,10712,dengue virus type 1,,I,100,G,100,,,,
GQ199801,1I_G,10690,23,10712,dengue virus type 1,,I,100,G,100,,,,
MW208056,1V_E,10179,95,10273,dengue virus type 1,,V,100,E,100,,,,
GQ199802,1I_E,10690,23,10712,dengue virus type 1,,I,100,E,100,Could not assign,,,
GQ199803,1I_K,10690,23,10712,dengue virus type 1,,I,100,K,100,Could not assign,,,
GQ199804,1I_E,10679,33,10712,dengue virus type 1,,I,100,E,100,Could not assign,,,
GQ199805,1I_C,10689,23,10712,dengue virus type 1,,I,100,C,100,,,,
GQ199806,1I_G,10689,23,10712,dengue virus type 1,,I,100,G,100,,,,
GQ199807,1I_G,10690,23,10712,dengue virus type 1,,I,100,G,100,,,,
GQ199808,1I_G,10690,23,10712,dengue virus type 1,,I,100,G,100,,,,
GQ199809,1I_C,10690,23,10712,dengue virus type 1,,I,100,C,100,,,,
GQ199811,1I_G,10690,23,10712,dengue virus type 1,,I,100,G,100,,,,
GQ199810,1I_E,10690,23,10712,dengue virus type 1,,I,100,E,100,Could not assign,,,
GQ199812,1I_E,10690,23,10712,dengue virus type 1,,I,100,E,100,Could not assign,,,
GQ199813,1I_G,10690,23,10712,dengue virus type 1,,I,100,G,100,,,,
GQ199814,1I_G,10690,23,10712,dengue virus type 1,,I,100,G,100,,,,
GQ199815,1I_E,10690,23,10712,dengue virus type 1,,I,100,E,100,Could not assign,,,
GQ199816,1I_G,10690,23,10712,dengue virus type 1,,I,100,G,100,,,,
GQ199817,1I_G,10690,23,10712,dengue virus type 1,,I,100,G,100,,,,
MW386867,1I_H.1,10739,1,10735,dengue virus type 1,,I,100,H,100,1,100,,
MW386865,1I_E.1,10742,1,10735,dengue virus type 1,,I,100,E,100,1,100,,
OK159976,1I_E.1,10179,95,10273,dengue virus type 1,,I,100,E,100,1,100,,
GQ199818,1I_K,10690,23,10712,dengue virus type 1,,I,100,K,100,Could not assign,,,
OK159974,1I_E.1,10179,95,10273,dengue virus type 1,,I,100,E,100,1,100,,
GQ199819,1I_E,10690,23,10712,dengue virus type 1,,I,100,E,100,Could not assign,,,
GQ199820,1I_G,10690,23,10712,dengue virus type 1,,I,100,G,100,,,,
GQ199821,1I_G,10690,23,10712,dengue virus type 1,,I,100,G,100,,,,
GQ199822,1I_C,10690,23,10712,dengue virus type 1,,I,100,C,100,,,,
GQ199823,1I_E,10675,38,10712,dengue virus type 1,,I,100,E,100,Could not assign,,,
GQ199824,1I_G,10690,23,10712,dengue virus type 1,,I,100,G,100,,,,
GQ199825,1I_E,10690,23,10712,dengue virus type 1,,I,100,E,100,Could not assign,,,
GQ199826,1I_G,10690,23,10712,dengue virus type 1,,I,100,G,100,,,,
LC652828,1I_K,10735,1,10735,dengue virus type 1,,I,100,K,64,Related to but not part of 3,,,
LC652827,1I_K,10735,1,10735,dengue virus type 1,,I,100,K,63,Related to but not part of 3,,,
GQ199827,1I_E,10676,37,10712,dengue virus type 1,,I,100,E,100,Could not assign,,,
GQ199828,1I_K,10690,23,10712,dengue virus type 1,,I,100,K,100,Could not assign,,,
GQ199829,1I_E,10690,23,10712,dengue virus type 1,,I,100,E,100,Could not assign,,,
GQ199830,1I_C,10690,23,10712,dengue virus type 1,,I,100,C,100,,,,
GQ199831,1I_C,10690,23,10712,dengue virus type 1,,I,100,C,100,,,,
GQ199832,1I_C,10690,23,10712,dengue virus type 1,,I,100,C,100,,,,
OK534154,1I_K.1,10734,3,10735,dengue virus type 1,,I,100,K,100,1,100,,
OK562728,1I_K.1,10739,1,10735,dengue virus type 1,,I,100,K,100,1,100,,
GQ199833,1I,10690,23,10712,dengue virus type 1,,I,100,Related to but not part of C,,,,,
OK562744,1I_K.1,10731,6,10735,dengue virus type 1,,I,100,K,100,1,100,,
OK605753,1IV,10735,1,10735,dengue virus type 1,,IV,100,Related to but not part of C,,,,,
OK605754,1V,10735,1,10735,dengue virus type 1,,V,100,Could not assign,,,,,
OK605755,1I_F,10735,1,10735,dengue virus type 1,,I,100,F,100,,,,
OK605756,1V_E,10735,1,10735,dengue virus type 1,,V,100,E,100,,,,
GQ199834,1I,10677,37,10712,dengue virus type 1,,I,100,Related to but not part of C,,,,,
GQ199836,1I,10690,23,10712,dengue virus type 1,,I,100,Related to but not part of C,,,,,
GQ199835,1I_C,10690,23,10712,dengue virus type 1,,I,100,C,100,,,,
GQ199837,1I,10684,23,10706,dengue virus type 1,,I,100,Related to but not part of C,,,,,
GQ199838,1I,10690,23,10712,dengue virus type 1,,I,100,Related to but not part of C,,,,,
OL452067,1V,10705,1,10735,dengue virus type 1,,V,100,Could not assign,,,,,
GQ199839,1I_C,10690,23,10712,dengue virus type 1,,I,100,C,100,,,,
GQ199840,1I_G,10690,23,10712,dengue virus type 1,,I,100,G,100,,,,
MZ229305,1III_A,10714,1,10735,dengue virus type 1,,III,100,A,99,,,,
GQ199841,1I_G,10690,23,10712,dengue virus type 1,,I,100,G,100,,,,
MZ312923,1III_A,10713,1,10735,dengue virus type 1,,III,100,A,99,,,,
MZ312924,1III_A,10713,1,10735,dengue virus type 1,,III,100,A,99,,,,
MZ312926,1III_A,10713,1,10735,dengue virus type 1,,III,100,A,100,,,,
GQ199842,1I_G,10690,23,10712,dengue virus type 1,,I,100,G,100,,,,
MZ312927,1III_A,10713,1,10735,dengue virus type 1,,III,100,A,99,,,,
GQ199843,1I_D,10690,23,10712,dengue virus type 1,,I,100,D,100,,,,
GQ199844,1I_C,10690,23,10712,dengue virus type 1,,I,100,C,100,,,,
GQ199845,1I_G,10690,23,10712,dengue virus type 1,,I,100,G,100,,,,
GQ199846,1I_C,10690,23,10712,dengue virus type 1,,I,100,C,100,,,,
GQ199847,1I_G,10690,23,10712,dengue virus type 1,,I,100,G,100,,,,
GQ199848,1I_C,10690,23,10712,dengue virus type 1,,I,100,C,100,,,,
GQ199849,1I_C,10673,40,10712,dengue virus type 1,,I,100,C,100,,,,
GQ199850,1I_C,10689,23,10712,dengue virus type 1,,I,100,C,100,,,,
GQ199851,1I_G,10690,23,10712,dengue virus type 1,,I,100,G,100,,,,
GQ199852,1I_C,10689,23,10712,dengue virus type 1,,I,100,C,100,,,,
GQ199853,1I_G,10690,23,10712,dengue virus type 1,,I,100,G,100,,,,
GQ199854,1I_G,10690,23,10712,dengue virus type 1,,I,100,G,100,,,,
GQ199855,1I_E,10688,23,10710,dengue virus type 1,,I,100,E,100,Could not assign,,,
GQ199856,1I_G,10690,23,10712,dengue virus type 1,,I,100,G,100,,,,
ON109597,1III_A,10735,1,10735,dengue virus type 1,,III,100,A,100,,,,
GQ199857,1V_C,10690,23,10712,dengue virus type 1,,V,100,C,100,,,,
GQ199858,1V_C,10690,23,10712,dengue virus type 1,,V,100,C,100,,,,
GQ199859,1V_B,10690,23,10712,dengue virus type 1,,V,100,B,100,,,,
GQ199867,1V_C,10690,23,10712,dengue virus type 1,,V,100,C,100,,,,
ON123646,1III_A,10735,1,10735,dengue virus type 1,,III,100,A,100,,,,
ON123650,1III_A,10735,1,10735,dengue virus type 1,,III,100,A,99,,,,
ON123654,1III_A,10735,1,10735,dengue virus type 1,,III,100,A,99,,,,
GQ199872,1V_C,10690,23,10712,dengue virus type 1,,V,100,C,100,,,,
ON123656,1III_A,10735,1,10735,dengue virus type 1,,III,100,A,100,,,,
ON123657,1III_A,10735,1,10735,dengue virus type 1,,III,100,A,100,,,,
ON123661,1III_A,10735,1,10735,dengue virus type 1,,III,100,A,96,,,,
ON123664,1III_A,10735,1,10735,dengue virus type 1,,III,100,A,100,,,,
ON123666,1I_H.1,10735,1,10735,dengue virus type 1,,I,100,H,100,1,100,,
ON123667,1III_A,10735,1,10735,dengue virus type 1,,III,100,A,100,,,,
MW364630,1I_E,10732,4,10735,dengue virus type 1,,I,100,E,100,Could not assign,,,
MW364631,1I_E,10732,4,10735,dengue virus type 1,,I,100,E,100,Could not assign,,,
KC759167,1I_E,10735,1,10735,dengue virus type 1,,I,100,E,100,Could not assign,,,
GQ199873,1V_C,10690,23,10712,dengue virus type 1,,V,100,C,100,,,,
GQ199875,1V_C,10690,23,10712,dengue virus type 1,,V,100,C,100,,,,
GQ199877,1V_E,10690,23,10712,dengue virus type 1,,V,100,E,100,,,,
KC762620,1IV_C,10735,1,10735,dengue virus type 1,,IV,100,C,100,,,,
ON398847,2V,10723,1,10723,dengue virus type 2,,V,100,Could not assign,,,,,
ON799266,1III_A,10735,1,10735,dengue virus type 1,,III,100,A,100,,,,
KC762621,1I_K,10735,1,10735,dengue virus type 1,,I,100,K,86,Could not assign,,,
KF289072,1III_A,10669,1,10690,dengue virus type 1,,III,100,A,96,,,,
KF289073,1V,10690,1,10690,dengue virus type 1,,V,100,Could not assign,,,,,
LC707382,1VI_B,10670,1,10670,dengue virus type 1,,VI,100,B,100,,,,
KC762622,1I_K,10735,1,10735,dengue virus type 1,,I,100,K,100,Could not assign,,,
KC762623,1I_K,10735,1,10735,dengue virus type 1,,I,100,K,74,Could not assign,,,
OP315654,1I_E.1,10735,1,10735,dengue virus type 1,,I,100,E,100,1,100,,
KC762624,1I_K,10735,1,10735,dengue virus type 1,,I,100,K,84,Could not assign,,,
ON103302,3III_A,10707,1,10707,dengue virus type 3,,III,100,A,100,Related to but not part of 1,,,
ON103390,3III_A,10707,1,10707,dengue virus type 3,,III,100,A,100,Related to but not part of 1,,,
ON111445,3III_A,10707,1,10707,dengue virus type 3,,III,100,A,100,Related to but not part of 1,,,
ON115021,3III_A,10707,1,10707,dengue virus type 3,,III,100,A,100,Related to but not part of 1,,,
ON115023,3III_A,10707,1,10707,dengue virus type 3,,III,100,A,100,Related to but not part of 1,,,
ON115025,3III_A,10707,1,10707,dengue virus type 3,,III,100,A,100,Related to but not part of 1,,,
ON115029,3III_A,10707,1,10707,dengue virus type 3,,III,100,A,100,Related to but not part of 1,,,
ON115182,3III_A,10707,1,10707,dengue virus type 3,,III,100,A,100,Related to but not part of 1,,,
ON115811,3III_A,10707,1,10707,dengue virus type 3,,III,100,A,100,Related to but not part of 1,,,
ON115814,3III_A,10707,1,10707,dengue virus type 3,,III,100,A,100,Related to but not part of 1,,,
ON115816,3III_A,10707,1,10707,dengue virus type 3,,III,100,A,100,Related to but not part of 1,,,
ON115818,3III_A,10707,1,10707,dengue virus type 3,,III,100,A,100,Related to but not part of 1,,,
ON116129,3III_A,10707,1,10707,dengue virus type 3,,III,100,A,100,Related to but not part of 1,,,
ON127418,3III_A,10707,1,10707,dengue virus type 3,,III,100,A,100,Related to but not part of 1,,,
ON127533,3III_A,10707,1,10707,dengue virus type 3,,III,100,A,100,Related to but not part of 1,,,
ON127537,3III_A,10707,1,10707,dengue virus type 3,,III,100,A,100,Related to but not part of 1,,,
ON127550,3III_A,10707,1,10707,dengue virus type 3,,III,100,A,100,Related to but not part of 1,,,
ON127552,3III_A,10707,1,10707,dengue virus type 3,,III,100,A,100,Related to but not part of 1,,,
OM281570,1I_E.1,10735,1,10735,dengue virus type 1,,I,100,E,100,1,100,,
OM281569,1I_E.1,10735,1,10735,dengue virus type 1,,I,100,E,100,1,100,,
OM281589,1IV_B.2,10735,1,10735,dengue virus type 1,,IV,100,B,100,2,100,,
OM281585,1I_K.1,10735,1,10735,dengue virus type 1,,I,100,K,100,1,100,,
OM281584,1I_E.1,10735,1,10735,dengue virus type 1,,I,100,E,100,1,100,,
OM281586,1I_E.1,10735,1,10735,dengue virus type 1,,I,100,E,100,1,100,,
OM281588,1I_K.1,10735,1,10735,dengue virus type 1,,I,100,K,100,1,100,,
OM281573,1I_K.2,10734,1,10735,dengue virus type 1,,I,100,K,100,2,100,,
OM281583,1I_E.1,10735,1,10735,dengue virus type 1,,I,100,E,100,1,100,,
OM281587,1I_K.1,10735,1,10735,dengue virus type 1,,I,100,K,100,1,100,,
OM281574,1I_E.1,10735,1,10735,dengue virus type 1,,I,100,E,100,1,100,,
OM281594,1I_E.1,10735,1,10735,dengue virus type 1,,I,100,E,100,1,100,,
OM281576,1I_E.1,10735,1,10735,dengue virus type 1,,I,100,E,100,1,100,,
OM281591,1I_E.1,10735,1,10735,dengue virus type 1,,I,100,E,100,1,100,,
OM281572,1I_K.1,10735,1,10735,dengue virus type 1,,I,100,K,100,1,100,,
OM281592,1I_E.1,10735,1,10735,dengue virus type 1,,I,100,E,100,1,100,,
OM281590,1I_K,10735,1,10735,dengue virus type 1,,I,100,K,100,Related to but not part of 1,,,
OM281593,1I_K.1,10735,1,10735,dengue virus type 1,,I,100,K,100,1,100,,
OM281571,1I_K.2,10734,1,10735,dengue virus type 1,,I,100,K,100,2,100,,
OM281578,1I_E.1,10735,1,10735,dengue virus type 1,,I,100,E,100,1,100,,
OM281577,1I_E.1,10735,1,10735,dengue virus type 1,,I,100,E,100,1,100,,
OM281575,1I_E.1,10735,1,10735,dengue virus type 1,,I,100,E,100,1,100,,
OM281582,1I_E.1,10735,1,10735,dengue virus type 1,,I,100,E,100,1,100,,
OM281579,1I_E.1,10735,1,10735,dengue virus type 1,,I,100,E,100,1,100,,
OM281580,1I_E.1,10735,1,10735,dengue virus type 1,,I,100,E,100,1,100,,
OM281581,1I_E.1,10735,1,10735,dengue virus type 1,,I,100,E,100,1,100,,
OM281595,1I_E.1,10735,1,10735,dengue virus type 1,,I,100,E,100,1,100,,
OM281597,1IV_B.1,10736,1,10735,dengue virus type 1,,IV,100,B,100,1,100,,
OM281599,1IV_B.1,10736,1,10735,dengue virus type 1,,IV,100,B,100,1,100,,
OM281596,1I_K,10735,1,10735,dengue virus type 1,,I,100,K,100,Related to but not part of 1,,,
OM281598,1I_K.1,10735,1,10735,dengue virus type 1,,I,100,K,100,1,100,,
KC762626,1I_K,10735,1,10735,dengue virus type 1,,I,100,K,81,Could not assign,,,
KC762627,1I_K,10735,1,10735,dengue virus type 1,,I,100,K,72,Could not assign,,,
KC762625,1I_K,10735,1,10735,dengue virus type 1,,I,100,K,80,Could not assign,,,
OM250394,1I_K,10735,1,10735,dengue virus type 1,,I,100,K,100,Related to but not part of 1,,,
OQ652963,1I_K,10735,1,10735,dengue virus type 1,,I,100,K,100,Related to but not part of 1,,,
OQ683856,1I_K,10733,3,10735,dengue virus type 1,,I,100,K,100,Related to but not part of 1,,,
KC762628,1IV_B,10735,1,10735,dengue virus type 1,,IV,100,B,100,Could not assign,,,
KC762629,1I_K,10735,1,10735,dengue virus type 1,,I,100,K,100,Could not assign,,,
JF459993,1I_J,10735,1,10735,dengue virus type 1,,I,100,J,100,,,,
KC762631,1I_K,10735,1,10735,dengue virus type 1,,I,100,K,86,Could not assign,,,
KC762630,1IV_C,10735,1,10735,dengue virus type 1,,IV,100,C,100,,,,
KC762632,1I_K,10735,1,10735,dengue virus type 1,,I,100,K,100,Could not assign,,,
KC762633,1I_K,10735,1,10735,dengue virus type 1,,I,100,K,100,Could not assign,,,
KC762634,1I_K,10735,1,10735,dengue virus type 1,,I,100,K,100,Could not assign,,,
OQ603260,1V_D.1,10735,1,10735,dengue virus type 1,,V,100,D,100,1,100,,
OQ603265,1V_D,10712,24,10735,dengue virus type 1,,V,100,D,100,Related to but not part of 1,,,
OQ603263,1V_D.1,10710,26,10735,dengue virus type 1,,V,100,D,100,1,100,,
OQ603262,1V_D.1,10735,1,10735,dengue virus type 1,,V,100,D,100,1,100,,
OQ603261,1V_D.2,10735,1,10735,dengue virus type 1,,V,100,D,100,2,100,,
OQ832612,1I_E,10735,1,10735,dengue virus type 1,,I,100,E,100,Could not assign,,,
OQ832609,1I_E,10735,1,10735,dengue virus type 1,,I,100,E,100,Could not assign,,,
OQ832613,1I_E,10735,1,10735,dengue virus type 1,,I,100,E,100,Could not assign,,,
OQ832610,1I_E,10735,1,10735,dengue virus type 1,,I,100,E,100,Could not assign,,,
KC762635,1I_K,10735,1,10735,dengue virus type 1,,I,100,K,75,Could not assign,,,
KC762636,1I_K,10735,1,10735,dengue virus type 1,,I,100,K,84,Could not assign,,,
KC762637,1I_K,10735,1,10735,dengue virus type 1,,I,100,K,80,Could not assign,,,
KC762638,1I_K,10735,1,10735,dengue virus type 1,,I,100,K,100,Could not assign,,,
KC762639,1I_K,10735,1,10735,dengue virus type 1,,I,100,K,84,Could not assign,,,
KC762640,1IV_B,10735,1,10735,dengue virus type 1,,IV,100,B,100,Could not assign,,,
OR418422,1I_K.1,10734,1,10735,dengue virus type 1,,I,100,K,100,1,100,,
KC762641,1I_K,10735,1,10735,dengue virus type 1,,I,100,K,100,Could not assign,,,
KC762642,1I_K,10735,1,10735,dengue virus type 1,,I,100,K,71,Could not assign,,,
GQ357692,1III_A,10685,1,10707,dengue virus type 1,,III,100,A,51,,,,
KC762643,1I_K,10735,1,10735,dengue virus type 1,,I,100,K,100,Could not assign,,,
KC762644,1I_K,10735,1,10735,dengue virus type 1,,I,100,K,100,Could not assign,,,
KC762645,1I_K,10735,1,10735,dengue virus type 1,,I,100,K,81,Could not assign,,,
KC762646,1I_K,10735,1,10735,dengue virus type 1,,I,100,K,83,Could not assign,,,
KC762647,1I_K,10735,1,10735,dengue virus type 1,,I,100,K,100,Could not assign,,,
KC762648,1I_K,10735,1,10735,dengue virus type 1,,I,100,K,100,Could not assign,,,
KC762649,1I_K,10735,1,10735,dengue virus type 1,,I,100,K,100,Could not assign,,,
KC762650,1I_K,10735,1,10735,dengue virus type 1,,I,100,K,100,Could not assign,,,
KC762651,1IV_C,10735,1,10735,dengue virus type 1,,IV,100,C,100,,,,
KC762652,1I_K,10735,1,10735,dengue virus type 1,,I,100,K,100,Could not assign,,,
KC762653,1IV_B,10735,1,10735,dengue virus type 1,,IV,100,B,100,Could not assign,,,
KC762654,1I_K,10735,1,10735,dengue virus type 1,,I,100,K,77,Could not assign,,,
KU094071,dengue virus type 1,10736,1,10735,dengue virus type 1,,Related to but not part of I,,,,,,,
PP540290,1I_K.1,10734,1,10735,dengue virus type 1,,I,100,K,101,1,100,,
PP563826,1I_K.1,10734,1,10735,dengue virus type 1,,I,100,K,100,1,100,,
PP563875,1I_K.1,10734,1,10735,dengue virus type 1,,I,100,K,100,1,100,,
PP564823,1III_A,10712,1,10735,dengue virus type 1,,III,100,A,98,,,,
MG560265,1I_K.3,10604,55,10658,dengue virus type 1,,I,100,K,100,3,100,,
MG560266,1I_K.3,10583,76,10658,dengue virus type 1,,I,100,K,100,3,100,,
MG560267,1III_A,10583,55,10658,dengue virus type 1,,III,100,A,100,,,,
MG560268,1III_A,10583,55,10658,dengue virus type 1,,III,100,A,100,,,,
MG560269,1III_A,10583,55,10658,dengue virus type 1,,III,100,A,100,,,,
MG679800,1I_H.1,10735,1,10734,dengue virus type 1,,I,100,H,100,1,100,,
MG679801,1I_H.1,10735,1,10734,dengue virus type 1,,I,100,H,100,1,100,,
GQ398255,1I_K,10735,1,10735,dengue virus type 1,,I,100,K,70,Could not assign,,,
MG721060,1III_A,10709,1,10735,dengue virus type 1,,III,100,A,100,,,,
MG721063,1III_B,10701,1,10735,dengue virus type 1,,III,100,B,100,,,,
JF937596,1I_C,10444,17,10460,dengue virus type 1,,I,100,C,100,,,,
JF937597,1I_K,10379,81,10459,dengue virus type 1,,I,100,K,100,Could not assign,,,
JF937598,1I_D,10705,17,10735,dengue virus type 1,,I,100,D,100,,,,
JF937599,1I_G,10713,69,10735,dengue virus type 1,,I,100,G,100,,,,
JF937600,1I_E,10444,17,10460,dengue virus type 1,,I,100,E,100,Could not assign,,,
JF937601,1I_E,10390,69,10458,dengue virus type 1,,I,100,E,100,Could not assign,,,
JF937602,1I_G,10444,17,10460,dengue virus type 1,,I,100,G,100,,,,
JF937603,1I_G,10383,79,10461,dengue virus type 1,,I,100,G,100,,,,
JF937604,1I_E,10443,17,10460,dengue virus type 1,,I,100,E,100,Could not assign,,,
JF937605,1I_E,10443,18,10460,dengue virus type 1,,I,100,E,100,Could not assign,,,
JF937606,1I_E,10444,17,10460,dengue virus type 1,,I,100,E,100,Related to but not part of 1,,,
JF937607,1I_E,10444,17,10460,dengue virus type 1,,I,100,E,100,Related to but not part of 1,,,
JF937608,1I_E,10443,17,10459,dengue virus type 1,,I,100,E,100,Could not assign,,,
JF937609,1I_E,10444,17,10460,dengue virus type 1,,I,100,E,100,Could not assign,,,
JF937610,1I_E,10444,17,10460,dengue virus type 1,,I,100,E,100,Related to but not part of 1,,,
JF937611,1I_E,10444,17,10460,dengue virus type 1,,I,100,E,100,Related to but not part of 1,,,
JF937612,1I_E,10587,17,10620,dengue virus type 1,,I,100,E,100,Could not assign,,,
JF937613,1I_C,10386,75,10460,dengue virus type 1,,I,100,C,100,,,,
JF937614,1I_E,10444,17,10460,dengue virus type 1,,I,100,E,100,Related to but not part of 1,,,
JF937615,1I_G,10448,17,10460,dengue virus type 1,,I,100,G,100,,,,
JF937616,1I_C,10431,31,10460,dengue virus type 1,,I,100,C,100,,,,
JF937617,1I_E,10454,17,10470,dengue virus type 1,,I,100,E,100,Could not assign,,,
JF937618,1I_E,10444,17,10460,dengue virus type 1,,I,100,E,100,Could not assign,,,
JF937619,1I_H.2,10444,17,10460,dengue virus type 1,,I,100,H,100,2,100,,
JF937635,1V_B,10465,1,10460,dengue virus type 1,,V,100,B,100,,,,
JF937644,1V_C,10443,17,10459,dengue virus type 1,,V,100,C,100,,,,
JF937645,1V_C,10443,17,10459,dengue virus type 1,,V,100,C,100,,,,
JF937649,1I_D,10443,18,10460,dengue virus type 1,,I,100,D,100,,,,
JF937650,1I_K,10454,17,10469,dengue virus type 1,,I,100,K,100,Could not assign,,,
JF937651,1I_E,10727,17,10735,dengue virus type 1,,I,100,E,100,Could not assign,,,
JF960211,1III_A,10714,1,10735,dengue virus type 1,,III,100,A,100,,,,
GQ868498,1V_C,10684,23,10706,dengue virus type 1,,V,100,C,100,,,,
GQ868499,1V_C,10684,23,10706,dengue virus type 1,,V,100,C,100,,,,
GQ868500,1V_C,10684,23,10706,dengue virus type 1,,V,100,C,100,,,,
GQ868501,1V_C,10684,23,10706,dengue virus type 1,,V,100,C,100,,,,
GQ868502,1V_C,10689,23,10712,dengue virus type 1,,V,100,C,100,,,,
GQ868503,1V_C,10676,38,10712,dengue virus type 1,,V,100,C,100,,,,
GQ868504,1V_C,10684,23,10706,dengue virus type 1,,V,100,C,100,,,,
GQ868505,1V_C,10690,23,10712,dengue virus type 1,,V,100,C,100,,,,
GQ868506,1V_C,10684,23,10706,dengue virus type 1,,V,100,C,100,,,,
GQ868507,1V_C,10659,23,10681,dengue virus type 1,,V,100,C,100,,,,
GQ868509,1V_C,10684,23,10706,dengue virus type 1,,V,100,C,100,,,,
GQ868508,1V_C,10684,23,10706,dengue virus type 1,,V,100,C,100,,,,
GQ868510,1V_C,10684,23,10706,dengue virus type 1,,V,100,C,100,,,,
GQ868511,1V_C,10680,27,10706,dengue virus type 1,,V,100,C,100,,,,
GQ868512,1V_C,10674,32,10706,dengue virus type 1,,V,100,C,100,,,,
GQ868513,1V_C,10684,23,10706,dengue virus type 1,,V,100,C,100,,,,
GQ868514,1V_C,10684,23,10706,dengue virus type 1,,V,100,C,100,,,,
GQ868517,1V_C,10690,23,10712,dengue virus type 1,,V,100,C,100,,,,
GQ868518,1V_C,10684,23,10706,dengue virus type 1,,V,100,C,100,,,,
GQ868519,1V_C,10684,23,10706,dengue virus type 1,,V,100,C,100,,,,
GQ868520,1V_C,10690,23,10712,dengue virus type 1,,V,100,C,100,,,,
GQ868521,1V_C,10690,23,10712,dengue virus type 1,,V,100,C,100,,,,
GQ868522,1V_C,10675,23,10697,dengue virus type 1,,V,100,C,100,,,,
GQ868523,1V_C,10675,23,10697,dengue virus type 1,,V,100,C,100,,,,
GQ868524,1V_C,10690,23,10712,dengue virus type 1,,V,100,C,100,,,,
GQ868525,1V_C,10684,23,10706,dengue virus type 1,,V,100,C,100,,,,
GQ868526,1V_C,10675,23,10697,dengue virus type 1,,V,100,C,100,,,,
GQ868527,1V_C,10683,23,10706,dengue virus type 1,,V,100,C,100,,,,
GQ868528,1V_C,10688,23,10710,dengue virus type 1,,V,100,C,100,,,,
GQ868529,1V_C,10684,23,10706,dengue virus type 1,,V,100,C,100,,,,
GQ868531,1V_C,10683,23,10706,dengue virus type 1,,V,100,C,100,,,,
GQ868530,1V_C,10662,23,10684,dengue virus type 1,,V,100,C,100,,,,
GQ868533,1V_C,10690,23,10712,dengue virus type 1,,V,100,C,100,,,,
GQ868534,1V_C,10684,23,10706,dengue virus type 1,,V,100,C,100,,,,
GQ868535,1V_C,10690,23,10712,dengue virus type 1,,V,100,C,100,,,,
GQ868532,1V_C,10681,23,10706,dengue virus type 1,,V,100,C,100,,,,
GQ868559,1V,10690,23,10712,dengue virus type 1,,V,100,Could not assign,,,,,
GQ868562,1V_F,10674,32,10706,dengue virus type 1,,V,100,F,100,,,,
GQ868560,1V,10690,23,10712,dengue virus type 1,,V,100,Could not assign,,,,,
GQ868561,1V,10673,33,10706,dengue virus type 1,,V,100,Could not assign,,,,,
GQ868564,1V_G,10690,23,10712,dengue virus type 1,,V,100,G,100,,,,
GQ868563,1V_G,10661,37,10697,dengue virus type 1,,V,100,G,100,,,,
GQ868565,1V_G,10690,23,10712,dengue virus type 1,,V,100,G,100,,,,
GQ868566,1V_G,10675,23,10697,dengue virus type 1,,V,100,G,100,,,,
GQ868567,1V_G,10690,23,10712,dengue virus type 1,,V,100,G,100,,,,
GQ868568,1V_G,10690,23,10712,dengue virus type 1,,V,100,G,100,,,,
GQ868569,1V_G,10675,23,10697,dengue virus type 1,,V,100,G,100,,,,
GQ868570,1V_D.1,10674,23,10696,dengue virus type 1,,V,100,D,100,1,100,,
GQ868601,1V_A,10690,23,10712,dengue virus type 1,,V,100,A,100,,,,
GQ868602,1IV_B,10677,35,10712,dengue virus type 1,,IV,100,B,100,Could not assign,,,
GQ868605,1I_C,10690,23,10712,dengue virus type 1,,I,100,C,100,,,,
GQ868606,1I_G,10690,23,10712,dengue virus type 1,,I,100,G,100,,,,
GQ868607,1I_C,10690,23,10712,dengue virus type 1,,I,100,C,100,,,,
GQ868608,1I_G,10690,23,10712,dengue virus type 1,,I,100,G,100,,,,
GQ868610,1I_C,10690,23,10712,dengue virus type 1,,I,100,C,100,,,,
GQ868609,1I_C,10690,23,10712,dengue virus type 1,,I,100,C,100,,,,
GQ868612,1I_K,10690,23,10712,dengue virus type 1,,I,100,K,100,Could not assign,,,
GQ868611,1I_E,10690,23,10712,dengue virus type 1,,I,100,E,100,Related to but not part of 1,,,
GQ868613,1I_G,10679,33,10712,dengue virus type 1,,I,100,G,100,,,,
GQ868614,1I_C,10684,23,10708,dengue virus type 1,,I,100,C,100,,,,
GQ868615,1I_E,10684,23,10706,dengue virus type 1,,I,100,E,100,Could not assign,,,
GQ868618,1I_G,10684,23,10706,dengue virus type 1,,I,100,G,100,,,,
GQ868619,1I_K,10690,23,10712,dengue virus type 1,,I,100,K,100,Could not assign,,,
GQ868630,1I_G,10673,25,10697,dengue virus type 1,,I,100,G,100,,,,
GQ868632,1I_E,10688,23,10710,dengue virus type 1,,I,100,E,100,Could not assign,,,
GQ868633,1I_E,10691,23,10712,dengue virus type 1,,I,100,E,100,Could not assign,,,
GQ868635,1I_E,10690,23,10712,dengue virus type 1,,I,100,E,100,Could not assign,,,
GQ868636,1I_C,10690,23,10712,dengue virus type 1,,I,100,C,100,,,,
GQ868637,1I_D,10684,23,10706,dengue virus type 1,,I,100,D,100,,,,
GQ868639,1I_G,10690,23,10712,dengue virus type 1,,I,100,G,100,,,,
GU056029,1V_E,10517,23,10539,dengue virus type 1,,V,100,E,100,,,,
GU056031,1V_E,10475,34,10508,dengue virus type 1,,V,100,E,100,,,,
GU056030,1V_E,10486,23,10508,dengue virus type 1,,V,100,E,100,,,,
GU056032,1V_C,10600,33,10633,dengue virus type 1,,V,100,C,100,,,,
GU056033,1V,10471,37,10508,dengue virus type 1,,V,100,Could not assign,,,,,
DQ285558,1IV_A,10689,16,10721,dengue virus type 1,,IV,100,A,100,,,,
DQ285559,1V_A,10717,16,10732,dengue virus type 1,,V,100,A,100,,,,
DQ285560,1IV_A,10696,9,10721,dengue virus type 1,,IV,100,A,100,,,,
DQ285561,1IV_A,10662,14,10691,dengue virus type 1,,IV,100,A,100,,,,
DQ285562,1III,10721,2,10722,dengue virus type 1,,III,100,Could not assign,,,,,
GU131678,1I_H.2,10454,37,10490,dengue virus type 1,,I,100,H,100,2,100,,
GU131679,1I_G,10468,37,10504,dengue virus type 1,,I,100,G,100,,,,
GU131680,1I_H.2,10462,38,10499,dengue virus type 1,,I,100,H,100,2,100,,
GU131681,1I_C,10462,37,10498,dengue virus type 1,,I,100,C,100,,,,
GU131682,1I_E,10486,23,10508,dengue virus type 1,,I,100,E,100,Could not assign,,,
GU131683,1I_E,10552,23,10576,dengue virus type 1,,I,100,E,100,Related to but not part of 1,,,
GU131684,1I_G,10457,52,10508,dengue virus type 1,,I,100,G,100,,,,
GU131685,1I_E,10469,38,10508,dengue virus type 1,,I,100,E,100,Related to but not part of 1,,,
GU131687,1I_G,10467,35,10504,dengue virus type 1,,I,100,G,100,,,,
GU131686,1I_G,10486,23,10508,dengue virus type 1,,I,100,G,100,,,,
GU131688,1I_G,10487,23,10508,dengue virus type 1,,I,100,G,100,,,,
GU131689,1I_G,10403,37,10440,dengue virus type 1,,I,100,G,100,,,,
GU131690,1I_E,10482,23,10504,dengue virus type 1,,I,100,E,100,Related to but not part of 1,,,
GU131691,1I_E,10464,44,10508,dengue virus type 1,,I,100,E,100,Could not assign,,,
GU131692,1I_G,10482,23,10504,dengue virus type 1,,I,100,G,100,,,,
GU131693,1I_E,10472,37,10508,dengue virus type 1,,I,100,E,100,Could not assign,,,
GU131694,1I_E,10468,37,10504,dengue virus type 1,,I,100,E,100,Could not assign,,,
GU131695,1I_E,10477,31,10508,dengue virus type 1,,I,100,E,100,Related to but not part of 1,,,
GU131696,1I_C,10469,36,10504,dengue virus type 1,,I,100,C,100,,,,
GU131697,1I_K,10453,56,10508,dengue virus type 1,,I,100,K,100,Could not assign,,,
GU131698,1I_G,10418,23,10440,dengue virus type 1,,I,100,G,100,,,,
GU131699,1I_E,10486,23,10508,dengue virus type 1,,I,100,E,100,Could not assign,,,
GU131700,1I_G,10418,23,10440,dengue virus type 1,,I,100,G,100,,,,
GU131701,1I_E,10404,37,10440,dengue virus type 1,,I,100,E,100,Related to but not part of 1,,,
GU131702,1I_E,10482,23,10504,dengue virus type 1,,I,100,E,100,Related to but not part of 1,,,
GU131703,1I_E,10467,37,10504,dengue virus type 1,,I,100,E,100,Could not assign,,,
GU131704,1I_E,10473,30,10504,dengue virus type 1,,I,100,E,100,Could not assign,,,
GU131705,1I_C,10408,31,10440,dengue virus type 1,,I,100,C,100,,,,
GU131706,1I_E,10467,29,10498,dengue virus type 1,,I,100,E,100,Related to but not part of 1,,,
GU131707,1I_E,10461,43,10504,dengue virus type 1,,I,100,E,100,Could not assign,,,
GU131708,1I_E,10472,33,10504,dengue virus type 1,,I,100,E,100,Could not assign,,,
GU131709,1I_H.2,10462,37,10498,dengue virus type 1,,I,100,H,100,2,100,,
GU131710,1I_E,10418,23,10440,dengue virus type 1,,I,100,E,100,Could not assign,,,
GU131711,1I_H.2,10454,44,10498,dengue virus type 1,,I,100,H,100,2,100,,
GU131712,1I_H.2,10465,31,10498,dengue virus type 1,,I,100,H,100,2,100,,
GU131713,1I_H.2,10462,37,10498,dengue virus type 1,,I,100,H,100,2,100,,
GU131715,1I_C,10473,35,10508,dengue virus type 1,,I,100,C,100,,,,
GU131714,1I_K,10457,41,10498,dengue virus type 1,,I,100,K,100,Could not assign,,,
GU131716,1I_E,10472,37,10508,dengue virus type 1,,I,100,E,100,Could not assign,,,
GU131717,1I_G,10470,38,10508,dengue virus type 1,,I,100,G,100,,,,
GU131719,1I_E,10462,47,10508,dengue virus type 1,,I,100,E,100,Could not assign,,,
GU131718,1I_C,10476,23,10498,dengue virus type 1,,I,100,C,100,,,,
GU131720,1I_C,10472,37,10508,dengue virus type 1,,I,100,C,100,,,,
GU131721,1I_E,10676,23,10697,dengue virus type 1,,I,100,E,100,Could not assign,,,
GU131722,1I_G,10486,23,10508,dengue virus type 1,,I,100,G,100,,,,
GU131723,1I_E,10472,37,10508,dengue virus type 1,,I,100,E,100,Related to but not part of 1,,,
GU131725,1I_K,10511,36,10546,dengue virus type 1,,I,100,K,100,Could not assign,,,
GU131724,1I_E,10475,34,10508,dengue virus type 1,,I,100,E,100,Could not assign,,,
GU131726,1I_C,10418,23,10440,dengue virus type 1,,I,100,C,100,,,,
GU131727,1I_C,10486,23,10508,dengue virus type 1,,I,100,C,100,,,,
GU131728,1I_E,10472,37,10508,dengue virus type 1,,I,100,E,100,Could not assign,,,
GU131729,1I_E,10466,43,10508,dengue virus type 1,,I,100,E,100,Could not assign,,,
GU131730,1I_G,10446,63,10508,dengue virus type 1,,I,100,G,100,,,,
GU131731,1I_C,10660,45,10706,dengue virus type 1,,I,100,C,100,,,,
GU131732,1I_E,10680,31,10712,dengue virus type 1,,I,100,E,100,Related to but not part of 1,,,
GU131733,1I_E,10486,23,10508,dengue virus type 1,,I,100,E,100,Related to but not part of 1,,,
GU131734,1I_G,10400,40,10440,dengue virus type 1,,I,100,G,100,,,,
GU131735,1I_E,10476,23,10498,dengue virus type 1,,I,100,E,100,Related to but not part of 1,,,
GU131736,1I_H.2,10472,37,10508,dengue virus type 1,,I,100,H,100,2,100,,
GU131737,1I_C,10472,37,10508,dengue virus type 1,,I,100,C,100,,,,
GU131738,1I_C,10486,23,10508,dengue virus type 1,,I,100,C,100,,,,
GU131739,1I_E,10684,23,10708,dengue virus type 1,,I,100,E,100,Related to but not part of 1,,,
GU131740,1I_G,10418,23,10440,dengue virus type 1,,I,100,G,100,,,,
GU131741,1I_G,10396,45,10440,dengue virus type 1,,I,100,G,100,,,,
GU131742,1I_E,10460,49,10508,dengue virus type 1,,I,100,E,100,Related to but not part of 1,,,
GU131743,1I_E,10468,37,10504,dengue virus type 1,,I,100,E,100,Could not assign,,,
GU131744,1I_G,10480,55,10534,dengue virus type 1,,I,100,G,100,,,,
GU131745,1I_E,10482,23,10504,dengue virus type 1,,I,100,E,100,Related to but not part of 1,,,
GU131746,1I_E,10472,34,10508,dengue virus type 1,,I,100,E,100,Could not assign,,,
GU131747,1I_E,10486,23,10508,dengue virus type 1,,I,100,E,100,Related to but not part of 1,,,
GU131748,1I_E,10418,23,10440,dengue virus type 1,,I,100,E,100,Related to but not part of 1,,,
GU131749,1I_H.2,10486,23,10508,dengue virus type 1,,I,100,H,100,2,100,,
GU131750,1I_E,10675,23,10697,dengue virus type 1,,I,100,E,100,Related to but not part of 1,,,
GU131751,1I_G,10385,56,10440,dengue virus type 1,,I,100,G,100,,,,
GU131752,1I_K,10470,37,10507,dengue virus type 1,,I,100,K,100,Could not assign,,,
GU131753,1I_C,10461,37,10498,dengue virus type 1,,I,100,C,100,,,,
GU131754,1I_G,10482,23,10504,dengue virus type 1,,I,100,G,100,,,,
GU131755,1I_E,10476,23,10498,dengue virus type 1,,I,100,E,100,Related to but not part of 1,,,
GU131756,1I_G,10474,35,10508,dengue virus type 1,,I,100,G,100,,,,
GU131757,1I_C,10471,38,10508,dengue virus type 1,,I,100,C,100,,,,
GU131758,1I_G,10486,23,10508,dengue virus type 1,,I,100,G,100,,,,
GU131759,1I_G,10676,23,10698,dengue virus type 1,,I,100,G,100,,,,
GU131760,1I_E,10474,34,10508,dengue virus type 1,,I,100,E,100,Could not assign,,,
GU131761,1I_E,10486,23,10508,dengue virus type 1,,I,100,E,100,Could not assign,,,
GU131762,1I_G,10409,32,10440,dengue virus type 1,,I,100,G,100,,,,
GU131763,1I_C,10474,33,10508,dengue virus type 1,,I,100,C,100,,,,
GU131764,1I_H.2,10471,35,10508,dengue virus type 1,,I,100,H,100,2,100,,
GU131765,1I_G,10485,23,10508,dengue virus type 1,,I,100,G,100,,,,
GU131766,1I_C,10486,23,10508,dengue virus type 1,,I,100,C,100,,,,
GU131767,1I_G,10472,37,10508,dengue virus type 1,,I,100,G,100,,,,
GU131768,1I_C,10479,37,10516,dengue virus type 1,,I,100,C,100,,,,
GU131770,1I_E,10481,28,10508,dengue virus type 1,,I,100,E,100,Related to but not part of 1,,,
GU131769,1I_C,10462,37,10498,dengue virus type 1,,I,100,C,100,,,,
GU131771,1I_E,10462,47,10508,dengue virus type 1,,I,100,E,100,Could not assign,,,
GU131772,1I_G,10464,33,10498,dengue virus type 1,,I,100,G,100,,,,
GU131773,1I_H.2,10418,23,10440,dengue virus type 1,,I,100,H,100,2,100,,
GU131774,1I_E,10468,40,10508,dengue virus type 1,,I,100,E,100,Could not assign,,,
GU131775,1I_C,10486,23,10508,dengue virus type 1,,I,100,C,100,,,,
GU131776,1I_E,10464,40,10504,dengue virus type 1,,I,100,E,100,Could not assign,,,
GU131777,1I_E,10478,31,10508,dengue virus type 1,,I,100,E,100,Could not assign,,,
GU131778,1I_G,10599,33,10632,dengue virus type 1,,I,100,G,100,,,,
GU131779,1I_E,10482,23,10504,dengue virus type 1,,I,100,E,100,Could not assign,,,
GU131780,1I_G,10475,32,10508,dengue virus type 1,,I,100,G,100,,,,
GU131781,1I_G,10468,37,10504,dengue virus type 1,,I,100,G,100,,,,
GU131782,1I_C,10670,37,10706,dengue virus type 1,,I,100,C,100,,,,
GU131783,1I_E,10482,23,10504,dengue virus type 1,,I,100,E,100,Related to but not part of 1,,,
GU131784,1I_G,10476,31,10508,dengue virus type 1,,I,100,G,100,,,,
GU131785,1I_E,10470,35,10504,dengue virus type 1,,I,100,E,100,Related to but not part of 1,,,
GU131786,1I_G,10472,31,10504,dengue virus type 1,,I,100,G,100,,,,
GU131787,1I_E,10467,37,10504,dengue virus type 1,,I,100,E,100,Related to but not part of 1,,,
GU131788,1I_E,10513,34,10547,dengue virus type 1,,I,100,E,100,Could not assign,,,
GU131789,1I_E,10482,23,10504,dengue virus type 1,,I,100,E,100,Could not assign,,,
GU131790,1I_E,10515,31,10548,dengue virus type 1,,I,100,E,100,Related to but not part of 1,,,
GU131791,1I_E,10486,23,10508,dengue virus type 1,,I,100,E,100,Could not assign,,,
GU131792,1I_C,10457,42,10498,dengue virus type 1,,I,100,C,100,,,,
GU131793,1I_E,10472,37,10508,dengue virus type 1,,I,100,E,100,Related to but not part of 1,,,
GU131794,1I_G,10472,35,10508,dengue virus type 1,,I,100,G,100,,,,
GU131795,1I_E,10404,37,10440,dengue virus type 1,,I,100,E,100,Related to but not part of 1,,,
GU131796,1I_G,10467,30,10498,dengue virus type 1,,I,100,G,100,,,,
GU131797,1I_E,10465,33,10498,dengue virus type 1,,I,100,E,100,Related to but not part of 1,,,
GU131798,1I_C,10471,37,10508,dengue virus type 1,,I,100,C,100,,,,
GU131799,1I_G,10404,37,10440,dengue virus type 1,,I,100,G,100,,,,
GU131800,1I_E,10477,30,10508,dengue virus type 1,,I,100,E,100,Could not assign,,,
GU131801,1I_H.2,10467,42,10508,dengue virus type 1,,I,100,H,100,2,100,,
GU131802,1I_H.2,10486,23,10508,dengue virus type 1,,I,100,H,100,2,100,,
GU131803,1I_E,10463,40,10504,dengue virus type 1,,I,100,E,100,Related to but not part of 1,,,
GU131804,1I_E,10464,39,10504,dengue virus type 1,,I,100,E,100,Related to but not part of 1,,,
GU131805,1I_G,10451,48,10498,dengue virus type 1,,I,100,G,100,,,,
GU131806,1I_E,10404,37,10440,dengue virus type 1,,I,100,E,100,Related to but not part of 1,,,
GU131807,1I_E,10444,61,10504,dengue virus type 1,,I,100,E,100,Related to but not part of 1,,,
GU131808,1I_E,10476,23,10498,dengue virus type 1,,I,100,E,100,Related to but not part of 1,,,
GU131809,1I_G,10474,33,10508,dengue virus type 1,,I,100,G,100,,,,
GU131810,1I_E,10474,31,10504,dengue virus type 1,,I,100,E,100,Could not assign,,,
GU131811,1I_G,10465,42,10508,dengue virus type 1,,I,100,G,100,,,,
GU131812,1I_E,10519,23,10540,dengue virus type 1,,I,100,E,100,Could not assign,,,
GU131813,1I_E,10474,32,10508,dengue virus type 1,,I,100,E,100,Could not assign,,,
GU131814,1I_E,10468,37,10504,dengue virus type 1,,I,100,E,100,Could not assign,,,
GU131815,1I_E,10385,56,10440,dengue virus type 1,,I,100,E,100,Could not assign,,,
GU131816,1I_K,10513,23,10535,dengue virus type 1,,I,100,K,100,Could not assign,,,
GU131817,1I_K,10418,23,10440,dengue virus type 1,,I,100,K,100,Could not assign,,,
GU131818,1I_G,10467,37,10504,dengue virus type 1,,I,100,G,100,,,,
GU131819,1I_C,10462,37,10498,dengue virus type 1,,I,100,C,100,,,,
GU131820,1I_C,10405,36,10440,dengue virus type 1,,I,100,C,100,,,,
GU131821,1I_G,10482,23,10504,dengue virus type 1,,I,100,G,100,,,,
GU131822,1I_E,10479,29,10508,dengue virus type 1,,I,100,E,100,Could not assign,,,
GU131823,1I_E,10486,23,10508,dengue virus type 1,,I,100,E,100,Could not assign,,,
GU131824,1I_E,10475,32,10508,dengue virus type 1,,I,100,E,100,Related to but not part of 1,,,
GU131826,1I_E,10471,39,10511,dengue virus type 1,,I,100,E,100,Could not assign,,,
GU131825,1I_E,10462,37,10498,dengue virus type 1,,I,100,E,100,Related to but not part of 1,,,
GU131828,1I_E,10676,30,10706,dengue virus type 1,,I,100,E,100,Could not assign,,,
GU131827,1I_E,10418,23,10440,dengue virus type 1,,I,100,E,100,Related to but not part of 1,,,
GU131829,1I_H.2,10476,33,10508,dengue virus type 1,,I,100,H,100,2,100,,
GU131830,1I_H.2,10453,46,10498,dengue virus type 1,,I,100,H,100,2,100,,
GU131831,1I_E,10473,30,10504,dengue virus type 1,,I,100,E,100,Could not assign,,,
GU131832,1V_E,10460,47,10508,dengue virus type 1,,V,100,E,100,,,,
GU131833,1V,10610,37,10647,dengue virus type 1,,V,100,Related to but not part of B,,,,,
GU131834,1V,10468,50,10519,dengue virus type 1,,V,100,Could not assign,,,,,
GU131835,1V,10479,37,10517,dengue virus type 1,,V,100,Could not assign,,,,,
GU131836,1V,10556,37,10592,dengue virus type 1,,V,100,Related to but not part of B,,,,,
GU131837,1V,10455,53,10508,dengue virus type 1,,V,100,Could not assign,,,,,
GU131838,1V_E,10468,37,10504,dengue virus type 1,,V,100,E,100,,,,
GU131839,1V_E,10456,47,10504,dengue virus type 1,,V,100,E,100,,,,
GU131840,1V_E,10485,23,10507,dengue virus type 1,,V,100,E,100,,,,
GU131841,1V_E,10486,23,10508,dengue virus type 1,,V,100,E,100,,,,
GU131842,1V_F,10478,37,10513,dengue virus type 1,,V,100,F,100,,,,
GU131863,1V_A,10532,23,10554,dengue virus type 1,,V,100,A,100,,,,
GU131887,1I_E,10457,47,10504,dengue virus type 1,,I,100,E,100,Could not assign,,,
GU131888,1I_E,10536,42,10576,dengue virus type 1,,I,100,E,100,Could not assign,,,
GU131889,1I_E,10479,29,10508,dengue virus type 1,,I,100,E,100,Could not assign,,,
GU131890,1I_G,10476,31,10508,dengue virus type 1,,I,100,G,100,,,,
GU131891,1I_E,10464,44,10508,dengue virus type 1,,I,100,E,100,Could not assign,,,
GU131892,1I_E,10518,23,10540,dengue virus type 1,,I,100,E,100,Could not assign,,,
GU131894,1I_E,10663,44,10706,dengue virus type 1,,I,100,E,100,Could not assign,,,
GU131893,1I_E,10478,30,10508,dengue virus type 1,,I,100,E,100,Could not assign,,,
GU131895,1I_E,10474,33,10508,dengue virus type 1,,I,100,E,100,Could not assign,,,
GU131919,1I_E,10486,23,10508,dengue virus type 1,,I,100,E,100,Could not assign,,,
GU131920,1I_E,10486,23,10508,dengue virus type 1,,I,100,E,100,Could not assign,,,
GU131921,1I_E,10665,23,10688,dengue virus type 1,,I,100,E,100,Could not assign,,,
GU131922,1I_E,10486,23,10508,dengue virus type 1,,I,100,E,100,Could not assign,,,
GU131923,1I_E,10692,23,10712,dengue virus type 1,,I,100,E,100,Could not assign,,,
GU131925,1I_E,10482,23,10504,dengue virus type 1,,I,100,E,100,Could not assign,,,
GU131926,1I_G,10486,23,10508,dengue virus type 1,,I,100,G,100,,,,
GU131948,1V,10627,23,10645,dengue virus type 1,,V,100,Could not assign,,,,,
GU131949,1V_G,10486,23,10508,dengue virus type 1,,V,100,G,100,,,,
GU131956,1V_C,10690,23,10712,dengue virus type 1,,V,100,C,100,,,,
GU131957,1V_C,10677,33,10712,dengue virus type 1,,V,100,C,100,,,,
GU131958,1V_C,10656,23,10678,dengue virus type 1,,V,100,C,100,,,,
GU131960,1V_C,10684,23,10706,dengue virus type 1,,V,100,C,100,,,,
GU131961,1V_C,10688,23,10710,dengue virus type 1,,V,100,C,100,,,,
GU131962,1V_C,10681,23,10712,dengue virus type 1,,V,100,C,100,,,,
GU131963,1V_C,10486,23,10508,dengue virus type 1,,V,100,C,100,,,,
GU131964,1V_C,10690,23,10712,dengue virus type 1,,V,100,C,100,,,,
GU131965,1V_C,10665,47,10712,dengue virus type 1,,V,100,C,100,,,,
GU131966,1V_C,10650,58,10706,dengue virus type 1,,V,100,C,100,,,,
GU131968,1V_C,10487,23,10508,dengue virus type 1,,V,100,C,100,,,,
GU131967,1V_C,10595,32,10625,dengue virus type 1,,V,100,C,100,,,,
GU131969,1V_C,10676,37,10712,dengue virus type 1,,V,100,C,100,,,,
GU131970,1V_C,10675,37,10712,dengue virus type 1,,V,100,C,100,,,,
GU131971,1V_C,10659,47,10706,dengue virus type 1,,V,100,C,100,,,,
GU131972,1V_C,10652,23,10674,dengue virus type 1,,V,100,C,100,,,,
GU131973,1V_C,10560,23,10578,dengue virus type 1,,V,100,C,100,,,,
GU131976,1V_C,10487,23,10508,dengue virus type 1,,V,100,C,100,,,,
GU131977,1V_C,10658,23,10680,dengue virus type 1,,V,100,C,100,,,,
GU131978,1V_C,10656,23,10681,dengue virus type 1,,V,100,C,100,,,,
GU131979,1V_C,10661,35,10697,dengue virus type 1,,V,100,C,100,,,,
GU131980,1V_C,10608,54,10663,dengue virus type 1,,V,100,C,100,,,,
GU131981,1V_C,10649,57,10706,dengue virus type 1,,V,100,C,100,,,,
GU131982,1V_C,10687,23,10709,dengue virus type 1,,V,100,C,100,,,,
GU131983,1V_C,10690,23,10712,dengue virus type 1,,V,100,C,100,,,,
FJ205872,1V,10690,23,10712,dengue virus type 1,,V,100,Could not assign,,,,,
FJ205873,1V,10690,23,10712,dengue virus type 1,,V,100,Could not assign,,,,,
FJ205874,1V,10690,23,10712,dengue virus type 1,,V,100,Could not assign,,,,,
FJ205875,1V,10690,23,10712,dengue virus type 1,,V,100,Could not assign,,,,,
FJ205876,1I_E,10690,23,10712,dengue virus type 1,,I,100,E,100,Related to but not part of 1,,,
FJ205881,1I_E,10690,23,10712,dengue virus type 1,,I,100,E,100,Related to but not part of 1,,,
FJ205882,1I_G,10684,23,10706,dengue virus type 1,,I,100,G,100,,,,
FJ205883,1I_E,10690,23,10712,dengue virus type 1,,I,100,E,100,Related to but not part of 1,,,
FJ205884,1I_E,10690,23,10712,dengue virus type 1,,I,100,E,100,Related to but not part of 1,,,
KC131140,1I_E,10668,55,10722,dengue virus type 1,,I,100,E,100,Could not assign,,,
KC131141,1I_E,10671,52,10722,dengue virus type 1,,I,100,E,100,Could not assign,,,
JQ287660,1I_C,10766,17,10735,dengue virus type 1,,I,100,C,100,,,,
JQ287661,1I_C,10794,17,10735,dengue virus type 1,,I,100,C,100,,,,
JQ287662,1I_E,10904,17,10735,dengue virus type 1,,I,100,E,100,Related to but not part of 1,,,
JQ287663,1I_G,11195,17,10735,dengue virus type 1,,I,100,G,100,,,,
JQ287664,1I_D,10654,17,10700,dengue virus type 1,,I,100,D,100,,,,
JQ287665,1I_G,10520,17,10548,dengue virus type 1,,I,100,G,100,,,,
JQ287666,1V_C,10461,17,10478,dengue virus type 1,,V,100,C,100,,,,
JQ287667,1I_K,10962,17,10735,dengue virus type 1,,I,100,K,100,Could not assign,,,
FJ373296,1I_K,10690,23,10712,dengue virus type 1,,I,100,K,100,Could not assign,,,
FJ373297,1I_D,10690,23,10712,dengue virus type 1,,I,100,D,100,,,,
FJ373298,1I_E,10690,23,10712,dengue virus type 1,,I,100,E,100,Related to but not part of 1,,,
FJ373305,1I_E,10690,23,10712,dengue virus type 1,,I,100,E,100,Could not assign,,,
FJ384655,1V,10735,1,10735,dengue virus type 1,,V,100,Could not assign,,,,,
FJ390378,1V,10690,23,10712,dengue virus type 1,,V,100,Could not assign,,,,,
FJ390379,1V,10690,23,10712,dengue virus type 1,,V,100,Could not assign,,,,,
FJ390383,1I_E,10713,23,10735,dengue virus type 1,,I,100,E,100,Could not assign,,,
FJ390386,1I_E,10690,23,10712,dengue virus type 1,,I,100,E,100,Related to but not part of 1,,,
FJ410173,1V,10690,23,10712,dengue virus type 1,,V,100,Could not assign,,,,,
FJ410179,1V,10690,23,10712,dengue virus type 1,,V,100,Could not assign,,,,,
FJ410180,1V,10690,23,10712,dengue virus type 1,,V,100,Could not assign,,,,,
FJ410182,1V,10690,23,10712,dengue virus type 1,,V,100,Could not assign,,,,,
FJ410189,1V,10690,23,10712,dengue virus type 1,,V,100,Could not assign,,,,,
FJ410191,1I_G,10674,18,10697,dengue virus type 1,,I,100,G,100,,,,
FJ410192,1I_E,10658,36,10693,dengue virus type 1,,I,100,E,100,Could not assign,,,
FJ410194,1I_E,10681,29,10710,dengue virus type 1,,I,100,E,100,Could not assign,,,
FJ410198,1I_E,10675,37,10711,dengue virus type 1,,I,100,E,100,Related to but not part of 1,,,
FJ410199,1I_G,10676,37,10712,dengue virus type 1,,I,100,G,100,,,,
FJ410201,1I_K,10674,37,10710,dengue virus type 1,,I,100,K,100,Could not assign,,,
FJ410204,1I_K,10671,23,10693,dengue virus type 1,,I,100,K,100,Could not assign,,,
FJ410207,1I_G,10683,29,10712,dengue virus type 1,,I,100,G,100,,,,
FJ410209,1I_K,10678,34,10712,dengue virus type 1,,I,100,K,100,Could not assign,,,
FJ410211,1I_K,10672,39,10710,dengue virus type 1,,I,100,K,100,Could not assign,,,
FJ410212,1I_H.2,10672,38,10710,dengue virus type 1,,I,100,H,100,2,100,,
FJ410220,1I_H.2,10672,41,10712,dengue virus type 1,,I,100,H,100,2,100,,
FJ410222,1I_E,10669,39,10710,dengue virus type 1,,I,100,E,100,Related to but not part of 1,,,
FJ410227,1I_G,10680,32,10712,dengue virus type 1,,I,100,G,100,,,,
FJ410230,1I_E,10676,37,10712,dengue virus type 1,,I,100,E,100,Related to but not part of 1,,,
FJ410234,1I_K,10690,23,10712,dengue virus type 1,,I,100,K,100,Could not assign,,,
FJ410236,1I_E,10690,23,10712,dengue virus type 1,,I,100,E,100,Related to but not part of 1,,,
FJ410242,1I_G,10690,23,10712,dengue virus type 1,,I,100,G,100,,,,
FJ410243,1I_G,10690,23,10712,dengue virus type 1,,I,100,G,100,,,,
FJ410244,1I_G,10690,23,10712,dengue virus type 1,,I,100,G,100,,,,
FJ410245,1I_E,10684,23,10706,dengue virus type 1,,I,100,E,100,Could not assign,,,
FJ410246,1I_G,10688,23,10710,dengue virus type 1,,I,100,G,100,,,,
FJ410252,1I_G,10684,23,10706,dengue virus type 1,,I,100,G,100,,,,
FJ410255,1I_E,10690,23,10712,dengue virus type 1,,I,100,E,100,Related to but not part of 1,,,
FJ410258,1I_E,10690,23,10712,dengue virus type 1,,I,100,E,100,Could not assign,,,
FJ410260,1I_C,10690,23,10712,dengue virus type 1,,I,100,C,100,,,,
FJ410261,1I_E,10690,23,10712,dengue virus type 1,,I,100,E,100,Related to but not part of 1,,,
FJ410262,1I_G,10690,23,10712,dengue virus type 1,,I,100,G,100,,,,
FJ410265,1I_E,10690,23,10712,dengue virus type 1,,I,100,E,100,Could not assign,,,
FJ410267,1I_K,10690,23,10712,dengue virus type 1,,I,100,K,100,Could not assign,,,
FJ410269,1I_C,10688,23,10710,dengue virus type 1,,I,100,C,100,,,,
FJ410268,1I_G,10690,23,10712,dengue virus type 1,,I,100,G,100,,,,
FJ410274,1I_K,10685,28,10712,dengue virus type 1,,I,100,K,100,Could not assign,,,
FJ410276,1I_E,10690,23,10712,dengue virus type 1,,I,100,E,100,Related to but not part of 1,,,
FJ410279,1I_G,10690,23,10712,dengue virus type 1,,I,100,G,100,,,,
FJ410285,1I_E,10690,23,10712,dengue virus type 1,,I,100,E,100,Related to but not part of 1,,,
FJ410287,1I_E,10690,23,10712,dengue virus type 1,,I,100,E,100,Could not assign,,,
FJ410289,1I_E,10679,23,10701,dengue virus type 1,,I,100,E,100,Related to but not part of 1,,,
FJ410290,1V_C,10690,23,10712,dengue virus type 1,,V,100,C,100,,,,
FJ432719,1I_E,10690,23,10712,dengue virus type 1,,I,100,E,100,Related to but not part of 1,,,
HM181940,1I_E,10473,36,10508,dengue virus type 1,,I,100,E,100,Could not assign,,,
FJ432723,1I_C,10690,23,10712,dengue virus type 1,,I,100,C,100,,,,
HM181946,1I_E,10524,25,10548,dengue virus type 1,,I,100,E,100,Could not assign,,,
HM181948,1I_E,10670,37,10706,dengue virus type 1,,I,100,E,100,Could not assign,,,
HM181951,1I_G,10468,37,10504,dengue virus type 1,,I,100,G,100,,,,
FJ432733,1I_C,10689,23,10712,dengue virus type 1,,I,100,C,100,,,,
HM181952,1I_H.2,10684,23,10706,dengue virus type 1,,I,100,H,100,2,100,,
FJ432732,1I_E,10713,23,10735,dengue virus type 1,,I,100,E,100,Related to but not part of 1,,,
HM181953,1I_E,10472,37,10508,dengue virus type 1,,I,100,E,100,Could not assign,,,
HM181956,1I_E,10676,36,10712,dengue virus type 1,,I,100,E,100,Could not assign,,,
FJ432738,1I_E,10689,23,10712,dengue virus type 1,,I,100,E,100,Could not assign,,,
HM181958,1I_E,10678,29,10706,dengue virus type 1,,I,100,E,100,Could not assign,,,
FJ432739,1I_G,10690,23,10712,dengue virus type 1,,I,100,G,100,,,,
HM181960,1I_E,10467,37,10504,dengue virus type 1,,I,100,E,100,Related to but not part of 1,,,
HM181961,1I_G,10402,38,10440,dengue virus type 1,,I,100,G,100,,,,
FJ432742,1I_C,10671,40,10710,dengue virus type 1,,I,100,C,100,,,,
HM181964,1I_E,10451,54,10504,dengue virus type 1,,I,100,E,100,Related to but not part of 1,,,
FJ432745,1I_E,10680,32,10712,dengue virus type 1,,I,100,E,100,Could not assign,,,
HM181965,1I_H.2,10418,23,10440,dengue virus type 1,,I,100,H,100,2,100,,
FJ432746,1I_G,10684,28,10712,dengue virus type 1,,I,100,G,100,,,,
HM181966,1I_C,10486,23,10508,dengue virus type 1,,I,100,C,100,,,,
FJ432747,1I_K,10690,23,10712,dengue virus type 1,,I,100,K,100,Could not assign,,,
HM181968,1I_C,10476,23,10498,dengue virus type 1,,I,100,C,100,,,,
HM181970,1I_K,10472,37,10508,dengue virus type 1,,I,100,K,100,Could not assign,,,
FJ461303,1I_E,10691,23,10710,dengue virus type 1,,I,100,E,100,Related to but not part of 1,,,
FJ461306,1I_E,10690,23,10712,dengue virus type 1,,I,100,E,100,Could not assign,,,
FJ461312,1I_G,10690,23,10712,dengue virus type 1,,I,100,G,100,,,,
FJ461313,1I_K,10690,23,10712,dengue virus type 1,,I,100,K,100,Could not assign,,,
FJ461320,1I_C,10690,23,10712,dengue virus type 1,,I,100,C,100,,,,
FJ461324,1I_K,10690,23,10712,dengue virus type 1,,I,100,K,100,Could not assign,,,
FJ461325,1I_E,10677,36,10712,dengue virus type 1,,I,100,E,100,Could not assign,,,
FJ461336,1I_E,10690,23,10712,dengue virus type 1,,I,100,E,100,Related to but not part of 1,,,
FJ461316,1I_E,10690,23,10712,dengue virus type 1,,I,100,E,100,Could not assign,,,
FJ461340,1I_E,10690,23,10712,dengue virus type 1,,I,100,E,100,Related to but not part of 1,,,
FJ478458,1V,10680,33,10712,dengue virus type 1,,V,100,Could not assign,,,,,
FJ547060,1I_C,10684,23,10706,dengue virus type 1,,I,100,C,100,,,,
FJ547063,1I_E,10672,38,10710,dengue virus type 1,,I,100,E,100,Could not assign,,,
FJ547065,1I_E,10674,38,10712,dengue virus type 1,,I,100,E,100,Could not assign,,,
FJ547068,1V_C,10675,23,10697,dengue virus type 1,,V,100,C,100,,,,
FJ547086,1V,10690,23,10712,dengue virus type 1,,V,100,Could not assign,,,,,
FJ547089,1V_C,10690,23,10712,dengue virus type 1,,V,100,C,100,,,,
JN000935,1I_E,10460,17,10476,dengue virus type 1,,I,100,E,100,Could not assign,,,
FJ562101,1I_G,10690,23,10712,dengue virus type 1,,I,100,G,100,,,,
FJ562104,1V_C,10688,23,10710,dengue virus type 1,,V,100,C,100,,,,
FJ562106,1V,10690,23,10712,dengue virus type 1,,V,100,Could not assign,,,,,
FJ639671,1I_D,10690,23,10712,dengue virus type 1,,I,100,D,100,,,,
FJ639673,1I_D,10690,23,10712,dengue virus type 1,,I,100,D,100,,,,
FJ639675,1I_G,10684,23,10706,dengue virus type 1,,I,100,G,100,,,,
FJ639676,1I_D,10690,23,10712,dengue virus type 1,,I,100,D,100,,,,
FJ639677,1I_K,10690,23,10712,dengue virus type 1,,I,100,K,100,Could not assign,,,
FJ639679,1I_E,10690,23,10712,dengue virus type 1,,I,100,E,100,Could not assign,,,
FJ639681,1I_K,10676,34,10710,dengue virus type 1,,I,100,K,100,Could not assign,,,
FJ639682,1I_K,10690,23,10712,dengue virus type 1,,I,100,K,100,Could not assign,,,
FJ639686,1I_E,10690,23,10712,dengue virus type 1,,I,100,E,100,Could not assign,,,
FJ639689,1I_E,10684,23,10706,dengue virus type 1,,I,100,E,100,Could not assign,,,
FJ639691,1I_G,10690,23,10712,dengue virus type 1,,I,100,G,100,,,,
FJ639692,1I_E,10690,23,10712,dengue virus type 1,,I,100,E,100,Could not assign,,,
FJ639696,1I_G,10684,23,10706,dengue virus type 1,,I,100,G,100,,,,
FJ639687,1I_G,10690,23,10712,dengue virus type 1,,I,100,G,100,,,,
FJ639735,1V_B,10675,23,10697,dengue virus type 1,,V,100,B,100,,,,
FJ639740,1V,10684,23,10706,dengue virus type 1,,V,100,Could not assign,,,,,
FJ639743,1V,10674,38,10712,dengue virus type 1,,V,100,Could not assign,,,,,
FJ639794,1V_F,10676,23,10697,dengue virus type 1,,V,100,F,100,,,,
FJ639797,1V_F,10676,23,10697,dengue virus type 1,,V,100,F,100,,,,
KU365900,1I_K,10689,23,10711,dengue virus type 1,,I,100,K,100,Related to but not part of 1,,,
FJ639802,1V_F,10691,23,10712,dengue virus type 1,,V,100,F,100,,,,
FJ639806,1V_F,10685,23,10706,dengue virus type 1,,V,100,F,100,,,,
FJ639808,1V_F,10691,23,10712,dengue virus type 1,,V,100,F,100,,,,
FJ639812,1V_F,10640,23,10662,dengue virus type 1,,V,100,F,100,,,,
FJ639813,1V_F,10691,23,10712,dengue virus type 1,,V,100,F,100,,,,
FJ639814,1V_E,10677,23,10699,dengue virus type 1,,V,100,E,100,,,,
FJ639818,1V_F,10690,23,10712,dengue virus type 1,,V,100,F,100,,,,
FJ639821,1V_E,10684,23,10706,dengue virus type 1,,V,100,E,100,,,,
FJ639823,1V_F,10675,23,10697,dengue virus type 1,,V,100,F,100,,,,
HM469967,1I_F,10735,1,10735,dengue virus type 1,,I,100,F,100,,,,
HM469966,1I_K,10735,1,10735,dengue virus type 1,,I,100,K,55,Related to but not part of 3,,,
HM469968,1I_K,10735,1,10735,dengue virus type 1,,I,100,K,60,Related to but not part of 3,,,
FJ687430,1I_J,10676,37,10712,dengue virus type 1,,I,100,J,100,,,,
FJ687432,1I_J,10690,23,10712,dengue virus type 1,,I,100,J,100,,,,
FJ687433,1I_J,10673,40,10712,dengue virus type 1,,I,100,J,100,,,,
JQ675358,1V_C,10605,23,10624,dengue virus type 1,,V,100,C,100,,,,
KJ806939,1IV_B.1,10735,1,10735,dengue virus type 1,,IV,100,B,100,1,100,,
KJ806941,1I_H.1,10735,1,10735,dengue virus type 1,,I,100,H,100,1,100,,
KJ806947,1I_K,10708,1,10708,dengue virus type 1,,I,100,K,67,Could not assign,,,
KJ806949,1I_K.1,10735,1,10735,dengue virus type 1,,I,100,K,100,1,93,,
KJ806950,1III_B,10735,1,10735,dengue virus type 1,,III,100,B,100,,,,
KJ806951,1I_K,10735,1,10735,dengue virus type 1,,I,100,K,100,Related to but not part of 1,,,
KJ806959,1I_K,10735,1,10735,dengue virus type 1,,I,100,K,100,Related to but not part of 1,,,
KJ806961,1I_K,10735,1,10735,dengue virus type 1,,I,100,K,100,Related to but not part of 1,,,
KJ933413,1IV_B.1,10689,1,10689,dengue virus type 1,,IV,100,B,100,1,100,,
JN205310,1IV_C,10735,1,10735,dengue virus type 1,,IV,100,C,100,,,,
EU249491,1I_K,10690,23,10712,dengue virus type 1,,I,100,K,100,Could not assign,,,
EU249492,1I_G,10690,23,10712,dengue virus type 1,,I,100,G,100,,,,
EU249493,1I_G,10690,23,10712,dengue virus type 1,,I,100,G,100,,,,
EU249494,1I_C,10690,23,10712,dengue virus type 1,,I,100,C,100,,,,
EU249495,1I_C,10690,23,10712,dengue virus type 1,,I,100,C,100,,,,
KF887994,1I_E,10733,1,10733,dengue virus type 1,,I,100,E,100,Could not assign,,,
JX669461,1V_A,10736,1,10735,dengue virus type 1,,V,100,A,100,,,,
JX669462,1V_E,10737,1,10735,dengue virus type 1,,V,100,E,100,,,,
JX669464,1V_A,10736,1,10735,dengue virus type 1,,V,100,A,100,,,,
JX669465,1V_A,10736,1,10735,dengue virus type 1,,V,100,A,100,,,,
JX669466,1V_E,10737,1,10735,dengue virus type 1,,V,100,E,100,,,,
JX669467,1V,10737,1,10735,dengue virus type 1,,V,100,Could not assign,,,,,
JX669468,1V,10736,1,10735,dengue virus type 1,,V,100,Could not assign,,,,,
JX669469,1V,10736,1,10735,dengue virus type 1,,V,100,Could not assign,,,,,
JX669470,1V,10728,1,10728,dengue virus type 1,,V,100,Could not assign,,,,,
JX669472,1V,10736,1,10735,dengue virus type 1,,V,100,Could not assign,,,,,
JX669473,1V,10736,1,10735,dengue virus type 1,,V,100,Could not assign,,,,,
JX669474,1V,10720,1,10720,dengue virus type 1,,V,100,Could not assign,,,,,
JX669475,1V,10737,1,10735,dengue virus type 1,,V,100,Could not assign,,,,,
KF921933,1I_E,10973,17,10735,dengue virus type 1,,I,100,E,100,Could not assign,,,
KF921934,1I_G,10447,17,10463,dengue virus type 1,,I,100,G,100,,,,
KF921935,1I_E,10528,17,10553,dengue virus type 1,,I,100,E,100,Could not assign,,,
KF921949,1I_E,10449,19,10467,dengue virus type 1,,I,100,E,100,Related to but not part of 1,,,
EU359008,1I_K,10735,1,10734,dengue virus type 1,,I,100,K,100,Could not assign,,,
KM204119,dengue virus type 1,10736,1,10735,dengue virus type 1,,Related to but not part of I,,,,,,,
JN544407,1III_A,10714,1,10735,dengue virus type 1,,III,100,A,100,,,,
JN544409,1III_A,10735,1,10735,dengue virus type 1,,III,100,A,72,,,,
JN544410,1IV_C,10735,1,10735,dengue virus type 1,,IV,100,C,100,,,,
JN544411,1IV_C,10735,1,10735,dengue virus type 1,,IV,100,C,100,,,,
KF955442,1V_C,10628,79,10706,dengue virus type 1,,V,100,C,100,,,,
KU509249,1V_E,10582,20,10601,dengue virus type 1,,V,100,E,100,,,,
KF955444,1I_E,10407,35,10440,dengue virus type 1,,I,100,E,100,Could not assign,,,
KF955446,1I_E,10470,37,10506,dengue virus type 1,,I,100,E,100,Related to but not part of 1,,,
KU509250,1I_H.1,10567,79,10645,dengue virus type 1,,I,100,H,100,1,100,,
KU509251,1V_E,10290,23,10312,dengue virus type 1,,V,100,E,100,,,,
KF971870,1I_K.3,10583,30,10612,dengue virus type 1,,I,100,K,100,3,100,,
KF973453,1V_C,10303,1,10303,dengue virus type 1,,V,100,C,100,,,,
KF973454,1V_B,10619,1,10619,dengue virus type 1,,V,100,B,100,,,,
KF973455,1V_B,10606,1,10606,dengue virus type 1,,V,100,B,100,,,,
KU509252,1V_E,10554,20,10568,dengue virus type 1,,V,100,E,100,,,,
KF973456,1V_B,10327,1,10327,dengue virus type 1,,V,100,B,100,,,,
KF973457,1V_C,10615,1,10615,dengue virus type 1,,V,100,C,100,,,,
KF973461,1V_C,10580,1,10580,dengue virus type 1,,V,100,C,100,,,,
KF973462,1V_C,10336,1,10336,dengue virus type 1,,V,100,C,100,,,,
KF973463,1V_B,10608,1,10608,dengue virus type 1,,V,100,B,100,,,,
KF973464,1V_C,10608,71,10678,dengue virus type 1,,V,100,C,100,,,,
KF973466,1V_B,10618,1,10618,dengue virus type 1,,V,100,B,100,,,,
KF973468,1V_C,10599,1,10599,dengue virus type 1,,V,100,C,100,,,,
KF973469,1V_C,10620,1,10620,dengue virus type 1,,V,100,C,100,,,,
KU509253,1I_K,10624,55,10677,dengue virus type 1,,I,100,K,100,Could not assign,,,
KF973473,1V_B,10304,1,10304,dengue virus type 1,,V,100,B,100,,,,
KF973474,1V_B,10616,1,10616,dengue virus type 1,,V,100,B,100,,,,
KF973475,1V_B,10615,1,10615,dengue virus type 1,,V,100,B,100,,,,
EU482476,1I_C,10690,23,10712,dengue virus type 1,,I,100,C,100,,,,
EU482477,1I_G,10690,23,10712,dengue virus type 1,,I,100,G,100,,,,
EU482479,1I_E,10690,23,10712,dengue virus type 1,,I,100,E,100,Could not assign,,,
EU482481,1I_C,10690,23,10712,dengue virus type 1,,I,100,C,100,,,,
EU482482,1I_E,10690,23,10712,dengue virus type 1,,I,100,E,100,Related to but not part of 1,,,
KU509255,1III_A,10335,40,10395,dengue virus type 1,,III,100,A,97,,,,
EU482484,1I_G,10690,23,10712,dengue virus type 1,,I,100,G,100,,,,
EU482485,1I_E,10690,23,10712,dengue virus type 1,,I,100,E,100,Related to but not part of 1,,,
EU482486,1I_D,10690,23,10712,dengue virus type 1,,I,100,D,100,,,,
EU482487,1I_E,10690,23,10712,dengue virus type 1,,I,100,E,100,Could not assign,,,
EU482489,1I_E,10690,23,10712,dengue virus type 1,,I,100,E,100,Related to but not part of 1,,,
EU482490,1I_E,10675,23,10697,dengue virus type 1,,I,100,E,100,Related to but not part of 1,,,
EU482492,1I_E,10688,23,10710,dengue virus type 1,,I,100,E,100,Related to but not part of 1,,,
EU482493,1I_E,10690,23,10712,dengue virus type 1,,I,100,E,100,Related to but not part of 1,,,
EU482497,1I_E,10690,23,10712,dengue virus type 1,,I,100,E,100,Related to but not part of 1,,,
EU482498,1I_E,10690,23,10712,dengue virus type 1,,I,100,E,100,Related to but not part of 1,,,
KU509254,1V_F,10569,18,10586,dengue virus type 1,,V,100,F,100,,,,
EU482500,1I_E,10685,23,10707,dengue virus type 1,,I,100,E,100,Could not assign,,,
EU482501,1I_E,10690,23,10712,dengue virus type 1,,I,100,E,100,Related to but not part of 1,,,
EU482502,1I_E,10686,23,10708,dengue virus type 1,,I,100,E,100,Related to but not part of 1,,,
EU482505,1I_G,10690,23,10712,dengue virus type 1,,I,100,G,100,,,,
EU482506,1I_E,10690,23,10712,dengue virus type 1,,I,100,E,100,Could not assign,,,
EU482507,1I_E,10690,23,10712,dengue virus type 1,,I,100,E,100,Could not assign,,,
EU482509,1I_E,10690,23,10712,dengue virus type 1,,I,100,E,100,Could not assign,,,
EU482510,1I_D,10690,23,10712,dengue virus type 1,,I,100,D,100,,,,
EU482512,1I_E,10684,23,10706,dengue virus type 1,,I,100,E,100,Could not assign,,,
EU482513,1I_E,10690,23,10712,dengue virus type 1,,I,100,E,100,Related to but not part of 1,,,
KU509256,1I_F,10579,24,10602,dengue virus type 1,,I,100,F,100,,,,
EU482514,1I_E,10690,23,10712,dengue virus type 1,,I,100,E,100,Could not assign,,,
EU482515,1I_E,10690,23,10712,dengue virus type 1,,I,100,E,100,Related to but not part of 1,,,
EU482516,1I_E,10690,23,10712,dengue virus type 1,,I,100,E,100,Related to but not part of 1,,,
EU482517,1I_E,10690,23,10712,dengue virus type 1,,I,100,E,100,Related to but not part of 1,,,
EU482518,1I_C,10690,23,10712,dengue virus type 1,,I,100,C,100,,,,
EU482521,1I_E,10688,23,10711,dengue virus type 1,,I,100,E,100,Could not assign,,,
EU482523,1I_E,10690,23,10712,dengue virus type 1,,I,100,E,100,Could not assign,,,
EU482525,1I_K,10690,23,10712,dengue virus type 1,,I,100,K,100,Could not assign,,,
EU482527,1I_G,10688,23,10710,dengue virus type 1,,I,100,G,100,,,,
EU482528,1I_G,10689,23,10712,dengue virus type 1,,I,100,G,100,,,,
KU509257,1I_K,10586,17,10602,dengue virus type 1,,I,100,K,100,Related to but not part of 3,,,
EU482529,1I_E,10690,23,10712,dengue virus type 1,,I,100,E,100,Could not assign,,,
EU482530,1I_E,10690,23,10712,dengue virus type 1,,I,100,E,100,Could not assign,,,
EU482531,1I_C,10690,23,10712,dengue virus type 1,,I,100,C,100,,,,
EU482532,1I_G,10690,23,10712,dengue virus type 1,,I,100,G,100,,,,
EU482533,1I_G,10690,23,10712,dengue virus type 1,,I,100,G,100,,,,
EU482534,1I_G,10690,23,10712,dengue virus type 1,,I,100,G,100,,,,
KU509258,1I_B,10377,22,10398,dengue virus type 1,,I,100,B,100,,,,
EU482540,1I_K,10690,23,10712,dengue virus type 1,,I,100,K,100,Could not assign,,,
EU482567,1V,10690,23,10712,dengue virus type 1,,V,100,Could not assign,,,,,
EU482592,1V,10690,23,10712,dengue virus type 1,,V,100,Could not assign,,,,,
EU482610,1V_E,10690,23,10712,dengue virus type 1,,V,100,E,100,,,,
EU482611,1V_E,10690,23,10712,dengue virus type 1,,V,100,E,100,,,,
EU482615,1V_C,10690,23,10712,dengue virus type 1,,V,100,C,100,,,,
EU482616,1V_C,10756,23,10735,dengue virus type 1,,V,100,C,100,,,,
KU509259,1I_F,10580,26,10605,dengue virus type 1,,I,100,F,100,,,,
EU482619,1V_C,10690,23,10712,dengue virus type 1,,V,100,C,100,,,,
KU509261,1IV_C,10583,20,10602,dengue virus type 1,,IV,100,C,100,,,,
KU509260,1I_F,10378,16,10393,dengue virus type 1,,I,100,F,100,,,,
EU482706,1I_G,10690,23,10712,dengue virus type 1,,I,100,G,100,,,,
EU482707,1I_K,10690,23,10712,dengue virus type 1,,I,100,K,100,Could not assign,,,
EU482708,1I_E,10690,23,10712,dengue virus type 1,,I,100,E,100,Related to but not part of 1,,,
EU482709,1I_E,10690,23,10712,dengue virus type 1,,I,100,E,100,Related to but not part of 1,,,
EU482712,1I_G,10690,23,10712,dengue virus type 1,,I,100,G,100,,,,
EU482713,1I_E,10690,23,10712,dengue virus type 1,,I,100,E,100,Related to but not part of 1,,,
KU509262,1I_F,10586,20,10605,dengue virus type 1,,I,100,F,100,,,,
EU482714,1I_G,10690,23,10712,dengue virus type 1,,I,100,G,100,,,,
EU482715,1I_E,10690,23,10712,dengue virus type 1,,I,100,E,100,Related to but not part of 1,,,
EU482716,1I_E,10690,23,10712,dengue virus type 1,,I,100,E,100,Related to but not part of 1,,,
EU482717,1I_E,10690,23,10712,dengue virus type 1,,I,100,E,100,Related to but not part of 1,,,
KU509263,1I_K,10375,19,10393,dengue virus type 1,,I,100,K,62,Related to but not part of 3,,,
EU482791,1I_C,10690,23,10712,dengue virus type 1,,I,100,C,100,,,,
EU482792,1I_C,10690,23,10712,dengue virus type 1,,I,100,C,100,,,,
EU482795,1I_G,10690,23,10712,dengue virus type 1,,I,100,G,100,,,,
EU482796,1I_C,10690,23,10712,dengue virus type 1,,I,100,C,100,,,,
EU482797,1I_G,10690,23,10712,dengue virus type 1,,I,100,G,100,,,,
EU482798,1I_G,10690,23,10712,dengue virus type 1,,I,100,G,100,,,,
EU482799,1I_E,10690,23,10712,dengue virus type 1,,I,100,E,100,Could not assign,,,
EU482801,1I_E,10690,23,10712,dengue virus type 1,,I,100,E,100,Related to but not part of 1,,,
EU482802,1I_G,10690,23,10712,dengue virus type 1,,I,100,G,100,,,,
EU482803,1I_G,10690,23,10712,dengue virus type 1,,I,100,G,100,,,,
EU482804,1I_G,10690,23,10712,dengue virus type 1,,I,100,G,100,,,,
EU482805,1I_E,10690,23,10712,dengue virus type 1,,I,100,E,100,Related to but not part of 1,,,
EU482807,1I_G,10690,23,10712,dengue virus type 1,,I,100,G,100,,,,
EU482808,1I_G,10690,23,10712,dengue virus type 1,,I,100,G,100,,,,
EU482809,1I_G,10690,23,10712,dengue virus type 1,,I,100,G,100,,,,
EU482810,1I_G,10690,23,10712,dengue virus type 1,,I,100,G,100,,,,
EU482811,1I_H.2,10690,23,10712,dengue virus type 1,,I,100,H,100,2,100,,
EU482813,1I_G,10690,23,10712,dengue virus type 1,,I,100,G,100,,,,
EU482814,1I_G,10690,23,10712,dengue virus type 1,,I,100,G,100,,,,
EU482815,1I_G,10690,23,10712,dengue virus type 1,,I,100,G,100,,,,
EU482816,1I_G,10690,23,10712,dengue virus type 1,,I,100,G,100,,,,
EU482817,1I_G,10690,23,10712,dengue virus type 1,,I,100,G,100,,,,
EU482818,1I_E,10690,23,10712,dengue virus type 1,,I,100,E,100,Could not assign,,,
EU482819,1I_G,10688,23,10710,dengue virus type 1,,I,100,G,100,,,,
EU482821,1I_E,10690,23,10712,dengue virus type 1,,I,100,E,100,Related to but not part of 1,,,
EU482823,1I_E,10690,23,10712,dengue virus type 1,,I,100,E,100,Could not assign,,,
EU482824,1I_C,10690,23,10712,dengue virus type 1,,I,100,C,100,,,,
EU482826,1I_G,10690,23,10712,dengue virus type 1,,I,100,G,100,,,,
EU482827,1I_C,10690,23,10712,dengue virus type 1,,I,100,C,100,,,,
EU482828,1I_G,10690,23,10712,dengue virus type 1,,I,100,G,100,,,,
HE795086,1I_G,10179,95,10273,dengue virus type 1,,I,100,G,100,,,,
KJ189303,1V_G,10445,16,10460,dengue virus type 1,,V,100,G,100,,,,
KJ189319,1V_C,10446,16,10461,dengue virus type 1,,V,100,C,100,,,,
KU509264,1V_E,10246,68,10313,dengue virus type 1,,V,100,E,100,,,,
KJ189322,1V_C,10445,16,10460,dengue virus type 1,,V,100,C,100,,,,
KJ189323,1V_C,10445,16,10460,dengue virus type 1,,V,100,C,100,,,,
KJ189324,1V_C,10444,16,10459,dengue virus type 1,,V,100,C,100,,,,
KJ189325,1V_C,10444,16,10459,dengue virus type 1,,V,100,C,100,,,,
KJ189326,1V_C,10449,16,10464,dengue virus type 1,,V,100,C,100,,,,
KJ189328,1V_C,10444,16,10459,dengue virus type 1,,V,100,C,100,,,,
KJ189330,1V_C,10448,16,10463,dengue virus type 1,,V,100,C,100,,,,
KJ189332,1V_C,10301,16,10316,dengue virus type 1,,V,100,C,100,,,,
KJ189333,1V_C,10445,16,10460,dengue virus type 1,,V,100,C,100,,,,
KJ189334,1V_C,10445,16,10460,dengue virus type 1,,V,100,C,100,,,,
KJ189335,1V_C,10444,16,10459,dengue virus type 1,,V,100,C,100,,,,
KJ189336,1V_C,10448,16,10463,dengue virus type 1,,V,100,C,100,,,,
KJ189338,1V_C,10448,12,10459,dengue virus type 1,,V,100,C,100,,,,
KJ189339,1V_C,10449,15,10463,dengue virus type 1,,V,100,C,100,,,,
KJ189340,1V_C,10444,16,10459,dengue virus type 1,,V,100,C,100,,,,
KJ189342,1V_C,10444,16,10459,dengue virus type 1,,V,100,C,100,,,,
KJ189344,1V_C,10444,16,10459,dengue virus type 1,,V,100,C,100,,,,
KJ189345,1V_C,10444,16,10459,dengue virus type 1,,V,100,C,100,,,,
KJ189347,1V_C,10444,16,10459,dengue virus type 1,,V,100,C,100,,,,
KJ189349,1V_B,10384,76,10459,dengue virus type 1,,V,100,B,100,,,,
KU509266,1I_K,10665,21,10685,dengue virus type 1,,I,100,K,63,Related to but not part of 3,,,
KJ189350,1V_E,10445,16,10459,dengue virus type 1,,V,100,E,100,,,,
KJ189353,1V_E,10444,16,10459,dengue virus type 1,,V,100,E,100,,,,
KJ189354,1V_E,10443,16,10458,dengue virus type 1,,V,100,E,100,,,,
KJ189355,1V_E,10444,16,10459,dengue virus type 1,,V,100,E,100,,,,
KJ189356,1V_E,10442,16,10457,dengue virus type 1,,V,100,E,100,,,,
KJ189357,1V_E,10444,16,10459,dengue virus type 1,,V,100,E,100,,,,
KJ189358,1V_E,10444,16,10459,dengue virus type 1,,V,100,E,100,,,,
KJ189361,1V_E,10522,9,10538,dengue virus type 1,,V,100,E,100,,,,
KJ189365,1V_E,10798,17,10735,dengue virus type 1,,V,100,E,100,,,,
KJ189366,1V_E,10453,7,10459,dengue virus type 1,,V,100,E,100,,,,
KU509265,1I_E,10593,10,10602,dengue virus type 1,,I,100,E,100,Could not assign,,,
KJ189367,1V_E,10452,12,10463,dengue virus type 1,,V,100,E,100,,,,
KJ189368,1V_C,10480,8,10485,dengue virus type 1,,V,100,C,100,,,,
KJ189369,1V_C,10456,2,10459,dengue virus type 1,,V,100,C,100,,,,
KM403575,1III_A,10714,1,10735,dengue virus type 1,,III,100,A,100,,,,
KM403576,1III_A,10665,1,10686,dengue virus type 1,,III,100,A,100,,,,
KM403579,1III_A,10714,1,10735,dengue virus type 1,,III,100,A,100,,,,
KM403580,1III_A,10627,1,10648,dengue virus type 1,,III,100,A,100,,,,
KM403581,1III_A,10714,1,10735,dengue virus type 1,,III,100,A,100,,,,
KM403583,1III_A,10714,1,10735,dengue virus type 1,,III,100,A,100,,,,
KM403584,1III_A,10714,1,10735,dengue virus type 1,,III,100,A,100,,,,
KM403585,1III_A,10669,1,10690,dengue virus type 1,,III,100,A,100,,,,
KM403586,1III_A,10649,1,10670,dengue virus type 1,,III,100,A,100,,,,
KM403588,1III_A,10714,1,10735,dengue virus type 1,,III,100,A,100,,,,
KM403589,1III_A,10714,1,10735,dengue virus type 1,,III,100,A,100,,,,
KM403591,1III_A,10714,1,10735,dengue virus type 1,,III,100,A,100,,,,
KM403592,1III_A,10714,1,10735,dengue virus type 1,,III,100,A,100,,,,
KM403593,1III_A,10713,1,10734,dengue virus type 1,,III,100,A,100,,,,
KM403594,1III_A,10714,1,10735,dengue virus type 1,,III,100,A,100,,,,
KM403595,1III_A,10714,1,10735,dengue virus type 1,,III,100,A,100,,,,
KM403596,1III_A,10714,1,10735,dengue virus type 1,,III,100,A,100,,,,
KM403597,1III_A,10714,1,10735,dengue virus type 1,,III,100,A,100,,,,
KM403599,1III_A,10670,1,10691,dengue virus type 1,,III,100,A,100,,,,
KM403600,1III_A,10699,16,10735,dengue virus type 1,,III,100,A,100,,,,
KM403602,1III_A,10714,1,10735,dengue virus type 1,,III,100,A,100,,,,
KM403603,1III_A,10714,1,10735,dengue virus type 1,,III,100,A,100,,,,
KM403604,1III_A,10714,1,10735,dengue virus type 1,,III,100,A,100,,,,
KM403605,1III_A,10714,1,10735,dengue virus type 1,,III,100,A,100,,,,
KM403607,1III_A,10714,1,10735,dengue virus type 1,,III,100,A,100,,,,
KM403608,1III_A,10714,1,10735,dengue virus type 1,,III,100,A,100,,,,
KM403609,1III_A,10714,1,10735,dengue virus type 1,,III,100,A,100,,,,
KM403612,1III_A,10714,1,10735,dengue virus type 1,,III,100,A,100,,,,
KM403613,1III_A,10714,1,10735,dengue virus type 1,,III,100,A,100,,,,
KM403614,1III_A,10714,1,10735,dengue virus type 1,,III,100,A,100,,,,
KM403616,1III_A,10714,1,10735,dengue virus type 1,,III,100,A,100,,,,
KM403617,1III_A,10714,1,10735,dengue virus type 1,,III,100,A,100,,,,
KM403620,1III_A,10698,17,10735,dengue virus type 1,,III,100,A,100,,,,
KM403621,1III_A,10662,1,10683,dengue virus type 1,,III,100,A,100,,,,
KM403622,1III_A,10714,1,10735,dengue virus type 1,,III,100,A,100,,,,
KM403623,1III_A,10714,1,10735,dengue virus type 1,,III,100,A,100,,,,
KM403625,1III_A,10714,1,10735,dengue virus type 1,,III,100,A,100,,,,
KM403628,1III_A,10714,1,10735,dengue virus type 1,,III,100,A,100,,,,
KM403629,1III_A,10637,1,10658,dengue virus type 1,,III,100,A,100,,,,
KM403630,1III_A,10714,1,10735,dengue virus type 1,,III,100,A,100,,,,
KM403631,1III_A,10714,1,10735,dengue virus type 1,,III,100,A,100,,,,
KM403632,1III_A,10714,1,10735,dengue virus type 1,,III,100,A,100,,,,
KM403634,1III_A,10714,1,10735,dengue virus type 1,,III,100,A,100,,,,
KM403636,1III_A,10714,1,10735,dengue virus type 1,,III,100,A,100,,,,
JN819402,1V_C,10695,48,10735,dengue virus type 1,,V,100,C,100,,,,
JN819403,1V_C,10462,37,10502,dengue virus type 1,,V,100,C,100,,,,
JN819405,1V_F,10467,37,10504,dengue virus type 1,,V,100,F,100,,,,
JN819410,1V_E,10486,23,10508,dengue virus type 1,,V,100,E,100,,,,
JN819411,1V_F,10493,23,10514,dengue virus type 1,,V,100,F,100,,,,
JN819412,1V_F,10505,23,10527,dengue virus type 1,,V,100,F,100,,,,
JN819413,1V_F,10527,23,10549,dengue virus type 1,,V,100,F,100,,,,
JN819415,1V_B,10498,23,10520,dengue virus type 1,,V,100,B,100,,,,
JN819417,1V,10676,35,10712,dengue virus type 1,,V,100,Could not assign,,,,,
JN819423,1I_D,10680,23,10701,dengue virus type 1,,I,100,D,100,,,,
JN819425,1V_E,10485,23,10507,dengue virus type 1,,V,100,E,100,,,,
EU596501,1V_C,10690,23,10712,dengue virus type 1,,V,100,C,100,,,,
EU596502,1V_C,10690,23,10712,dengue virus type 1,,V,100,C,100,,,,
EU596503,1V_C,10690,23,10712,dengue virus type 1,,V,100,C,100,,,,
EU596504,1V_C,10690,23,10712,dengue virus type 1,,V,100,C,100,,,,
JN903578,1V_A,10715,12,10726,dengue virus type 1,,V,100,A,100,,,,
JN903579,1III_A,10694,12,10726,dengue virus type 1,,III,100,A,99,,,,
JN903581,1III_A,10694,12,10726,dengue virus type 1,,III,100,A,99,,,,
HM488255,1I_E,10636,67,10705,dengue virus type 1,,I,100,E,100,Could not assign,,,
HM488256,1I_E,10459,39,10498,dengue virus type 1,,I,100,E,100,Related to but not part of 1,,,
KJ438293,1I_K,10724,1,10735,dengue virus type 1,,I,100,K,65,Related to but not part of 3,,,
KJ438296,1I_K.3,10735,1,10735,dengue virus type 1,,I,100,K,100,3,100,,
MG097875,1III_A,10705,10,10735,dengue virus type 1,,III,100,A,100,,,,
EU660390,1I_K,10690,23,10712,dengue virus type 1,,I,100,K,100,Could not assign,,,
EU660391,1I_G,10690,23,10712,dengue virus type 1,,I,100,G,100,,,,
EU660392,1I_G,10690,23,10712,dengue virus type 1,,I,100,G,100,,,,
EU660394,1I_E,10690,23,10712,dengue virus type 1,,I,100,E,100,Related to but not part of 1,,,
EU660396,1I_G,10690,23,10712,dengue virus type 1,,I,100,G,100,,,,
EU660397,1I_E,10690,23,10712,dengue virus type 1,,I,100,E,100,Related to but not part of 1,,,
EU660401,1I_E,10690,23,10712,dengue virus type 1,,I,100,E,100,Could not assign,,,
EU660402,1I_G,10690,23,10712,dengue virus type 1,,I,100,G,100,,,,
MG097876,1I_K.1,10735,1,10735,dengue virus type 1,,I,100,K,100,1,92,,
EU660403,1I_E,10679,34,10712,dengue virus type 1,,I,100,E,100,Could not assign,,,
EU660412,1I_K,10690,23,10712,dengue virus type 1,,I,100,K,100,Could not assign,,,
EU660419,1I_E,10690,23,10712,dengue virus type 1,,I,100,E,100,Related to but not part of 1,,,
EU677140,1I_E,10690,23,10712,dengue virus type 1,,I,100,E,100,Could not assign,,,
EU677150,1I_G,10691,23,10712,dengue virus type 1,,I,100,G,100,,,,
EU677154,1I_E,10690,23,10712,dengue virus type 1,,I,100,E,100,Related to but not part of 1,,,
EU677155,1I_E,10690,23,10712,dengue virus type 1,,I,100,E,100,Related to but not part of 1,,,
EU677156,1I_E,10690,23,10712,dengue virus type 1,,I,100,E,100,Related to but not part of 1,,,
EU677157,1I_E,10690,23,10712,dengue virus type 1,,I,100,E,100,Related to but not part of 1,,,
EU677158,1I_E,10690,23,10712,dengue virus type 1,,I,100,E,100,Could not assign,,,
EU677159,1I_K,10690,23,10712,dengue virus type 1,,I,100,K,100,Could not assign,,,
EU677160,1I_G,10690,23,10712,dengue virus type 1,,I,100,G,100,,,,
EU677161,1I_E,10690,23,10712,dengue virus type 1,,I,100,E,100,Related to but not part of 1,,,
EU677163,1I_E,10690,23,10712,dengue virus type 1,,I,100,E,100,Related to but not part of 1,,,
EU677166,1I_E,10690,23,10712,dengue virus type 1,,I,100,E,100,Related to but not part of 1,,,
EU677167,1I_E,10690,23,10712,dengue virus type 1,,I,100,E,100,Related to but not part of 1,,,
EU677168,1I_E,10690,23,10712,dengue virus type 1,,I,100,E,100,Related to but not part of 1,,,
EU677169,1I_D,10690,23,10712,dengue virus type 1,,I,100,D,100,,,,
EU677170,1I_E,10690,23,10712,dengue virus type 1,,I,100,E,100,Related to but not part of 1,,,
EU677171,1I_E,10690,23,10712,dengue virus type 1,,I,100,E,100,Related to but not part of 1,,,
EU677173,1I_C,10690,23,10712,dengue virus type 1,,I,100,C,100,,,,
EU677174,1I_E,10690,23,10712,dengue virus type 1,,I,100,E,100,Related to but not part of 1,,,
EU677175,1I_G,10691,23,10712,dengue virus type 1,,I,100,G,100,,,,
EU677176,1I_D,10690,23,10712,dengue virus type 1,,I,100,D,100,,,,
EU677177,1I_E,10690,23,10712,dengue virus type 1,,I,100,E,100,Related to but not part of 1,,,
EU677178,1I_E,10690,23,10712,dengue virus type 1,,I,100,E,100,Could not assign,,,
KJ468234,1I_H.1,10622,22,10643,dengue virus type 1,,I,100,H,100,1,100,,
GU370048,1I_K,10542,95,10636,dengue virus type 1,,I,100,K,70,Could not assign,,,
GU370049,1I_K,10564,95,10658,dengue virus type 1,,I,100,K,67,Could not assign,,,
MG181997,1IV_A,10715,14,10728,dengue virus type 1,,IV,100,A,100,,,,
JQ045626,1I_E,10674,23,10696,dengue virus type 1,,I,100,E,100,Related to but not part of 1,,minor lineage,minor lineage support
JQ045627,1I_E,10651,25,10691,dengue virus type 1,,I,100,E,100,Related to but not part of 1,,,
JQ045629,1I_E,10699,23,10721,dengue virus type 1,,I,100,E,100,Related to but not part of 1,,,
JQ045631,1I_E,10697,23,10719,dengue virus type 1,,I,100,E,100,Could not assign,,,
EU687251,1I_E,10690,23,10712,dengue virus type 1,,I,100,E,100,Could not assign,,,
JQ045632,1I_E,10671,23,10693,dengue virus type 1,,I,100,E,100,Related to but not part of 1,,,
JQ045634,1I_E,10699,23,10721,dengue virus type 1,,I,100,E,100,Related to but not part of 1,,,
JQ045635,1I_G,10692,23,10723,dengue virus type 1,,I,100,G,100,,,,
JQ045636,1I_G,10671,23,10693,dengue virus type 1,,I,100,G,100,,,,
JQ045637,1I_E,10674,23,10696,dengue virus type 1,,I,100,E,100,Related to but not part of 1,,,
JQ045638,1I_E,10671,23,10693,dengue virus type 1,,I,100,E,100,Related to but not part of 1,,,
JQ045655,1I_E,10673,23,10696,dengue virus type 1,,I,100,E,100,Could not assign,,,
JQ045656,1I_E,10669,23,10691,dengue virus type 1,,I,100,E,100,Could not assign,,,
JQ045657,1I_G,10672,23,10695,dengue virus type 1,,I,100,G,100,,,,
JQ045658,1I_G,10669,23,10691,dengue virus type 1,,I,100,G,100,,,,
JQ045659,1I_E,10672,23,10695,dengue virus type 1,,I,100,E,100,Related to but not part of 1,,,
JQ045660,1I_E,10672,23,10695,dengue virus type 1,,I,100,E,100,Related to but not part of 1,,,
JQ045662,1I_E,10671,23,10693,dengue virus type 1,,I,100,E,100,Related to but not part of 1,,,
JQ045663,1I_E,10672,23,10695,dengue virus type 1,,I,100,E,100,Related to but not part of 1,,,
JQ045664,1I_E,10670,23,10692,dengue virus type 1,,I,100,E,100,Related to but not part of 1,,,
JQ045665,1I_E,10672,23,10695,dengue virus type 1,,I,100,E,100,Could not assign,,,
JQ045666,1I_E,10669,23,10691,dengue virus type 1,,I,100,E,100,Could not assign,,,
EU726779,1I_E,10690,23,10712,dengue virus type 1,,I,100,E,100,Related to but not part of 1,,,
EU726780,1I_E,10690,23,10712,dengue virus type 1,,I,100,E,100,Related to but not part of 1,,,
EU726781,1I_G,10690,23,10712,dengue virus type 1,,I,100,G,100,,,,
EU726782,1I_E,10690,23,10712,dengue virus type 1,,I,100,E,100,Could not assign,,,
KP188539,1V_A,10416,34,10449,dengue virus type 1,,V,100,A,100,,,,
KP188540,1V_E,10699,1,10608,dengue virus type 1,,V,100,E,100,,,,
KP188541,1V_E,10490,1,10428,dengue virus type 1,,V,100,E,100,,,,
KP188542,1V_E,10607,1,10570,dengue virus type 1,,V,100,E,100,,,,
KP188543,1V_A,10917,1,10735,dengue virus type 1,,V,100,A,100,,,,
KP188544,1V_A,10917,1,10735,dengue virus type 1,,V,100,A,100,,,,
KP188545,1V_A,10621,1,10603,dengue virus type 1,,V,100,A,100,,,,
KP188546,1V_A,10663,1,10606,dengue virus type 1,,V,100,A,100,,,,
KP188547,1V_A,10776,1,10688,dengue virus type 1,,V,100,A,100,,,,
KP188548,1V_A,10647,1,10599,dengue virus type 1,,V,100,A,100,,,,
KP188567,1V_A,10618,1,10603,dengue virus type 1,,V,100,A,100,,,,
KP188568,1V_A,10607,1,10594,dengue virus type 1,,V,100,A,100,,,,
EU863650,1IV_A,10735,1,10735,dengue virus type 1,,IV,100,A,100,,,,
JQ915071,1IV_A,10699,13,10711,dengue virus type 1,,IV,100,A,100,,,,
JQ915072,1IV_A,10699,13,10711,dengue virus type 1,,IV,100,A,100,,,,
JQ915073,1IV_A,10699,13,10711,dengue virus type 1,,IV,100,A,100,,,,
JQ915074,1IV_A,10699,13,10711,dengue virus type 1,,IV,100,A,100,,,,
JQ915075,1IV_A,10699,13,10711,dengue virus type 1,,IV,100,A,100,,,,
JQ915076,1IV_A,10699,13,10711,dengue virus type 1,,IV,100,A,100,,,,
JQ915077,1IV_A,10699,13,10711,dengue virus type 1,,IV,100,A,100,,,,
JQ915079,1IV_A,10699,13,10711,dengue virus type 1,,IV,100,A,100,,,,
JQ915080,1IV_A,10699,13,10711,dengue virus type 1,,IV,100,A,100,,,,
JQ917404,1III_A,10669,1,10690,dengue virus type 1,,III,100,A,100,,,,
JQ922544,1V,10698,3,10700,dengue virus type 1,,V,100,Could not assign,,,,,
JQ922545,1III,10625,33,10657,dengue virus type 1,,III,100,Could not assign,,,,,
JQ922546,1VI,10663,33,10695,dengue virus type 1,,VI,100,Could not assign,,,,,
JQ922547,1II,10395,3,10397,dengue virus type 1,,II,100,,,,,,
JQ922548,1III_A,10699,3,10701,dengue virus type 1,,III,100,A,100,,,,
KJ649286,1I_B,10622,1,10622,dengue virus type 1,,I,100,B,100,,,,
KP398852,1I_H.1,10735,1,10735,dengue virus type 1,,I,100,H,100,1,100,,
FJ024423,1V_C,10690,23,10712,dengue virus type 1,,V,100,C,100,,,,
FJ024425,1I_E,10690,23,10712,dengue virus type 1,,I,100,E,100,Related to but not part of 1,,,
FJ024426,1I_E,10690,23,10712,dengue virus type 1,,I,100,E,100,Related to but not part of 1,,,
FJ024427,1I_E,10690,23,10712,dengue virus type 1,,I,100,E,100,Related to but not part of 1,,,
FJ024428,1I_E,10690,23,10712,dengue virus type 1,,I,100,E,100,Related to but not part of 1,,,
FJ024429,1I_E,10690,23,10712,dengue virus type 1,,I,100,E,100,Related to but not part of 1,,,
FJ024430,1I_E,10690,23,10712,dengue virus type 1,,I,100,E,100,Related to but not part of 1,,,
FJ024431,1I_K,10690,23,10712,dengue virus type 1,,I,100,K,100,Could not assign,,,
FJ024432,1I_E,10689,23,10711,dengue virus type 1,,I,100,E,100,Could not assign,,,
FJ024433,1I_E,10690,23,10712,dengue virus type 1,,I,100,E,100,Related to but not part of 1,,,
FJ024434,1I_K,10690,23,10712,dengue virus type 1,,I,100,K,100,Could not assign,,,
FJ024435,1I_E,10690,23,10712,dengue virus type 1,,I,100,E,100,Related to but not part of 1,,,
FJ024436,1I_G,10690,23,10712,dengue virus type 1,,I,100,G,100,,,,
FJ024437,1I_E,10690,23,10712,dengue virus type 1,,I,100,E,100,Related to but not part of 1,,,
FJ024438,1I_E,10690,23,10712,dengue virus type 1,,I,100,E,100,Could not assign,,,
FJ024439,1I_E,10690,23,10712,dengue virus type 1,,I,100,E,100,Related to but not part of 1,,,
FJ024440,1I_E,10690,23,10712,dengue virus type 1,,I,100,E,100,Related to but not part of 1,,,
FJ024441,1I_E,10690,23,10712,dengue virus type 1,,I,100,E,100,Related to but not part of 1,,,
FJ024442,1I_E,10690,23,10712,dengue virus type 1,,I,100,E,100,Could not assign,,,
FJ024443,1I_E,10690,23,10712,dengue virus type 1,,I,100,E,100,Related to but not part of 1,,,
FJ024444,1I_E,10690,23,10712,dengue virus type 1,,I,100,E,100,Could not assign,,,
FJ024445,1I_E,10690,23,10712,dengue virus type 1,,I,100,E,100,Related to but not part of 1,,,
FJ024446,1I_E,10690,23,10712,dengue virus type 1,,I,100,E,100,Could not assign,,,
FJ024447,1I_E,10690,23,10712,dengue virus type 1,,I,100,E,100,Related to but not part of 1,,,
FJ024448,1I_E,10690,23,10712,dengue virus type 1,,I,100,E,100,Related to but not part of 1,,,
FJ024449,1I_E,10690,23,10712,dengue virus type 1,,I,100,E,100,Could not assign,,,
FJ024450,1I_E,10690,23,10712,dengue virus type 1,,I,100,E,100,Related to but not part of 1,,,
FJ024451,1I_E,10690,23,10712,dengue virus type 1,,I,100,E,100,Related to but not part of 1,,,
FJ024453,1I_E,10684,23,10706,dengue virus type 1,,I,100,E,100,Related to but not part of 1,,,
FJ024455,1I_E,10690,23,10712,dengue virus type 1,,I,100,E,100,Related to but not part of 1,,,
FJ024456,1I_C,10690,23,10712,dengue virus type 1,,I,100,C,100,,,,
FJ024457,1I_E,10690,23,10712,dengue virus type 1,,I,100,E,100,Related to but not part of 1,,,
FJ024459,1I_G,10691,23,10712,dengue virus type 1,,I,100,G,100,,,,
FJ024460,1I_E,10690,23,10712,dengue virus type 1,,I,100,E,100,Related to but not part of 1,,,
FJ024462,1I_E,10690,23,10712,dengue virus type 1,,I,100,E,100,Related to but not part of 1,,,
FJ024463,1I_E,10690,23,10712,dengue virus type 1,,I,100,E,100,Related to but not part of 1,,,
FJ024464,1I_E,10684,23,10706,dengue virus type 1,,I,100,E,100,Related to but not part of 1,,,
FJ024472,1I_E,10690,23,10712,dengue virus type 1,,I,100,E,100,Related to but not part of 1,,,
FJ024478,1V_C,10690,23,10712,dengue virus type 1,,V,100,C,100,,,,
FJ024479,1V_C,10690,23,10712,dengue virus type 1,,V,100,C,100,,,,
FJ024480,1V_C,10690,23,10712,dengue virus type 1,,V,100,C,100,,,,
FJ024481,1V_C,10690,23,10712,dengue virus type 1,,V,100,C,100,,,,
FJ024482,1V_C,10690,23,10712,dengue virus type 1,,V,100,C,100,,,,
FJ024483,1V_C,10690,23,10712,dengue virus type 1,,V,100,C,100,,,,
FJ024484,1V_C,10690,23,10712,dengue virus type 1,,V,100,C,100,,,,
FJ024485,1V_C,10690,23,10712,dengue virus type 1,,V,100,C,100,,,,
FJ176779,1I_H.1,10735,1,10735,dengue virus type 1,,I,100,H,100,1,100,,
FJ176780,1I_E,10735,1,10735,dengue virus type 1,,I,100,E,99,Could not assign,,,
FJ182002,1V_C,10690,23,10712,dengue virus type 1,,V,100,C,100,,,,
FJ182003,1I_C,10690,23,10712,dengue virus type 1,,I,100,C,100,,,,
FJ182018,1I_E,10690,23,10712,dengue virus type 1,,I,100,E,100,Could not assign,,,
FJ182019,1I_E,10690,23,10712,dengue virus type 1,,I,100,E,100,Related to but not part of 1,,,
FJ182020,1I_G,10675,23,10697,dengue virus type 1,,I,100,G,100,,,,
FJ182021,1I_E,10690,23,10712,dengue virus type 1,,I,100,E,100,Could not assign,,,
FJ182022,1I_E,10690,23,10712,dengue virus type 1,,I,100,E,100,Related to but not part of 1,,,
FJ182023,1I_E,10690,23,10712,dengue virus type 1,,I,100,E,100,Related to but not part of 1,,,
FJ182024,1I_G,10675,23,10697,dengue virus type 1,,I,100,G,100,,,,
FJ182025,1I_E,10690,23,10712,dengue virus type 1,,I,100,E,100,Related to but not part of 1,,,
FJ182026,1I_E,10690,23,10712,dengue virus type 1,,I,100,E,100,Related to but not part of 1,,,
FJ182027,1I_E,10690,23,10712,dengue virus type 1,,I,100,E,100,Related to but not part of 1,,,
FJ182028,1I_E,10690,23,10712,dengue virus type 1,,I,100,E,100,Related to but not part of 1,,,
FJ182029,1I_E,10690,23,10712,dengue virus type 1,,I,100,E,100,Related to but not part of 1,,,
FJ182030,1I_E,10690,23,10712,dengue virus type 1,,I,100,E,100,Related to but not part of 1,,,
FJ182031,1I_E,10690,23,10712,dengue virus type 1,,I,100,E,100,Related to but not part of 1,,,
FJ182032,1I_G,10691,23,10712,dengue virus type 1,,I,100,G,100,,,,
FJ182033,1I_D,10690,23,10712,dengue virus type 1,,I,100,D,100,,,,
FJ182034,1I_G,10676,37,10712,dengue virus type 1,,I,100,G,100,,,,
FJ182035,1I_G,10691,23,10712,dengue virus type 1,,I,100,G,100,,,,
FJ182036,1I_E,10690,23,10712,dengue virus type 1,,I,100,E,100,Related to but not part of 1,,,
FJ744701,1V_F,10641,23,10662,dengue virus type 1,,V,100,F,100,,,,
FJ744702,1I_E,10690,23,10712,dengue virus type 1,,I,100,E,100,Could not assign,,,
KP406801,1III_B,10736,1,10735,dengue virus type 1,,III,100,B,100,,,,
KP406802,1I_K,10735,1,10735,dengue virus type 1,,I,100,K,100,Could not assign,,,
KP406803,1IV_B.1,10734,1,10735,dengue virus type 1,,IV,100,B,100,1,100,,
MF033196,1I_H.1,10735,1,10735,dengue virus type 1,,I,100,H,100,1,100,,
MF033197,1III_B,10735,1,10735,dengue virus type 1,,III,100,B,100,,,,
MF033198,1III_A,10714,1,10735,dengue virus type 1,,III,100,A,100,,,,
MF033199,1I_E,10735,1,10735,dengue virus type 1,,I,100,E,100,Could not assign,,,
MF033200,1III_A,10714,1,10735,dengue virus type 1,,III,100,A,100,,,,
MF033201,1I_H.1,10735,1,10735,dengue virus type 1,,I,100,H,100,1,100,,
MF033202,1I_H.1,10735,1,10735,dengue virus type 1,,I,100,H,100,1,100,,
MF033203,1I_H.1,10735,1,10735,dengue virus type 1,,I,100,H,100,1,100,,
MF033204,1III_A,10714,1,10735,dengue virus type 1,,III,100,A,99,,,,
MF033205,1III_A,10714,1,10735,dengue virus type 1,,III,100,A,100,,,,
MF033206,1I_K.2,10735,1,10735,dengue virus type 1,,I,100,K,100,2,100,,
MF033207,1I_K.2,10735,1,10735,dengue virus type 1,,I,100,K,100,2,100,,
MF033208,1I_K.2,10735,1,10735,dengue virus type 1,,I,100,K,100,2,100,,
MF033209,1I_K.2,10735,1,10735,dengue virus type 1,,I,100,K,100,2,100,,
MF033210,1I_H.1,10735,1,10735,dengue virus type 1,,I,100,H,100,1,100,,
MF033211,1III_A,10714,1,10735,dengue virus type 1,,III,100,A,100,,,,
MF033212,1III_A,10714,1,10735,dengue virus type 1,,III,100,A,100,,,,
MF033213,1III_A,10714,1,10735,dengue virus type 1,,III,100,A,100,,,,
MF033214,1I_K.1,10735,1,10735,dengue virus type 1,,I,100,K,100,1,94,,
MF033215,1I_H.1,10735,1,10735,dengue virus type 1,,I,100,H,100,1,100,,
MF033216,1I_K.2,10735,1,10735,dengue virus type 1,,I,100,K,100,2,100,,
MF033217,1I_K.2,10710,1,10735,dengue virus type 1,,I,100,K,100,2,100,,
MF033218,1I_K.1,10735,1,10735,dengue virus type 1,,I,100,K,100,1,93,,
MF033219,1I_H.1,10735,1,10735,dengue virus type 1,,I,100,H,100,1,100,,
MF033220,1I_K,10735,1,10735,dengue virus type 1,,I,100,K,100,Related to but not part of 1,,,
MF033221,1I_H.1,10685,1,10685,dengue virus type 1,,I,100,H,100,1,100,,
MF033222,1I_J,10735,1,10735,dengue virus type 1,,I,100,J,100,,,,
MF033223,1I_K.1,10735,1,10735,dengue virus type 1,,I,100,K,100,1,94,,
MF033224,1III_A,10661,1,10682,dengue virus type 1,,III,100,A,100,,,,
MF033225,1I_K,10735,1,10735,dengue virus type 1,,I,100,K,100,Related to but not part of 1,,,
MF033226,1III_A,10714,1,10735,dengue virus type 1,,III,100,A,100,,,,
MF033227,1III_A,10714,1,10735,dengue virus type 1,,III,100,A,100,,,,
MF033228,1I_K.2,10735,1,10735,dengue virus type 1,,I,100,K,100,2,100,,
MF033229,1III_A,10714,1,10735,dengue virus type 1,,III,100,A,100,,,,
MF033230,1I_K.2,10735,1,10735,dengue virus type 1,,I,100,K,100,2,100,,
MF033231,1IV_B,10735,1,10735,dengue virus type 1,,IV,100,B,100,Could not assign,,,
MF033232,1I_K,10735,1,10735,dengue virus type 1,,I,100,K,100,Related to but not part of 1,,,
MF033233,1I_K.1,10735,1,10735,dengue virus type 1,,I,100,K,100,1,95,,
MF033234,1III_A,10714,1,10735,dengue virus type 1,,III,100,A,100,,,,
MF033235,1I_K,10735,1,10735,dengue virus type 1,,I,100,K,100,Related to but not part of 1,,,
MF033236,1I_K.1,10735,1,10735,dengue virus type 1,,I,100,K,100,1,93,,
MF033237,1III_A,10714,1,10735,dengue virus type 1,,III,100,A,99,,,,
MF033238,1III_A,10714,1,10735,dengue virus type 1,,III,100,A,100,,,,
MF033239,1I_E.1,10735,1,10735,dengue virus type 1,,I,100,E,100,1,100,,
MF033240,1I_K.2,10735,1,10735,dengue virus type 1,,I,100,K,100,2,100,,
MF033241,1III_A,10686,1,10707,dengue virus type 1,,III,100,A,100,,,,
MF033242,1III_A,10714,1,10735,dengue virus type 1,,III,100,A,100,,,,
MF033243,1III_A,10714,1,10735,dengue virus type 1,,III,100,A,100,,,,
MF033244,1I_K,10735,1,10735,dengue virus type 1,,I,100,K,64,Could not assign,,,
MF033245,1I_K.2,10735,1,10735,dengue virus type 1,,I,100,K,100,2,100,,
MF033246,1I_K,10735,1,10735,dengue virus type 1,,I,100,K,100,Related to but not part of 1,,,
MF033247,1I_K.2,10735,1,10735,dengue virus type 1,,I,100,K,100,2,100,,
MF033248,1I_K,10735,1,10735,dengue virus type 1,,I,100,K,70,Could not assign,,,
MF033249,1I_K.2,10680,1,10680,dengue virus type 1,,I,100,K,100,2,100,,
MF033250,1I_K,10681,1,10681,dengue virus type 1,,I,100,K,100,Related to but not part of 1,,,
MF033251,1III_A,10714,1,10735,dengue virus type 1,,III,100,A,100,,,,
MF033252,1III_A,10714,1,10735,dengue virus type 1,,III,100,A,100,,,,
MF033253,1III_A,10714,1,10735,dengue virus type 1,,III,100,A,99,,,,
MF033254,1I_E.1,10690,1,10690,dengue virus type 1,,I,100,E,100,1,100,,
MF033255,1III_A,10714,1,10735,dengue virus type 1,,III,100,A,100,,,,
AB189120,1IV_A,10735,1,10735,dengue virus type 1,,IV,100,A,100,,,,
MF033256,1III_A,10714,1,10735,dengue virus type 1,,III,100,A,100,,,,
MF033257,1I_K,10735,1,10735,dengue virus type 1,,I,100,K,100,Related to but not part of 1,,,
MF033258,1I_K,10676,1,10676,dengue virus type 1,,I,100,K,100,Related to but not part of 1,,,
MF033259,1I_K.2,10677,1,10677,dengue virus type 1,,I,100,K,100,2,100,,
MF033260,1I_K.1,10735,1,10735,dengue virus type 1,,I,100,K,100,1,100,,
MF033261,1III_A,10714,1,10735,dengue virus type 1,,III,100,A,99,,,,
AB189121,1IV_C,10735,1,10735,dengue virus type 1,,IV,100,C,100,,,,
AB195673,1IV_A,10718,1,10735,dengue virus type 1,,IV,100,A,100,,,,
MN621140,1I_E,10723,15,10735,dengue virus type 1,,I,100,E,100,Could not assign,,,
HM631850,1I_G,10480,37,10517,dengue virus type 1,,I,100,G,100,,,,
HM631851,1I_E,10385,56,10440,dengue virus type 1,,I,100,E,100,Related to but not part of 1,,,
HM631853,1I_E,10657,38,10697,dengue virus type 1,,I,100,E,100,Could not assign,,,
HM631852,1I_E,10674,37,10712,dengue virus type 1,,I,100,E,100,Could not assign,,,
HM631855,1V_C,10645,58,10706,dengue virus type 1,,V,100,C,100,,,,
LC410183,1I_H.1,10694,21,10714,dengue virus type 1,,I,100,H,100,1,100,,
LC428053,1I_E.1,10179,95,10273,dengue virus type 1,,I,100,E,100,1,100,,
LC428054,1I_E.1,10179,95,10273,dengue virus type 1,,I,100,E,100,1,100,,
LC428055,1I_E.1,10179,95,10273,dengue virus type 1,,I,100,E,100,1,100,,
LC428056,1I_E.1,10179,95,10273,dengue virus type 1,,I,100,E,100,1,100,,
LC428057,1I_E.1,10179,95,10273,dengue virus type 1,,I,100,E,100,1,100,,
LC428058,1I_E.1,10179,95,10273,dengue virus type 1,,I,100,E,100,1,100,,
LC428059,1I_E.1,10179,95,10273,dengue virus type 1,,I,100,E,100,1,100,,
LC428060,1I_E.1,10179,95,10273,dengue virus type 1,,I,100,E,100,1,100,,
LC428061,1I_E,10179,95,10273,dengue virus type 1,,I,100,E,100,Could not assign,,,
LC428062,1I_E.1,10179,95,10273,dengue virus type 1,,I,100,E,100,1,100,,
LC428063,1I_E,10179,95,10273,dengue virus type 1,,I,100,E,100,Could not assign,,,
LC428064,1I_E,10179,95,10273,dengue virus type 1,,I,100,E,100,Could not assign,,,
LC428065,1I_E,10179,95,10273,dengue virus type 1,,I,100,E,100,Could not assign,,,
LC428066,1I_E,10179,95,10273,dengue virus type 1,,I,100,E,100,Could not assign,,,
LC428067,1I_E,10179,95,10273,dengue virus type 1,,I,100,E,100,Could not assign,,,
LC428068,1I_E,10179,95,10273,dengue virus type 1,,I,100,E,100,Could not assign,,,
LC428069,1I_E,10179,95,10273,dengue virus type 1,,I,100,E,100,Related to but not part of 1,,,
LC428070,1I_E,10179,95,10273,dengue virus type 1,,I,100,E,100,Could not assign,,,
LC428071,1I_E.1,10179,95,10273,dengue virus type 1,,I,100,E,100,1,100,,
LC428072,1I_E.1,10179,95,10273,dengue virus type 1,,I,100,E,100,1,100,,
LC428073,1I_E.1,10179,95,10273,dengue virus type 1,,I,100,E,100,1,100,,
LC428074,1I_E,10179,95,10273,dengue virus type 1,,I,100,E,100,Could not assign,,,
LC428075,1I_E,10179,95,10273,dengue virus type 1,,I,100,E,100,Could not assign,,,
LC428076,1I_E,10179,95,10273,dengue virus type 1,,I,100,E,100,Could not assign,,,
LC428077,1I_E,10179,95,10273,dengue virus type 1,,I,100,E,100,Could not assign,,,
LC428078,1I_E,10179,95,10273,dengue virus type 1,,I,100,E,100,Related to but not part of 1,,,
LC428079,1I_E.1,10179,95,10273,dengue virus type 1,,I,100,E,100,1,100,,
LC428080,1I_E.1,10179,95,10273,dengue virus type 1,,I,100,E,100,1,100,,
LC436667,1III_A,10673,21,10714,dengue virus type 1,,III,100,A,100,,,,
LC436668,1III_A,10673,21,10714,dengue virus type 1,,III,100,A,100,,,,
AB204803,1IV_A,10706,1,10735,dengue virus type 1,,IV,100,A,100,,,,
KT827364,1IV_C,10611,33,10643,dengue virus type 1,,IV,100,C,100,,,,
KT827365,1I_H.1,10575,27,10601,dengue virus type 1,,I,100,H,100,1,100,,
KT827366,1IV_C,10616,26,10641,dengue virus type 1,,IV,100,C,100,,,,
KT827367,1IV_B.1,10592,50,10641,dengue virus type 1,,IV,100,B,100,1,100,,
KT827368,1I_K,10556,47,10602,dengue virus type 1,,I,100,K,99,Could not assign,,,
KT827369,1I_G,10573,51,10623,dengue virus type 1,,I,100,G,100,,,,
KT827370,1I_K.3,10602,47,10648,dengue virus type 1,,I,100,K,100,3,100,,
KT827371,1I_J,10585,29,10614,dengue virus type 1,,I,100,J,100,,,,
KT827372,1I_K.3,10624,30,10653,dengue virus type 1,,I,100,K,100,3,100,,
KT827373,1I_K,10600,39,10638,dengue virus type 1,,I,100,K,100,Related to but not part of 1,,,
KT827374,1III_A,10596,26,10642,dengue virus type 1,,III,100,A,100,,,,
KT827375,1III_A,10594,28,10642,dengue virus type 1,,III,100,A,100,,,,
KT827376,1I_K.3,10615,26,10640,dengue virus type 1,,I,100,K,100,3,100,,
KT827377,1III_A,10594,28,10642,dengue virus type 1,,III,100,A,100,,,,
KT827378,1III_A,10606,15,10641,dengue virus type 1,,III,100,A,100,,,,
KT827379,1I_K.3,10627,15,10641,dengue virus type 1,,I,100,K,100,3,100,,
MH271402,1I_K.3,10630,79,10708,dengue virus type 1,,I,100,K,100,3,100,,
MH271403,1I_K,10711,4,10714,dengue virus type 1,,I,100,K,100,Related to but not part of 1,,,
MH271404,1I_K.2,10690,11,10700,dengue virus type 1,,I,100,K,100,2,100,,
MH271405,1III_A,10638,1,10659,dengue virus type 1,,III,100,A,100,,,,
MH271406,1III_A,10625,11,10656,dengue virus type 1,,III,100,A,100,,,,
MN886865,1III_A,10721,1,10735,dengue virus type 1,,III,100,A,100,,,,
MN886870,1III_A,10722,1,10735,dengue virus type 1,,III,100,A,100,,,,
MN886874,1III_A,10722,1,10735,dengue virus type 1,,III,100,A,100,,,,
MN886876,1III_A,10720,3,10735,dengue virus type 1,,III,100,A,100,,,,
MH450312,1V_D.1,10752,1,10735,dengue virus type 1,,V,100,D,100,1,100,,
KU666939,1I_K,10368,50,10417,dengue virus type 1,,I,100,K,100,Related to but not part of 1,,,
KU666940,1I_K.2,10291,63,10359,dengue virus type 1,,I,100,K,100,2,100,,
KU666942,1I_K.2,10355,63,10437,dengue virus type 1,,I,100,K,100,2,100,,
KU666941,1I_K.2,10243,63,10305,dengue virus type 1,,I,100,K,100,2,100,,
KP686070,1III_A,10670,1,10690,dengue virus type 1,,III,100,A,100,,,,
FJ810415,1V_E,10685,23,10706,dengue virus type 1,,V,100,E,100,,,,
FJ810419,1V_C,10690,23,10712,dengue virus type 1,,V,100,C,100,,,,
MK588396,1III_A,10734,2,10734,dengue virus type 1,,III,100,A,99,,,,
MK588397,1III_A,10624,3,10631,dengue virus type 1,,III,100,A,99,,,,
KY474303,1V_D.1,10678,35,10712,dengue virus type 1,,V,100,D,100,1,100,,
KY474304,1V_D.1,10678,35,10712,dengue virus type 1,,V,100,D,100,1,100,,
KY474305,1V_F,10676,36,10712,dengue virus type 1,,V,100,F,100,,,,
KY474306,1V_F,10677,35,10712,dengue virus type 1,,V,100,F,100,,,,
KY474307,1V_D.1,10677,36,10712,dengue virus type 1,,V,100,D,100,1,100,,
KY496854,1IV_B.1,10689,23,10711,dengue virus type 1,,IV,100,B,100,1,100,,
KY496855,1IV_B.1,10689,23,10711,dengue virus type 1,,IV,100,B,100,1,100,,
KY496856,1I,10689,23,10711,dengue virus type 1,,I,100,Could not assign,,,,,
KP723473,1III_A,10630,32,10682,dengue virus type 1,,III,100,A,100,,,,
KP723476,1I_K.2,10628,55,10682,dengue virus type 1,,I,100,K,100,2,100,,
FJ850068,1I_H,10676,37,10712,dengue virus type 1,,I,100,H,100,Related to but not part of 2,,,
FJ850069,1I_D,10646,37,10682,dengue virus type 1,,I,100,D,100,,,,
MT076932,1II,10735,1,10735,dengue virus type 1,,II,100,,,,,,
MT076933,1II,10735,1,10735,dengue virus type 1,,II,100,,,,,,
MT076934,1II,10735,1,10735,dengue virus type 1,,II,100,,,,,,
MT076935,1II,10735,1,10735,dengue virus type 1,,II,100,,,,,,
FJ850070,1V_A,10677,35,10712,dengue virus type 1,,V,100,A,100,,,,
FJ850071,1V_A,10685,30,10712,dengue virus type 1,,V,100,A,100,,,,
FJ850073,1V,10692,23,10712,dengue virus type 1,,V,100,Could not assign,,,,,
FJ850075,1V_A,10683,23,10705,dengue virus type 1,,V,100,A,100,,,,
FJ850077,1V_A,10684,23,10706,dengue virus type 1,,V,100,A,100,,,,
FJ850081,1V_A,10688,23,10710,dengue virus type 1,,V,100,A,100,,,,
FJ850084,1V_A,10686,23,10706,dengue virus type 1,,V,100,A,100,,,,
FJ850087,1V_A,10690,23,10712,dengue virus type 1,,V,100,A,100,,,,
MK858117,1III_A,10736,1,10735,dengue virus type 1,,III,100,A,100,,,,
MK858121,1I_H.1,10735,1,10735,dengue virus type 1,,I,100,H,100,1,100,,
MK858126,1III_B,10737,1,10735,dengue virus type 1,,III,100,B,100,,,,
FJ850090,1V_A,10673,37,10711,dengue virus type 1,,V,100,A,100,,,,
MK858127,1III_A,10735,1,10735,dengue virus type 1,,III,100,A,99,,,,
MK858128,1III_A,10734,2,10735,dengue virus type 1,,III,100,A,99,,,,
MK858130,1III_B,10737,1,10735,dengue virus type 1,,III,100,B,100,,,,
MK858131,1III_B,10737,1,10735,dengue virus type 1,,III,100,B,100,,,,
MK858133,1III_A,10736,1,10735,dengue virus type 1,,III,100,A,100,,,,
MK858135,1III_A,10736,1,10735,dengue virus type 1,,III,100,A,99,,,,
FJ850093,1V_F,10690,23,10712,dengue virus type 1,,V,100,F,100,,,,
MK858137,1III_B,10737,1,10735,dengue virus type 1,,III,100,B,100,,,,
MK858138,1I_H.1,10735,1,10735,dengue virus type 1,,I,100,H,100,1,100,,
MK858139,1III_A,10736,1,10735,dengue virus type 1,,III,100,A,99,,,,
FJ850099,1V_F,10685,23,10706,dengue virus type 1,,V,100,F,100,,,,
FJ850100,1V_F,10690,23,10712,dengue virus type 1,,V,100,F,100,,,,
FJ850101,1V_F,10690,23,10712,dengue virus type 1,,V,100,F,100,,,,
FJ850102,1V_E,10690,23,10712,dengue virus type 1,,V,100,E,100,,,,
FJ850103,1V_E,10678,35,10712,dengue virus type 1,,V,100,E,100,,,,
FJ850104,1V,10690,23,10712,dengue virus type 1,,V,100,Could not assign,,,,,
FJ850113,1V_C,10690,23,10712,dengue virus type 1,,V,100,C,100,,,,
FJ850114,1V_C,10714,23,10735,dengue virus type 1,,V,100,C,100,,,,
KT187559,1III_A,10714,1,10735,dengue virus type 1,,III,100,A,100,,,,
KT187560,1III_A,10714,1,10735,dengue virus type 1,,III,100,A,100,,,,
FJ859029,1I_G,10676,37,10712,dengue virus type 1,,I,100,G,100,,,,
KT187561,1III_A,10714,1,10735,dengue virus type 1,,III,100,A,100,,,,
KT187562,1III_A,10714,1,10735,dengue virus type 1,,III,100,A,100,,,,
KT187563,1III_A,10714,1,10735,dengue virus type 1,,III,100,A,100,,,,
KT187564,1I_K.3,10735,1,10735,dengue virus type 1,,I,100,K,100,3,100,,
MF314188,1I_K,10706,10,10715,dengue virus type 1,,I,100,K,100,Related to but not part of 1,,,
KC692495,1V_E,10735,1,10735,dengue virus type 1,,V,100,E,100,,,,
MF405201,1I_H.1,10821,1,10735,dengue virus type 1,,I,100,H,100,1,100,,
HQ166035,1V_C,10650,57,10706,dengue virus type 1,,V,100,C,100,,,,
HQ166036,1V_C,10675,23,10688,dengue virus type 1,,V,100,C,100,,,,
FJ873809,1V_F,10684,23,10706,dengue virus type 1,,V,100,F,100,,,,
FJ873810,1V_E,10690,23,10712,dengue virus type 1,,V,100,E,100,,,,
KC692496,1V_E,10735,1,10735,dengue virus type 1,,V,100,E,100,,,,
FJ873814,1V_C,10672,38,10712,dengue virus type 1,,V,100,C,100,,,,
FJ882515,1I_C,10688,23,10710,dengue virus type 1,,I,100,C,100,,,,
FJ882516,1I_K,10690,23,10712,dengue virus type 1,,I,100,K,100,Could not assign,,,
FJ882517,1I_G,10688,23,10710,dengue virus type 1,,I,100,G,100,,,,
FJ882518,1I_C,10684,23,10712,dengue virus type 1,,I,100,C,100,,,,
FJ882519,1I_G,10690,23,10712,dengue virus type 1,,I,100,G,100,,,,
FJ882520,1I_D,10690,23,10712,dengue virus type 1,,I,100,D,100,,,,
FJ882521,1I_G,10690,23,10712,dengue virus type 1,,I,100,G,100,,,,
FJ882523,1I_C,10690,23,10712,dengue virus type 1,,I,100,C,100,,,,
FJ882522,1I_E,10690,23,10712,dengue virus type 1,,I,100,E,100,Related to but not part of 1,,,
FJ882524,1I_C,10690,23,10712,dengue virus type 1,,I,100,C,100,,,,
FJ882525,1I_G,10690,23,10712,dengue virus type 1,,I,100,G,100,,,,
FJ882526,1I_G,10690,23,10712,dengue virus type 1,,I,100,G,100,,,,
FJ882527,1I_G,10690,23,10712,dengue virus type 1,,I,100,G,100,,,,
FJ882528,1I_K,10690,23,10712,dengue virus type 1,,I,100,K,100,Could not assign,,,
FJ882529,1I_G,10690,23,10712,dengue virus type 1,,I,100,G,100,,,,
FJ882530,1I_G,10690,23,10712,dengue virus type 1,,I,100,G,100,,,,
FJ882531,1I_G,10690,23,10712,dengue virus type 1,,I,100,G,100,,,,
FJ882532,1I_G,10690,23,10712,dengue virus type 1,,I,100,G,100,,,,
FJ882533,1I_C,10690,23,10712,dengue virus type 1,,I,100,C,100,,,,
FJ882534,1I_K,10690,23,10712,dengue virus type 1,,I,100,K,100,Could not assign,,,
FJ882535,1I_G,10690,23,10712,dengue virus type 1,,I,100,G,100,,,,
FJ882536,1I_K,10690,23,10712,dengue virus type 1,,I,100,K,100,Could not assign,,,
FJ882537,1I_D,10690,23,10712,dengue virus type 1,,I,100,D,100,,,,
FJ882538,1I_G,10690,23,10712,dengue virus type 1,,I,100,G,100,,,,
FJ882539,1I_G,10690,23,10712,dengue virus type 1,,I,100,G,100,,,,
MN018285,1I_K.2,10735,1,10735,dengue virus type 1,,I,100,K,100,2,100,,
MN018286,1III_A,10735,1,10735,dengue virus type 1,,III,100,A,100,,,,
MN018287,1III_A,10735,1,10735,dengue virus type 1,,III,100,A,100,,,,
MN018288,1I_K.2,10735,1,10735,dengue virus type 1,,I,100,K,100,2,100,,
FJ882540,1I_G,10690,23,10712,dengue virus type 1,,I,100,G,100,,,,
MN018289,1I_K,10735,1,10735,dengue virus type 1,,I,100,K,100,Related to but not part of 1,,,
MN018290,1IV_B.1,10735,1,10735,dengue virus type 1,,IV,100,B,100,1,100,,
MN018291,1I_K.1,10735,1,10735,dengue virus type 1,,I,100,K,100,1,100,,
MN018292,1I_K.2,10735,1,10735,dengue virus type 1,,I,100,K,100,2,100,,
MN018293,1I_K.2,10735,1,10735,dengue virus type 1,,I,100,K,100,2,100,,
FJ882541,1I_D,10690,23,10712,dengue virus type 1,,I,100,D,100,,,,
MN018294,1III_A,10735,1,10735,dengue virus type 1,,III,100,A,100,,,,
MN018295,1I_K.3,10735,1,10735,dengue virus type 1,,I,100,K,100,3,100,,
MN018296,1I_J,10735,1,10735,dengue virus type 1,,I,100,J,100,,,,
MN018297,1IV_B.1,10735,1,10735,dengue virus type 1,,IV,100,B,100,1,100,,
MN018298,1I_K.1,10735,1,10735,dengue virus type 1,,I,100,K,100,1,100,,
FJ882542,1I_C,10684,23,10712,dengue virus type 1,,I,100,C,100,,,,
MN018299,1I_K,10735,1,10735,dengue virus type 1,,I,100,K,100,Related to but not part of 1,,,
MN018300,1I_K.3,10735,1,10735,dengue virus type 1,,I,100,K,100,3,100,,
MN018301,1I_K.3,10735,1,10735,dengue virus type 1,,I,100,K,100,3,100,,
MN018302,1III_A,10735,1,10735,dengue virus type 1,,III,100,A,100,,,,
MN018303,1I_H.1,10735,1,10735,dengue virus type 1,,I,100,H,100,1,100,,
FJ882543,1I_C,10690,23,10712,dengue virus type 1,,I,100,C,100,,,,
MN018304,1I_K.2,10735,1,10735,dengue virus type 1,,I,100,K,100,2,100,,
MN018305,1I_K,10735,1,10735,dengue virus type 1,,I,100,K,100,Related to but not part of 1,,,
MN018306,1I_K.1,10735,1,10735,dengue virus type 1,,I,100,K,100,1,100,,
MN018307,1I_E.1,10735,1,10735,dengue virus type 1,,I,100,E,100,1,100,,
MN018308,1III_A,10735,1,10735,dengue virus type 1,,III,100,A,100,,,,
FJ882544,1I_E,10673,38,10712,dengue virus type 1,,I,100,E,100,Related to but not part of 1,,,
MN018309,1III_A,10735,1,10735,dengue virus type 1,,III,100,A,100,,,,
MN018310,1I_K.3,10735,1,10735,dengue virus type 1,,I,100,K,100,3,100,,
MN018311,1I_J,10735,1,10735,dengue virus type 1,,I,100,J,100,,,,
MN018312,1I_J,10735,1,10735,dengue virus type 1,,I,100,J,100,,,,
MN018313,1I_J,10735,1,10735,dengue virus type 1,,I,100,J,100,,,,
FJ882545,1I_K,10690,23,10712,dengue virus type 1,,I,100,K,100,Could not assign,,,
MN018314,1I_K,10735,1,10735,dengue virus type 1,,I,100,K,100,Related to but not part of 1,,,
MN018315,1I_K.2,10735,1,10735,dengue virus type 1,,I,100,K,100,2,100,,
MN018316,1I_K.2,10735,1,10735,dengue virus type 1,,I,100,K,100,2,100,,
MN018317,1I_K,10735,1,10735,dengue virus type 1,,I,100,K,100,Related to but not part of 1,,,
MN018318,1IV_B.1,10735,1,10735,dengue virus type 1,,IV,100,B,100,1,100,,
FJ882546,1I_K,10681,23,10706,dengue virus type 1,,I,100,K,100,Could not assign,,,
MN018319,1III_A,10735,1,10735,dengue virus type 1,,III,100,A,100,,,,
MN018320,1I_H.1,10735,1,10735,dengue virus type 1,,I,100,H,100,1,100,,
MN018321,1I_K,10735,1,10735,dengue virus type 1,,I,100,K,73,Could not assign,,,
MN018322,1I_K.2,10735,1,10735,dengue virus type 1,,I,100,K,100,2,100,,
MN018323,1I_K,10735,1,10735,dengue virus type 1,,I,100,K,100,Related to but not part of 1,,,
FJ882547,1I_K,10664,37,10706,dengue virus type 1,,I,100,K,100,Could not assign,,,
MN018324,1I_K,10735,1,10735,dengue virus type 1,,I,100,K,100,Related to but not part of 1,,,
MN018325,1I_K.3,10735,1,10735,dengue virus type 1,,I,100,K,100,3,100,,
MN018326,1I_E.1,10735,1,10735,dengue virus type 1,,I,100,E,100,1,100,,
MN018327,1I_E.1,10735,1,10735,dengue virus type 1,,I,100,E,100,1,100,,
MN018328,1III_A,10735,1,10735,dengue virus type 1,,III,100,A,100,,,,
FJ882548,1I_K,10684,23,10706,dengue virus type 1,,I,100,K,100,Could not assign,,,
MN018329,1I_K.2,10735,1,10735,dengue virus type 1,,I,100,K,100,2,100,,
MN018330,1I_K.2,10735,1,10735,dengue virus type 1,,I,100,K,100,2,100,,
MN018331,1I_K.2,10735,1,10735,dengue virus type 1,,I,100,K,100,2,100,,
MN018332,1I_E.1,10735,1,10735,dengue virus type 1,,I,100,E,100,1,100,,
FJ882549,1I_D,10665,32,10697,dengue virus type 1,,I,100,D,100,,,,
MN018333,1I_E.1,10735,1,10735,dengue virus type 1,,I,100,E,100,1,100,,
MN018334,1I_E.1,10735,1,10735,dengue virus type 1,,I,100,E,100,1,100,,
MN018335,1I_K,10735,1,10735,dengue virus type 1,,I,100,K,67,Could not assign,,,
MN018336,1I_K.2,10735,1,10735,dengue virus type 1,,I,100,K,100,2,100,,
FJ882550,1I_C,10690,23,10712,dengue virus type 1,,I,100,C,100,,,,
FJ882551,1I_G,10690,23,10712,dengue virus type 1,,I,100,G,100,,,,
FJ882552,1I_G,10690,23,10712,dengue virus type 1,,I,100,G,100,,,,
FJ882553,1I_E,10680,32,10712,dengue virus type 1,,I,100,E,100,Related to but not part of 1,,,
KC692497,1V_E,10735,1,10735,dengue virus type 1,,V,100,E,100,,,,
FJ882554,1I_E,10676,37,10712,dengue virus type 1,,I,100,E,100,Could not assign,,,
FJ882555,1I_G,10678,34,10712,dengue virus type 1,,I,100,G,100,,,,
MT447147,1I_K.1,10737,1,10735,dengue virus type 1,,I,100,K,100,1,100,,
FJ882556,1I_E,10690,23,10712,dengue virus type 1,,I,100,E,100,Could not assign,,,
FJ882558,1I_G,10690,23,10712,dengue virus type 1,,I,100,G,100,,,,
FJ882559,1I_G,10690,23,10712,dengue virus type 1,,I,100,G,100,,,,
FJ882560,1I_E,10690,23,10712,dengue virus type 1,,I,100,E,100,Could not assign,,,
FJ882561,1I_C,10676,37,10712,dengue virus type 1,,I,100,C,100,,,,
MF681692,1I_K.1,10735,1,10734,dengue virus type 1,,I,100,K,100,1,100,,
MF681693,1I_K.1,10735,1,10734,dengue virus type 1,,I,100,K,100,1,100,,
FJ882562,1I_K,10676,37,10712,dengue virus type 1,,I,100,K,100,Could not assign,,,
MF683116,1I_K.1,10735,1,10734,dengue virus type 1,,I,100,K,100,1,100,,
MF683117,1I_K.1,10735,1,10734,dengue virus type 1,,I,100,K,100,1,100,,
FJ882563,1I_K,10674,39,10712,dengue virus type 1,,I,100,K,100,Could not assign,,,
MH921566,1IV_A,10706,1,10735,dengue virus type 1,,IV,100,A,100,,,,
MH921567,1IV_A,10706,1,10735,dengue virus type 1,,IV,100,A,100,,,,
KC692498,1V_E,10735,1,10735,dengue virus type 1,,V,100,E,100,,,,
FJ882564,1I_C,10681,29,10709,dengue virus type 1,,I,100,C,100,,,,
FJ882565,1I_C,10674,37,10710,dengue virus type 1,,I,100,C,100,,,,
MF797878,1V_D.1,10687,3,10689,dengue virus type 1,,V,100,D,100,1,100,,
FJ882566,1I_C,10688,23,10710,dengue virus type 1,,I,100,C,100,,,,
FJ882567,1I_C,10690,23,10712,dengue virus type 1,,I,100,C,100,,,,
FJ882568,1I_C,10676,23,10698,dengue virus type 1,,I,100,C,100,,,,
FJ882569,1I_C,10690,23,10712,dengue virus type 1,,I,100,C,100,,,,
FJ882570,1I_C,10690,23,10712,dengue virus type 1,,I,100,C,100,,,,
FJ882579,1V_F,10674,38,10712,dengue virus type 1,,V,100,F,100,,,,
KF184975,1VI_A,10602,49,10652,dengue virus type 1,,VI,100,A,100,,,,
FJ898371,1I_C,10674,39,10712,dengue virus type 1,,I,100,C,100,,,,
FJ898372,1I_K,10690,23,10712,dengue virus type 1,,I,100,K,100,Could not assign,,,
FJ898373,1I_D,10680,32,10712,dengue virus type 1,,I,100,D,100,,,,
FJ898374,1I_C,10674,38,10712,dengue virus type 1,,I,100,C,100,,,,
FJ898375,1I_G,10690,23,10712,dengue virus type 1,,I,100,G,100,,,,
FJ898376,1I_C,10689,23,10712,dengue virus type 1,,I,100,C,100,,,,
FJ898377,1I_G,10690,23,10712,dengue virus type 1,,I,100,G,100,,,,
FJ898378,1I_G,10677,36,10712,dengue virus type 1,,I,100,G,100,,,,
FJ898379,1I_E,10674,38,10712,dengue virus type 1,,I,100,E,100,Could not assign,,,
KC692499,1V_E,10735,1,10735,dengue virus type 1,,V,100,E,100,,,,
FJ898380,1I_E,10676,37,10712,dengue virus type 1,,I,100,E,100,Could not assign,,,
FJ898381,1I_G,10680,30,10712,dengue virus type 1,,I,100,G,100,,,,
FJ898382,1I_E,10690,23,10712,dengue virus type 1,,I,100,E,100,Could not assign,,,
FJ898383,1I_E,10690,23,10712,dengue virus type 1,,I,100,E,100,Could not assign,,,
FJ898384,1I_G,10690,23,10712,dengue virus type 1,,I,100,G,100,,,,
FJ898385,1I_C,10690,23,10712,dengue virus type 1,,I,100,C,100,,,,
FJ898386,1I_C,10690,23,10712,dengue virus type 1,,I,100,C,100,,,,
FJ898387,1I_G,10654,37,10691,dengue virus type 1,,I,100,G,100,,,,
FJ898388,1I_G,10690,23,10712,dengue virus type 1,,I,100,G,100,,,,
FJ898389,1I_C,10690,23,10712,dengue virus type 1,,I,100,C,100,,,,
FJ898390,1I_C,10676,37,10712,dengue virus type 1,,I,100,C,100,,,,
FJ898391,1I_G,10690,23,10712,dengue virus type 1,,I,100,G,100,,,,
FJ898392,1I,10690,23,10712,dengue virus type 1,,I,100,Related to but not part of C,,,,,
FJ898393,1I_C,10687,26,10712,dengue virus type 1,,I,100,C,100,,,,
FJ898394,1I_C,10677,36,10712,dengue virus type 1,,I,100,C,100,,,,
FJ898395,1I_K,10681,32,10712,dengue virus type 1,,I,100,K,100,Could not assign,,,
FJ898396,1I_C,10719,23,10735,dengue virus type 1,,I,100,C,100,,,,
FJ898397,1I_G,10680,32,10712,dengue virus type 1,,I,100,G,100,,,,
FJ898398,1I_G,10688,23,10710,dengue virus type 1,,I,100,G,100,,,,
KC692500,1V_E,10735,1,10735,dengue virus type 1,,V,100,E,100,,,,
FJ898399,1I_G,10690,23,10712,dengue virus type 1,,I,100,G,100,,,,
FJ898400,1I_G,10688,23,10710,dengue virus type 1,,I,100,G,100,,,,
FJ898401,1I_G,10690,23,10712,dengue virus type 1,,I,100,G,100,,,,
FJ898402,1I_G,10690,23,10712,dengue virus type 1,,I,100,G,100,,,,
FJ898403,1I_G,10690,23,10712,dengue virus type 1,,I,100,G,100,,,,
FJ898404,1I_C,10689,23,10712,dengue virus type 1,,I,100,C,100,,,,
FJ898405,1I_C,10679,33,10712,dengue virus type 1,,I,100,C,100,,,,
FJ898406,1I_C,10690,23,10712,dengue virus type 1,,I,100,C,100,,,,
FJ898407,1I_D,10672,41,10712,dengue virus type 1,,I,100,D,100,,,,
FJ898408,1I,10690,23,10712,dengue virus type 1,,I,100,Related to but not part of C,,,,,
FJ898409,1I_C,10684,23,10707,dengue virus type 1,,I,100,C,100,,,,
FJ898410,1I_G,10690,23,10712,dengue virus type 1,,I,100,G,100,,,,
FJ898411,1I_G,10690,23,10712,dengue virus type 1,,I,100,G,100,,,,
FJ898412,1I,10672,38,10712,dengue virus type 1,,I,100,Related to but not part of C,,,,,
FJ898413,1I_G,10684,23,10706,dengue virus type 1,,I,100,G,100,,,,
FJ898414,1I_C,10679,33,10712,dengue virus type 1,,I,100,C,100,,,,
FJ898415,1I_C,10672,38,10710,dengue virus type 1,,I,100,C,100,,,,
FJ898416,1I_C,10689,23,10712,dengue virus type 1,,I,100,C,100,,,,
FJ898417,1I_G,10690,23,10712,dengue virus type 1,,I,100,G,100,,,,
FJ898418,1I_G,10683,30,10712,dengue virus type 1,,I,100,G,100,,,,
KC692501,1V_E,10735,1,10735,dengue virus type 1,,V,100,E,100,,,,
FJ898419,1I_G,10676,37,10712,dengue virus type 1,,I,100,G,100,,,,
FJ898420,1I_K,10676,37,10712,dengue virus type 1,,I,100,K,100,Could not assign,,,
FJ898421,1I_K,10690,23,10712,dengue virus type 1,,I,100,K,100,Could not assign,,,
FJ898422,1I_G,10690,23,10712,dengue virus type 1,,I,100,G,100,,,,
FJ898423,1I_D,10679,33,10712,dengue virus type 1,,I,100,D,100,,,,
FJ898424,1I_D,10690,23,10712,dengue virus type 1,,I,100,D,100,,,,
FJ898425,1I_C,10691,23,10712,dengue virus type 1,,I,100,C,100,,,,
FJ898426,1I_G,10688,23,10712,dengue virus type 1,,I,100,G,100,,,,
FJ898427,1I_C,10689,23,10712,dengue virus type 1,,I,100,C,100,,,,
FJ898428,1I_C,10691,23,10712,dengue virus type 1,,I,100,C,100,,,,
FJ898431,1I_G,10690,23,10712,dengue virus type 1,,I,100,G,100,,,,
FJ898429,1I_D,10688,23,10710,dengue virus type 1,,I,100,D,100,,,,
FJ898430,1I_G,10673,38,10712,dengue virus type 1,,I,100,G,100,,,,
FJ898433,1V_C,10684,23,10706,dengue virus type 1,,V,100,C,100,,,,
FJ898437,1V_C,10678,35,10712,dengue virus type 1,,V,100,C,100,,,,
FJ898448,1IV_A,10676,37,10712,dengue virus type 1,,IV,100,A,100,,,,
FJ906728,1I_K,10676,37,10712,dengue virus type 1,,I,100,K,100,Could not assign,,,
FJ906963,1I_E,10675,38,10712,dengue virus type 1,,I,100,E,100,Related to but not part of 1,,,
FJ906964,1I_G,10672,38,10712,dengue virus type 1,,I,100,G,100,,,,
KC692503,1V_E,10735,1,10735,dengue virus type 1,,V,100,E,100,,,,
FJ906965,1I_G,10676,37,10712,dengue virus type 1,,I,100,G,100,,,,
KR024705,1III_A,10703,1,10724,dengue virus type 1,,III,100,A,100,,,,
KR024706,1III_A,10703,1,10724,dengue virus type 1,,III,100,A,100,,,,
KR024707,1III_A,10703,1,10724,dengue virus type 1,,III,100,A,100,,,,
KR024708,1III_A,10703,1,10724,dengue virus type 1,,III,100,A,100,,,,
HQ332177,1V_F,10735,1,10735,dengue virus type 1,,V,100,F,100,,,,
HQ332178,1V_F,10735,1,10735,dengue virus type 1,,V,100,F,100,,,,
HQ332179,1V_F,10735,1,10735,dengue virus type 1,,V,100,F,100,,,,
HQ332180,1V_F,10735,1,10735,dengue virus type 1,,V,100,F,100,,,,
HQ332181,1V_E,10735,1,10735,dengue virus type 1,,V,100,E,100,,,,
HQ332182,1V_B,10735,1,10735,dengue virus type 1,,V,100,B,100,,,,
HQ332183,1V_B,10735,1,10735,dengue virus type 1,,V,100,B,100,,,,
MG767211,1I_K.2,10700,1,10701,dengue virus type 1,,I,100,K,100,2,100,,
KC692502,1V_E,10735,1,10735,dengue virus type 1,,V,100,E,100,,,,
KC692504,1V_E,10735,1,10735,dengue virus type 1,,V,100,E,100,,,,
KY672931,1I_H.1,10738,1,10735,dengue virus type 1,,I,100,H,100,1,100,,
KY672932,1I_H.1,10704,1,10702,dengue virus type 1,,I,100,H,100,1,100,,
KY672933,1I_J,10714,1,10712,dengue virus type 1,,I,100,J,100,,,,
KY672934,1I_H.1,10738,1,10734,dengue virus type 1,,I,100,H,100,1,100,,
KY672935,1I_H.1,10738,1,10734,dengue virus type 1,,I,100,H,100,1,100,,
KY672936,1I_H.1,10738,1,10735,dengue virus type 1,,I,100,H,100,1,100,,
KY672937,1I_J,10738,1,10735,dengue virus type 1,,I,100,J,100,,,,
KY672938,1I_J,10738,1,10735,dengue virus type 1,,I,100,J,100,,,,
KY672939,1I_J,10707,1,10705,dengue virus type 1,,I,100,J,100,,,,
KY672940,1I_J,10707,1,10705,dengue virus type 1,,I,100,J,100,,,,
KY672941,1I_H.1,10714,1,10712,dengue virus type 1,,I,100,H,100,1,100,,
KY672942,1I_H.1,10737,1,10735,dengue virus type 1,,I,100,H,100,1,100,,
KY672943,1I_H.1,10737,1,10735,dengue virus type 1,,I,100,H,100,1,100,,
KY672944,1III_A,10709,1,10707,dengue virus type 1,,III,100,A,99,,,,
MT921569,1I_H.1,10733,3,10735,dengue virus type 1,,I,100,H,100,1,100,,
MT929160,1V_B,10304,95,10427,dengue virus type 1,,V,100,B,100,,,,
KX224261,1I_K,10735,1,10735,dengue virus type 1,,I,100,K,100,Related to but not part of 1,,,
KX224263,1I_K.1,10735,1,10735,dengue virus type 1,,I,100,K,101,1,93,,
KX225483,1III_A,10651,21,10692,dengue virus type 1,,III,100,A,100,,,,
KX225484,1III_A,10692,11,10702,dengue virus type 1,,III,100,A,100,,,,
KX225487,1III_A,10618,50,10688,dengue virus type 1,,III,100,A,100,,,,
KX225488,1I_K.3,10692,10,10701,dengue virus type 1,,I,100,K,100,3,100,,
KX225489,1I_K.3,10678,14,10691,dengue virus type 1,,I,100,K,100,3,100,,
KX225490,1I_H.1,10676,14,10689,dengue virus type 1,,I,100,H,100,1,100,,
KX225491,1I_H.1,10688,11,10698,dengue virus type 1,,I,100,H,100,1,100,,
KX225492,1I_K,10691,12,10702,dengue virus type 1,,I,100,K,100,Related to but not part of 1,,,
KX225493,1I_K,10691,11,10701,dengue virus type 1,,I,100,K,100,Related to but not part of 1,,,
MH822958,1III_A,10564,22,10606,dengue virus type 1,,III,100,A,99,,,,
MH822959,1III_A,10669,10,10699,dengue virus type 1,,III,100,A,98,,,,
MH823207,1I_K,10728,8,10735,dengue virus type 1,,I,100,K,100,Could not assign,,,
MG840530,1I_K.2,10735,1,10735,dengue virus type 1,,I,100,K,100,2,100,,
MG840531,1III_A,10714,1,10735,dengue virus type 1,,III,100,A,100,,,,
MG840532,1I_K.3,10735,1,10735,dengue virus type 1,,I,100,K,100,3,100,,
MG840533,1III_A,10714,1,10735,dengue virus type 1,,III,100,A,100,,,,
MG840534,1I_K,10735,1,10735,dengue virus type 1,,I,100,K,100,Related to but not part of 1,,,
MG840535,1I_K,10735,1,10735,dengue virus type 1,,I,100,K,100,Related to but not part of 1,,,
MG840536,1III_A,10714,1,10735,dengue virus type 1,,III,100,A,100,,,,
MG840537,1III_A,10714,1,10735,dengue virus type 1,,III,100,A,100,,,,
MG840538,1I_K.3,10735,1,10735,dengue virus type 1,,I,100,K,100,3,100,,
MG840539,1I_K.3,10735,1,10735,dengue virus type 1,,I,100,K,100,3,100,,
MG840540,1III_A,10714,1,10735,dengue virus type 1,,III,100,A,100,,,,
MG840541,1I_K.3,10735,1,10735,dengue virus type 1,,I,100,K,100,3,100,,
MG840542,1III_A,10735,1,10735,dengue virus type 1,,III,100,A,100,,,,
MG840543,1III_A,10735,1,10735,dengue virus type 1,,III,100,A,100,,,,
MG840544,1I_K.3,10735,1,10735,dengue virus type 1,,I,100,K,100,3,100,,
MG840545,1I_K.2,10735,1,10735,dengue virus type 1,,I,100,K,100,2,100,,
MG840546,1I_K.2,10735,1,10735,dengue virus type 1,,I,100,K,100,2,100,,
MG840547,1I_K.2,10735,1,10735,dengue virus type 1,,I,100,K,100,2,100,,
MG840548,1I_J,10735,1,10735,dengue virus type 1,,I,100,J,100,,,,
MG840549,1I_J,10735,1,10735,dengue virus type 1,,I,100,J,100,,,,
MG840550,1I_J,10735,1,10735,dengue virus type 1,,I,100,J,100,,,,
MG840551,1I_H.1,10735,1,10735,dengue virus type 1,,I,100,H,100,1,100,,
MG840552,1I_J,10735,1,10735,dengue virus type 1,,I,100,J,100,,,,
MG840553,1I_H.1,10735,1,10735,dengue virus type 1,,I,100,H,100,1,100,,
MG840554,1I_K.2,10735,1,10735,dengue virus type 1,,I,100,K,100,2,100,,
MG840555,1I_K,10735,1,10735,dengue virus type 1,,I,100,K,73,Could not assign,,,
MG840556,1I_K.2,10735,1,10735,dengue virus type 1,,I,100,K,100,2,100,,
MG840557,1I_K.2,10735,1,10735,dengue virus type 1,,I,100,K,100,2,100,,
MG840558,1I_E.1,10735,1,10735,dengue virus type 1,,I,100,E,100,1,100,,
MG840559,1I_K.2,10735,1,10735,dengue virus type 1,,I,100,K,100,2,100,,
MG840560,1I_K.2,10735,1,10735,dengue virus type 1,,I,100,K,100,2,100,,
MG840561,1I_K.2,10735,1,10735,dengue virus type 1,,I,100,K,100,2,100,,
MG840562,1I_K,10735,1,10735,dengue virus type 1,,I,100,K,100,Related to but not part of 1,,,
MG840563,1I_K,10735,1,10735,dengue virus type 1,,I,100,K,100,Related to but not part of 1,,,
MG840564,1I_K,10735,1,10735,dengue virus type 1,,I,100,K,100,Related to but not part of 1,,,
MG840565,1I_K,10735,1,10735,dengue virus type 1,,I,100,K,100,Related to but not part of 1,,,
MG840566,1I_K,10735,1,10735,dengue virus type 1,,I,100,K,100,Related to but not part of 1,,,
MG840567,1IV_B.1,10735,1,10735,dengue virus type 1,,IV,100,B,100,1,100,,
MG840568,1III_A,10714,1,10735,dengue virus type 1,,III,100,A,100,,,,
MG840569,1I_E.1,10735,1,10735,dengue virus type 1,,I,100,E,100,1,100,,
MG840570,1I_E.1,10735,1,10735,dengue virus type 1,,I,100,E,100,1,100,,
MG840571,1I_E.1,10735,1,10735,dengue virus type 1,,I,100,E,100,1,100,,
MG840572,1I_K,10735,1,10735,dengue virus type 1,,I,100,K,69,Could not assign,,,
MG840573,1I_K.2,10735,1,10735,dengue virus type 1,,I,100,K,100,2,100,,
MG840574,1IV_B.1,10735,1,10735,dengue virus type 1,,IV,100,B,100,1,100,,
MG840575,1I_K.1,10735,1,10735,dengue virus type 1,,I,100,K,100,1,100,,
MG840576,1I_K.1,10735,1,10735,dengue virus type 1,,I,100,K,100,1,100,,
MG840577,1I_K.1,10735,1,10735,dengue virus type 1,,I,100,K,100,1,100,,
MG840578,1I_E.1,10735,1,10735,dengue virus type 1,,I,100,E,100,1,100,,
MG840579,1IV_B.1,10735,1,10735,dengue virus type 1,,IV,100,B,100,1,100,,
MG840580,1I_K.2,10735,1,10735,dengue virus type 1,,I,100,K,100,2,100,,
MG877553,1V_E,10719,1,10718,dengue virus type 1,,V,100,E,100,,,,
MG877554,1I_E,10719,1,10718,dengue virus type 1,,I,100,E,100,Could not assign,,,
MG877555,1I_E,10719,1,10718,dengue virus type 1,,I,100,E,100,Could not assign,,,
MG877556,1I_K,10718,1,10718,dengue virus type 1,,I,100,K,62,Related to but not part of 3,,,
MG877557,1VI_B,10751,1,10735,dengue virus type 1,,VI,100,B,100,,,,
KC692505,1V_E,10735,1,10735,dengue virus type 1,,V,100,E,100,,,,
KY829115,1V_C,10717,1,10717,dengue virus type 1,,V,100,C,100,,,,
KC692507,1V_E,10735,1,10735,dengue virus type 1,,V,100,E,100,,,,
KC692506,1V_E,10735,1,10735,dengue virus type 1,,V,100,E,100,,,,
KX380796,1III_A,10669,1,10690,dengue virus type 1,,III,100,A,100,,,,
KX380797,1IV_B.1,10734,1,10734,dengue virus type 1,,IV,100,B,100,1,100,,
KX380798,1I_E,10697,1,10698,dengue virus type 1,,I,100,E,100,Could not assign,,,
KX380799,1III_A,10669,1,10690,dengue virus type 1,,III,100,A,100,,,,
KX380800,1III_A,10669,1,10690,dengue virus type 1,,III,100,A,100,,,,
KX380801,1III_A,10669,1,10690,dengue virus type 1,,III,100,A,100,,,,
KX380802,1III_A,10669,1,10690,dengue virus type 1,,III,100,A,100,,,,
KX380803,1III_A,10669,1,10690,dengue virus type 1,,III,100,A,100,,,,
KX380804,1III_A,10669,1,10690,dengue virus type 1,,III,100,A,100,,,,
KX380805,1III_A,10669,1,10690,dengue virus type 1,,III,100,A,100,,,,
KX380806,1III_A,10669,1,10690,dengue virus type 1,,III,100,A,100,,,,
MH891767,1III_A,10764,1,10735,dengue virus type 1,,III,100,A,100,,,,
MH891771,1III_A,10623,6,10649,dengue virus type 1,,III,100,A,99,,,,
KT279761,1V_E,10735,1,10734,dengue virus type 1,,V,100,E,100,,,,
KY921902,1I_K.2,10735,1,10735,dengue virus type 1,,I,100,K,100,2,100,,
KY921903,1III_A,10714,1,10735,dengue virus type 1,,III,100,A,100,,,,
KY926849,1IV_A,10597,63,10659,dengue virus type 1,,IV,100,A,100,,,,
KY926848,1I_E,10597,63,10659,dengue virus type 1,,I,100,E,100,Could not assign,,,
KC692508,1V_E,10735,1,10735,dengue virus type 1,,V,100,E,100,,,,
KX452050,1I_K.2,10675,1,10659,dengue virus type 1,,I,100,K,100,2,100,,
KX452051,1I_K.2,10563,1,10516,dengue virus type 1,,I,100,K,100,2,100,,
KX452052,1I_K.2,10692,1,10642,dengue virus type 1,,I,100,K,100,2,100,,
KX452053,1I_K.1,10612,1,10532,dengue virus type 1,,I,100,K,100,1,92,,
KX452054,1I_K.2,10818,1,10672,dengue virus type 1,,I,100,K,100,2,100,,
KX452055,1I_K.2,10694,1,10630,dengue virus type 1,,I,100,K,100,2,100,,
KX452056,1I_K.2,10687,1,10613,dengue virus type 1,,I,100,K,100,2,100,,
KX452057,1I_K.2,10723,1,10659,dengue virus type 1,,I,100,K,100,2,100,,
KX452058,1I_K.2,10674,4,10677,dengue virus type 1,,I,100,K,100,2,100,,
KX452059,1I_K.2,10733,1,10667,dengue virus type 1,,I,100,K,100,2,100,,
KX452060,1I_K.2,10606,60,10665,dengue virus type 1,,I,100,K,100,2,100,,
KX452061,1I_K.2,10665,1,10619,dengue virus type 1,,I,100,K,100,2,100,,
KX452062,1I_K.2,10611,51,10661,dengue virus type 1,,I,100,K,100,2,100,,
KX452063,1I_K.2,10612,1,10584,dengue virus type 1,,I,100,K,100,2,100,,
KX452064,1I_K.2,10690,1,10667,dengue virus type 1,,I,100,K,100,2,100,,
KX452065,1I_K.2,10740,1,10674,dengue virus type 1,,I,100,K,100,2,100,,
KX452067,1I_K,10602,20,10623,dengue virus type 1,,I,100,K,100,Related to but not part of 1,,,
KX452068,1I_K.2,10653,1,10627,dengue virus type 1,,I,100,K,100,2,100,,
AB608786,1I_E,10749,1,10735,dengue virus type 1,,I,100,E,100,Could not assign,,,
KX458014,1I_K.3,10735,1,10735,dengue virus type 1,,I,100,K,100,3,100,,
KX459386,1III_A,10666,4,10690,dengue virus type 1,,III,100,A,100,,,,
KX459387,1III_A,10670,11,10701,dengue virus type 1,,III,100,A,100,,,,
KX459388,1III_A,10666,4,10690,dengue virus type 1,,III,100,A,100,,,,
KX459389,1III_A,10664,14,10698,dengue virus type 1,,III,100,A,100,,,,
AB608787,1I_H,10749,1,10735,dengue virus type 1,,I,100,H,100,Related to but not part of 1,,,
KX459390,1III_A,10668,14,10702,dengue virus type 1,,III,100,A,100,,,,
KX459391,1III_A,10623,46,10689,dengue virus type 1,,III,100,A,100,,,,
KX459392,1III_A,10673,10,10703,dengue virus type 1,,III,100,A,100,,,,
AB608788,1I_B,10693,56,10735,dengue virus type 1,,I,100,B,100,,,,
AB608789,1I,10677,35,10718,dengue virus type 1,,I,100,Related to but not part of C,,,,,
MK783210,2II_A.2.1,10686,1,10682,dengue virus type 2,,II,100,A,100,2,100,,
MK783209,2II_A.2.1,10658,1,10654,dengue virus type 2,,II,100,A,100,2,100,1,100
MK783208,2II_A.2.1,10726,1,10722,dengue virus type 2,,II,100,A,100,2,100,1,100
MK783207,2II_A.2.1,10680,1,10676,dengue virus type 2,,II,100,A,100,2,100,1,100
MK783206,2II_A.2.1,10694,1,10690,dengue virus type 2,,II,100,A,100,2,100,1,100
MK783205,2II_C.1,10683,1,10682,dengue virus type 2,,II,100,C,100,1,100,1,100
MK783204,2II_D.2,10678,1,10677,dengue virus type 2,,II,100,D,100,2,100,,
MK783203,2II_F.1,10683,1,10682,dengue virus type 2,,II,100,F,100,1,100,,
MK783202,2II_F.1,10637,1,10636,dengue virus type 2,,II,100,F,100,1,100,Related to but not part of 1,
MK783201,2II_F.1,10683,1,10682,dengue virus type 2,,II,100,F,100,1,100,Related to but not part of 1,
MK783200,2II_F.1,10683,1,10682,dengue virus type 2,,II,100,F,100,1,100,Could not assign,
MK783199,2II_F.1,10678,1,10678,dengue virus type 2,,II,100,F,100,1,100,Related to but not part of 1,
MK783198,2II_F.1,10638,1,10636,dengue virus type 2,,II,100,F,100,1,100,Related to but not part of 2,
MK783197,2II_F.1,10683,1,10682,dengue virus type 2,,II,100,F,100,1,100,Related to but not part of 2,
MK783196,2II_F.1,10679,1,10678,dengue virus type 2,,II,100,F,100,1,100,Related to but not part of 2,
MK783195,2II_F.1,10678,1,10677,dengue virus type 2,,II,100,F,100,1,100,Related to but not part of 2,
MK783194,2II_F.1,10679,1,10678,dengue virus type 2,,II,100,F,100,1,100,Related to but not part of 2,
MK783193,2II_F.1,10678,1,10677,dengue virus type 2,,II,100,F,100,1,100,Related to but not part of 2,
MK783192,2II_F.1,10683,1,10682,dengue virus type 2,,II,100,F,100,1,100,Related to but not part of 2,
MK783191,2II_F.1,10678,1,10677,dengue virus type 2,,II,100,F,100,1,100,Related to but not part of 2,
MK783190,2II_F.1,10674,1,10673,dengue virus type 2,,II,100,F,100,1,100,Related to but not part of 2,
MK783189,2II_F.1,10677,1,10677,dengue virus type 2,,II,100,F,100,1,100,Related to but not part of 1,
MT832080,2II_C.1,10176,97,10272,dengue virus type 2,,II,100,C,100,1,100,Related to but not part of 1,
MT832079,2II_C.1,10176,97,10272,dengue virus type 2,,II,100,C,100,1,100,,
MT832078,2II_C.1,10176,97,10272,dengue virus type 2,,II,100,C,100,1,100,,
MT832077,2II_C.1,10176,97,10272,dengue virus type 2,,II,100,C,100,1,100,,
MT832076,2II_C.1,10176,97,10272,dengue virus type 2,,II,100,C,100,1,100,,
MT832075,2II_C.1,10176,97,10272,dengue virus type 2,,II,100,C,100,1,100,,
MT832074,2II_C.1,10176,97,10272,dengue virus type 2,,II,100,C,100,1,100,,
MT832073,2II_C.1,10176,97,10272,dengue virus type 2,,II,100,C,100,1,100,,
MT832072,2II_C.1,10176,97,10272,dengue virus type 2,,II,100,C,100,1,100,,
MT832071,2II_C.1,10176,97,10272,dengue virus type 2,,II,100,C,100,1,100,,
MT832069,2II_C.1,10176,97,10272,dengue virus type 2,,II,100,C,100,1,100,,
MT832067,2II_C.1,10176,97,10272,dengue virus type 2,,II,100,C,100,1,100,,
MT832065,2II_C.1,10176,97,10272,dengue virus type 2,,II,100,C,100,1,100,,
MT832063,2II_C.1,10176,97,10272,dengue virus type 2,,II,100,C,100,1,100,,
MT832061,2II_C.1,10176,97,10272,dengue virus type 2,,II,100,C,100,1,100,,
MT832060,2II_C.1,10176,97,10272,dengue virus type 2,,II,100,C,100,1,100,,
MT832059,2II_C.1,10176,97,10272,dengue virus type 2,,II,100,C,100,1,100,,
MT832058,2II_C.1,10176,97,10272,dengue virus type 2,,II,100,C,100,1,100,,
MT832057,2II_C.1,10176,97,10272,dengue virus type 2,,II,100,C,100,1,100,,
MT832056,2II_C.1,10176,97,10272,dengue virus type 2,,II,100,C,100,1,100,,
MT832055,2II_C.1,10176,97,10272,dengue virus type 2,,II,100,C,100,1,100,,
MT832054,2II_C.1,10176,97,10272,dengue virus type 2,,II,100,C,100,1,100,,
MT832053,2II_C.1,10176,97,10272,dengue virus type 2,,II,100,C,100,1,100,,
HQ332184,2III_D.2,10722,1,10723,dengue virus type 2,,III,100,D,100,2,100,,
HQ332185,2III_D.2,10722,1,10723,dengue virus type 2,,III,100,D,100,2,100,,
MW186240,2II_F.1,10723,1,10723,dengue virus type 2,,II,100,F,100,1,100,,
MW186239,2II_F.1,10723,1,10723,dengue virus type 2,,II,100,F,100,1,100,Related to but not part of 1,
HQ332186,2III_D.2,10722,1,10723,dengue virus type 2,,III,100,D,100,2,100,Related to but not part of 1,
HQ332187,2III_D.2,10722,1,10723,dengue virus type 2,,III,100,D,100,2,100,,
HQ332188,2III_D.2,10722,1,10723,dengue virus type 2,,III,100,D,100,2,100,,
KC762655,2II_E,10723,1,10723,dengue virus type 2,,II,100,E,100,Related to but not part of 2,,,
HQ332189,2III_D.2,10722,1,10723,dengue virus type 2,,III,100,D,100,2,100,,
HQ332190,2III_D.2,10722,1,10723,dengue virus type 2,,III,100,D,100,2,100,,
MW946583,2III_C,10176,97,10272,dengue virus type 2,,III,100,C,100,Could not assign,,,
KC762656,2II_E,10723,1,10723,dengue virus type 2,,II,100,E,100,Related to but not part of 2,,,
MW946575,2I,10176,97,10272,dengue virus type 2,,I,100,,,,,,
MW946564,2VI,10176,97,10272,dengue virus type 2,,VI,100,,,,,,
KC762658,2II_E,10723,1,10723,dengue virus type 2,,II,100,E,100,Related to but not part of 2,,,
MW946495,2III_D.1.1,10176,97,10272,dengue virus type 2,,III,100,D,100,1,100,,
HQ541786,2III_D.1.1,10694,1,10689,dengue virus type 2,,III,100,D,100,1,100,1,100
MW946478,2II_A,10176,97,10272,dengue virus type 2,,II,100,A,100,Could not assign,,1,100
MW946475,2I,10176,97,10272,dengue virus type 2,,I,100,,,,,,
KC762657,2II_E,10723,1,10723,dengue virus type 2,,II,100,E,100,Could not assign,,,
HQ541787,2III_D.1.1,10498,1,10487,dengue virus type 2,,III,100,D,100,1,100,,
HQ541788,2III_D.1.3,10487,1,10486,dengue virus type 2,,III,100,D,100,1,100,1,100
HQ541792,2III_D.1.1,10477,11,10486,dengue virus type 2,,III,100,D,100,1,100,3,100
HQ541793,2III_D.1.3,10485,11,10488,dengue virus type 2,,III,100,D,100,1,100,1,100
MW946444,2III_B,10176,97,10272,dengue virus type 2,,III,100,B,100,,,3,100
HQ541794,2III_D.1.3,10476,11,10486,dengue virus type 2,,III,100,D,100,1,100,,
HQ541798,dengue virus type 2,10507,1,10487,dengue virus type 2,,Related to but not part of IV,,,,,,3,100
KC762660,2II_E,10723,1,10723,dengue virus type 2,,II,100,E,100,Related to but not part of 1,,,
KC762659,2II_E,10723,1,10723,dengue virus type 2,,II,100,E,100,Related to but not part of 2,,,
AB543624,2V_A,10731,1,10723,dengue virus type 2,,V,100,A,61,Related to but not part of 4,,,
KC762661,2II_E,10723,1,10723,dengue virus type 2,,II,100,E,100,Related to but not part of 2,,,
MW946345,2VI,10176,97,10272,dengue virus type 2,,VI,100,,,,,,
KC762662,2II_E,10723,1,10723,dengue virus type 2,,II,100,E,100,Related to but not part of 2,,,
KC762664,2II_E,10723,1,10723,dengue virus type 2,,II,100,E,100,Related to but not part of 2,,,
MW946269,2III_D.1.3,10176,97,10272,dengue virus type 2,,III,100,D,100,1,100,,
KC762663,2II_E,10723,1,10723,dengue virus type 2,,II,100,E,100,Related to but not part of 2,,3,100
KC762665,2II_E,10723,1,10723,dengue virus type 2,,II,100,E,100,Related to but not part of 2,,,
MW191701,2II_A.1,10585,139,10723,dengue virus type 2,,II,100,A,100,1,100,,
MW191700,2II_A.1,10585,139,10723,dengue virus type 2,,II,100,A,100,1,100,,
MW191699,2II_A.1,10585,139,10723,dengue virus type 2,,II,100,A,100,1,100,,
MW191698,2II_A.1,10585,139,10723,dengue virus type 2,,II,100,A,100,1,100,,
KC762666,2II_E,10723,1,10723,dengue virus type 2,,II,100,E,100,Related to but not part of 2,,,
KC762667,2II_E,10723,1,10723,dengue virus type 2,,II,100,E,100,Related to but not part of 2,,,
MZ636801,2V_A,10711,13,10723,dengue virus type 2,,V,100,A,100,Related to but not part of 4,,,
MZ636802,2II_F.1,10711,13,10723,dengue virus type 2,,II,100,F,100,1,100,,
MZ636803,2II_F.1,10711,13,10723,dengue virus type 2,,II,100,F,100,1,100,Related to but not part of 1,
MZ636804,2II_F.1,10711,13,10723,dengue virus type 2,,II,100,F,100,1,100,Related to but not part of 1,
MZ636805,2II_F.1,10711,13,10723,dengue virus type 2,,II,100,F,100,1,100,Related to but not part of 2,
LC666718,2II_B,10724,1,10723,dengue virus type 2,,II,100,B,100,,,Related to but not part of 1,
LC666719,2II_B,10724,1,10723,dengue virus type 2,,II,100,B,100,,,,
KC762668,2II_F,10723,1,10723,dengue virus type 2,,II,100,F,100,Related to but not part of 1,,,
OK559627,2II_F.1,10714,11,10723,dengue virus type 2,,II,100,F,100,1,100,,
OK605757,2VI,10724,1,10723,dengue virus type 2,,VI,100,,,,,Related to but not part of 1,
OK605758,2III_B,10723,1,10723,dengue virus type 2,,III,100,B,100,,,,
OK605759,2V_B,10724,1,10723,dengue virus type 2,,V,100,B,100,,,,
OK605760,2IV,10722,1,10723,dengue virus type 2,,IV,100,,,,,,
OK605761,2III_B,10723,1,10723,dengue virus type 2,,III,100,B,100,,,,
KC762670,2II_F,10723,1,10723,dengue virus type 2,,II,100,F,100,Related to but not part of 1,,,
KC762669,2II_F,10723,1,10723,dengue virus type 2,,II,100,F,100,Related to but not part of 1,,,
KC762671,2II_D.2,10723,1,10723,dengue virus type 2,,II,100,D,100,2,100,,
ON123651,2II_A.1,10723,1,10723,dengue virus type 2,,II,100,A,100,1,100,,
OM639982,2II_F.1,10723,1,10723,dengue virus type 2,,II,100,F,100,1,100,,
KC762672,2II_D.2,10723,1,10723,dengue virus type 2,,II,100,D,100,2,100,Related to but not part of 2,
OM639992,2II_F.1,10716,8,10723,dengue virus type 2,,II,100,F,100,1,100,,
OM681318,2II_A,10722,1,10723,dengue virus type 2,,II,100,A,100,Could not assign,,Could not assign,
MW720957,2II_F.1,10715,9,10723,dengue virus type 2,,II,100,F,100,1,100,,
MW721459,2II_D.2,10722,1,10723,dengue virus type 2,,II,100,D,100,2,100,Related to but not part of 1,
MW721468,2II_D.1,10720,4,10723,dengue virus type 2,,II,100,D,100,1,100,,
MW721471,2II_F.1,10720,4,10723,dengue virus type 2,,II,100,F,100,1,100,,
MW721472,2II_F,10722,1,10723,dengue virus type 2,,II,100,F,100,Related to but not part of 1,,Related to but not part of 1,
KC762673,2II_D.3,10723,1,10723,dengue virus type 2,,II,100,D,100,3,100,,
KC762674,2II_D.3,10723,1,10723,dengue virus type 2,,II,100,D,100,3,100,,
KC762675,2II_D.3,10723,1,10723,dengue virus type 2,,II,100,D,100,3,100,,
KC762676,2II_D.3,10723,1,10723,dengue virus type 2,,II,100,D,100,3,100,,
KC762677,2II_D.3,10723,1,10723,dengue virus type 2,,II,100,D,100,3,100,,
OQ101603,2III_C.1.1,10725,1,10723,dengue virus type 2,,III,100,C,100,1,100,,
KC762678,2II_E,10723,1,10723,dengue virus type 2,,II,100,E,100,Related to but not part of 2,,1,82
KC762679,2II_D.2,10723,1,10723,dengue virus type 2,,II,100,D,100,2,100,,
KC762680,2II_D.2,10723,1,10723,dengue virus type 2,,II,100,D,100,2,100,,
OM256481,dengue virus type 2,10723,1,10723,dengue virus type 2,,Related to but not part of IV,,,,,,,
OM257419,dengue virus type 2,10713,1,10723,dengue virus type 2,,Related to but not part of IV,,,,,,,
OQ652964,dengue virus type 2,10723,1,10723,dengue virus type 2,,Related to but not part of IV,,,,,,,
OQ652965,dengue virus type 2,10710,1,10723,dengue virus type 2,,Related to but not part of IV,,,,,,,
KU094070,dengue virus type 2,10723,1,10723,dengue virus type 2,,Related to but not part of IV,,,,,,,
OQ603277,2III_D,10724,1,10723,dengue virus type 2,,III,100,D,100,Related to but not part of 3,,,
OQ603278,2III_D,10698,28,10723,dengue virus type 2,,III,100,D,100,Related to but not part of 3,,,
OQ603282,2III_D,10699,27,10723,dengue virus type 2,,III,100,D,100,Related to but not part of 3,,,
OQ603281,2III_D,10725,1,10723,dengue virus type 2,,III,100,D,100,Related to but not part of 3,,,
OQ603279,2III_D,10725,1,10723,dengue virus type 2,,III,100,D,100,Related to but not part of 3,,,
OQ603274,2III_D,10723,1,10723,dengue virus type 2,,III,100,D,100,Related to but not part of 3,,,
OQ603273,2III_D,10725,1,10723,dengue virus type 2,,III,100,D,100,Related to but not part of 3,,,
OQ603270,2III_D,10724,1,10723,dengue virus type 2,,III,100,D,100,Related to but not part of 3,,,
OQ603271,2III_D.3,10723,1,10723,dengue virus type 2,,III,100,D,100,3,100,,
OQ603269,2III_D.2,10723,1,10723,dengue virus type 2,,III,100,D,100,2,100,,
OQ603290,2III_D,10725,1,10723,dengue virus type 2,,III,100,D,100,Related to but not part of 3,,,
OQ603293,2III_D,10699,27,10723,dengue virus type 2,,III,100,D,100,Related to but not part of 3,,,
OQ603292,2III_D.2,10696,28,10723,dengue virus type 2,,III,100,D,100,2,100,,
OQ603296,2III_D.2,10612,114,10723,dengue virus type 2,,III,100,D,100,2,100,,
OQ603289,2III_D.2,10699,25,10723,dengue virus type 2,,III,100,D,100,2,100,,
OQ603288,2III_D,10725,1,10723,dengue virus type 2,,III,100,D,100,Related to but not part of 3,,,
OQ603300,2III_D,10696,30,10723,dengue virus type 2,,III,100,D,100,Related to but not part of 3,,,
OQ782203,2III_D.1.2,10724,1,10723,dengue virus type 2,,III,100,D,100,1,100,,
OQ782207,2III_D.1.2,10721,4,10723,dengue virus type 2,,III,100,D,100,1,100,2,100
OQ782220,2III_D.1.2,10724,1,10723,dengue virus type 2,,III,100,D,100,1,100,2,100
OQ782219,2III_D.1.2,10724,1,10723,dengue virus type 2,,III,100,D,100,1,100,2,100
OQ782217,2III_D.1.2,10724,1,10723,dengue virus type 2,,III,100,D,100,1,100,2,100
OQ782223,2III_D.1.2,10724,1,10723,dengue virus type 2,,III,100,D,100,1,100,2,100
OQ782222,2III_D.1.2,10724,1,10723,dengue virus type 2,,III,100,D,100,1,100,2,100
OQ782227,2III_D.1.2,10724,1,10723,dengue virus type 2,,III,100,D,100,1,100,2,100
OQ782228,2III_D.1.2,10724,1,10723,dengue virus type 2,,III,100,D,100,1,100,2,100
FM210204,2III_A.2,10559,13,10571,dengue virus type 2,,III,100,A,100,2,100,2,100
FM210205,2V_A,10691,13,10703,dengue virus type 2,,V,100,A,100,Related to but not part of 3,,,
OQ832616,2II_F.2,10723,1,10723,dengue virus type 2,,II,100,F,100,2,100,,
FM210206,2V_A,10691,13,10703,dengue virus type 2,,V,100,A,100,Could not assign,,Related to but not part of 2,
OQ832617,2V_A.1,10723,1,10723,dengue virus type 2,,V,100,A,100,1,100,,
OQ832619,2II_F.2,10723,1,10723,dengue virus type 2,,II,100,F,100,2,100,,
OQ832620,2II_F.1,10723,1,10723,dengue virus type 2,,II,100,F,100,1,100,Related to but not part of 2,
OQ832624,2II_F.2,10723,1,10723,dengue virus type 2,,II,100,F,100,2,100,Related to but not part of 2,
OQ832626,2V_A.1,10723,1,10723,dengue virus type 2,,V,100,A,100,1,100,Related to but not part of 2,
OQ832621,2II_F.2,10723,1,10723,dengue virus type 2,,II,100,F,100,2,100,,
FM210207,2V_A,10691,13,10703,dengue virus type 2,,V,100,A,100,Could not assign,,Related to but not part of 2,
OQ832627,2V_A.1,10723,1,10723,dengue virus type 2,,V,100,A,100,1,100,,
OQ832618,2II_F.2,10723,1,10723,dengue virus type 2,,II,100,F,100,2,100,,
OQ832625,2II_F.2,10723,1,10723,dengue virus type 2,,II,100,F,100,2,100,Related to but not part of 2,
OQ832622,2II_F.2,10723,1,10723,dengue virus type 2,,II,100,F,100,2,100,Related to but not part of 2,
OQ832623,2V_A.1,10723,1,10723,dengue virus type 2,,V,100,A,100,1,100,Related to but not part of 2,
FM210212,2III_A.1,10486,11,10496,dengue virus type 2,,III,100,A,100,1,100,,
FM210213,2III_A.1,10694,11,10704,dengue virus type 2,,III,100,A,100,1,100,,
OR125606,2II_F,10723,1,10723,dengue virus type 2,,II,100,F,100,Related to but not part of 1,,,
FM210215,2V_A,10685,17,10701,dengue virus type 2,,V,100,A,100,Related to but not part of 3,,,
FM210216,2V_A,10685,17,10701,dengue virus type 2,,V,100,A,100,Related to but not part of 3,,,
FM210217,2III_A.1,10685,17,10701,dengue virus type 2,,III,100,A,100,1,100,,
FM210224,2III_A.2,10689,17,10705,dengue virus type 2,,III,100,A,100,2,100,,
FM210225,2III_A.2,10684,17,10700,dengue virus type 2,,III,100,A,100,2,100,,
FM210226,2III_A.1,10685,17,10701,dengue virus type 2,,III,100,A,100,1,100,,
FM210227,2III_A.2,10685,17,10701,dengue virus type 2,,III,100,A,100,2,100,,
FM210228,2III_A.1,10685,17,10701,dengue virus type 2,,III,100,A,100,1,100,,
FM210229,2III_A.1,10392,17,10408,dengue virus type 2,,III,100,A,100,1,100,,
FM210230,2III_A.1,10687,17,10703,dengue virus type 2,,III,100,A,100,1,100,,
FM210231,2V_A,10685,17,10701,dengue virus type 2,,V,100,A,100,Related to but not part of 3,,,
FM210232,2III_A.1,10685,17,10701,dengue virus type 2,,III,100,A,100,1,100,,
FM210233,2V_A,10685,17,10701,dengue virus type 2,,V,100,A,100,Could not assign,,,
FM210234,2III_A.1,10685,17,10701,dengue virus type 2,,III,100,A,100,1,100,,
FM210235,2III_A.1,10652,17,10668,dengue virus type 2,,III,100,A,100,1,100,,
OP909734,2V,10723,1,10723,dengue virus type 2,,V,100,Could not assign,,,,,
FM210238,2III_A.1,10659,45,10703,dengue virus type 2,,III,100,A,100,1,100,,
FM210239,2III_A.1,10672,21,10692,dengue virus type 2,,III,100,A,100,1,100,,
FM210241,2III_A.2,10611,44,10654,dengue virus type 2,,III,100,A,100,2,100,,
FM210242,2V_A,10690,14,10703,dengue virus type 2,,V,100,A,100,Related to but not part of 3,,,
FM210243,2III_A.1,10604,40,10643,dengue virus type 2,,III,100,A,100,1,100,,
FM210244,2III_A.1,10683,18,10701,dengue virus type 2,,III,100,A,100,1,100,,
FM210245,2V_A,10673,31,10703,dengue virus type 2,,V,100,A,100,Could not assign,,,
FM210246,2V_A,10614,18,10632,dengue virus type 2,,V,100,A,100,Could not assign,,,
OQ725730,2II_F.1.2,10723,1,10723,dengue virus type 2,,II,100,F,100,1,100,,
OQ725734,2II_F.1.2,10723,1,10723,dengue virus type 2,,II,100,F,100,1,100,2,100
OQ726070,2II_F.1.2,10723,1,10723,dengue virus type 2,,II,100,F,100,1,100,2,100
OQ726073,2II_F.1.2,10723,1,10723,dengue virus type 2,,II,100,F,100,1,100,2,100
OQ726075,2II_F.1.2,10723,1,10723,dengue virus type 2,,II,100,F,100,1,100,2,100
HQ634199,2III_D.1.1,10479,11,10486,dengue virus type 2,,III,100,D,100,1,100,2,100
HQ705624,2III_D.1.3,10479,6,10486,dengue virus type 2,,III,100,D,100,1,100,1,100
HQ705625,2III_D.1.1,10494,1,10486,dengue virus type 2,,III,100,D,100,1,100,3,100
HQ733861,2III_D.1.1,10731,1,10722,dengue virus type 2,,III,100,D,100,1,100,1,100
OR821724,2II_F.1,10723,1,10723,dengue virus type 2,,II,100,F,100,1,100,1,100
OR821725,2II_F.1,10723,1,10723,dengue virus type 2,,II,100,F,100,1,100,Related to but not part of 1,
HQ891023,dengue virus type 2,10497,1,10486,dengue virus type 2,,Related to but not part of IV,,,,,,Related to but not part of 1,
PP326813,2II_F.1,10723,1,10723,dengue virus type 2,,II,100,F,100,1,100,,
PP326822,2II_F.1,10723,1,10723,dengue virus type 2,,II,100,F,100,1,100,Related to but not part of 2,
PP326820,2II_F.1,10723,1,10723,dengue virus type 2,,II,100,F,100,1,100,Related to but not part of 2,
PP326821,2II_F.1,10722,1,10723,dengue virus type 2,,II,100,F,100,1,100,Related to but not part of 2,
PP326823,2II_F.1,10723,1,10723,dengue virus type 2,,II,100,F,100,1,100,Could not assign,
PP326824,2II_F.1,10723,1,10723,dengue virus type 2,,II,100,F,100,1,100,Related to but not part of 2,
PP546320,2II_F.1.2,10723,1,10723,dengue virus type 2,,II,100,F,100,1,100,Related to but not part of 2,
PP563772,2II_F.1,10700,24,10723,dengue virus type 2,,II,100,F,100,1,100,2,100
AY858035,2II_D,10723,1,10723,dengue virus type 2,,II,100,D,100,Could not assign,,Could not assign,
AY858036,2II_F,10723,1,10723,dengue virus type 2,,II,100,F,100,Could not assign,,,
HQ999999,2III_D.1.2,10725,1,10723,dengue virus type 2,,III,100,D,100,1,100,,
AF208496,2III,10722,1,10723,dengue virus type 2,,III,100,Related to but not part of C,,,,2,100
GQ199866,2III_D.1.1,10670,33,10700,dengue virus type 2,,III,100,D,100,1,100,,
GQ199868,2III_D.1.1,10679,23,10699,dengue virus type 2,,III,100,D,100,1,100,1,100
GQ199869,2III_D.1.1,10680,23,10700,dengue virus type 2,,III,100,D,100,1,100,1,100
GQ199874,2III_D.1.3,10667,35,10700,dengue virus type 2,,III,100,D,100,1,100,1,100
GQ199890,2III_C,10679,23,10700,dengue virus type 2,,III,100,C,100,Could not assign,,3,100
GQ199892,2III_C,10750,23,10723,dengue virus type 2,,III,100,C,100,Could not assign,,,
GQ199893,2III_D.1,10679,23,10700,dengue virus type 2,,III,100,D,100,1,100,,
GQ199894,2III_D.1,10669,33,10700,dengue virus type 2,,III,100,D,100,1,100,Could not assign,
GQ199895,2III_D,10678,23,10699,dengue virus type 2,,III,100,D,100,Related to but not part of 1,,Related to but not part of 3,
GQ199896,2III_D.1.1,10679,23,10699,dengue virus type 2,,III,100,D,100,1,100,,
GQ199897,2III_D.1,10668,34,10700,dengue virus type 2,,III,100,D,100,1,100,1,100
GQ199898,2III_D.1,10721,23,10723,dengue virus type 2,,III,100,D,100,1,100,Could not assign,
GQ252676,2II_A.1,10629,33,10661,dengue virus type 2,,II,100,A,100,1,100,Could not assign,
GQ252677,2II_A.1,10628,34,10661,dengue virus type 2,,II,100,A,100,1,100,,
KF360005,2II_A.1,10629,33,10661,dengue virus type 2,,II,100,A,100,1,100,,
JF357905,2III_D.1.1,10669,11,10681,dengue virus type 2,,III,100,D,100,1,100,,
JF357906,2III_D.1.1,10783,1,10723,dengue virus type 2,,III,100,D,100,1,100,1,100
JF357907,2III_D.1.1,10477,11,10486,dengue virus type 2,,III,100,D,100,1,100,1,100
KU948303,2II_F.1,10707,10,10716,dengue virus type 2,,II,100,F,100,1,100,1,100
KF479233,2II_A.1,10723,1,10723,dengue virus type 2,,II,100,A,100,1,100,Related to but not part of 1,
MG560143,2II_A,10723,1,10723,dengue virus type 2,,II,100,A,100,Related to but not part of 2,,,
MG560144,2II_A.2.1,10670,1,10670,dengue virus type 2,,II,100,A,100,2,100,,
JF730044,2III_A,10475,11,10486,dengue virus type 2,,III,100,A,100,Could not assign,,1,100
JF730045,2V_A,10489,11,10501,dengue virus type 2,,V,100,A,100,Could not assign,,,
JF730047,2V_A,10477,11,10486,dengue virus type 2,,V,100,A,100,Could not assign,,,
JF730048,2V_A,10475,11,10485,dengue virus type 2,,V,100,A,100,Could not assign,,,
JF730046,2V_A,10477,11,10487,dengue virus type 2,,V,100,A,100,Could not assign,,,
JF730049,2V_A,10308,11,10318,dengue virus type 2,,V,100,A,100,Could not assign,,,
JF730050,dengue virus type 2,10484,4,10486,dengue virus type 2,,Related to but not part of IV,,,,,,,
JF730051,2III_D.1.1,10477,11,10486,dengue virus type 2,,III,100,D,100,1,100,,
JF730052,2III_D.1.1,10477,11,10486,dengue virus type 2,,III,100,D,100,1,100,1,100
JF730053,dengue virus type 2,10476,11,10486,dengue virus type 2,,Related to but not part of IV,,,,,,1,100
GQ398257,2I,10713,1,10723,dengue virus type 2,,I,100,,,,,,
GQ398258,2II_B,10723,1,10723,dengue virus type 2,,II,100,B,100,,,,
GQ398259,2II_B,10723,1,10723,dengue virus type 2,,II,100,B,100,,,,
GQ398260,2II_B,10723,1,10723,dengue virus type 2,,II,100,B,99,,,,
GQ398261,2II_B,10723,1,10723,dengue virus type 2,,II,100,B,99,,,,
GQ398262,2II_B,10723,1,10723,dengue virus type 2,,II,100,B,97,,,,
GQ398263,2II,10723,1,10723,dengue virus type 2,,II,100,Could not assign,,,,,
GQ398264,2II,10723,1,10723,dengue virus type 2,,II,100,Could not assign,,,,,
GQ398265,2II_E.1,10723,1,10723,dengue virus type 2,,II,100,E,100,1,100,,
GQ398266,2II_E.1,10723,1,10723,dengue virus type 2,,II,100,E,100,1,100,,
GQ398267,2II_E.1,10723,1,10723,dengue virus type 2,,II,100,E,100,1,100,,
GQ398268,dengue virus type 2,10724,1,10723,dengue virus type 2,,Related to but not part of IV,,,,,,,
GQ398269,2III_B,10723,1,10723,dengue virus type 2,,III,100,B,100,,,,
GQ398270,2III_B,10724,1,10723,dengue virus type 2,,III,100,B,100,,,,
GQ398272,2III_B,10723,1,10723,dengue virus type 2,,III,100,B,100,,,,
GQ398271,2III_B,10723,1,10723,dengue virus type 2,,III,100,B,100,,,,
GQ398274,2III_B,10723,1,10723,dengue virus type 2,,III,100,B,100,,,,
GQ398275,2III_B,10723,1,10723,dengue virus type 2,,III,100,B,100,,,,
GQ398273,2III_B,10723,1,10723,dengue virus type 2,,III,100,B,100,,,,
GQ398276,2III_B,10723,1,10723,dengue virus type 2,,III,100,B,100,,,,
GQ398277,2III_B,10723,1,10723,dengue virus type 2,,III,100,B,100,,,,
GQ398278,2III_B,10723,1,10723,dengue virus type 2,,III,100,B,100,,,,
GQ398279,2III_B,10723,1,10723,dengue virus type 2,,III,100,B,100,,,,
GQ398280,2III_B,10723,1,10723,dengue virus type 2,,III,100,B,100,,,,
GQ398281,2III_B,10723,1,10723,dengue virus type 2,,III,100,B,100,,,,
GQ398283,2III_B,10722,1,10723,dengue virus type 2,,III,100,B,100,,,,
GQ398284,2III,10723,1,10723,dengue virus type 2,,III,100,Could not assign,,,,,
GQ398285,2III,10723,1,10723,dengue virus type 2,,III,100,Related to but not part of B,,,,,
GQ398286,2III,10722,1,10723,dengue virus type 2,,III,100,Related to but not part of B,,,,,
GQ398287,2III,10722,1,10723,dengue virus type 2,,III,100,Related to but not part of B,,,,,
GQ398288,2III,10722,1,10723,dengue virus type 2,,III,100,Related to but not part of B,,,,,
GQ398289,2III,10722,1,10723,dengue virus type 2,,III,100,Related to but not part of B,,,,,
GQ398290,2III,10722,1,10723,dengue virus type 2,,III,100,Related to but not part of B,,,,,
GQ398291,2III,10722,1,10723,dengue virus type 2,,III,100,Related to but not part of B,,,,,
GQ398292,2III,10723,1,10723,dengue virus type 2,,III,100,Related to but not part of B,,,,,
GQ398282,2III_B,10722,1,10723,dengue virus type 2,,III,100,B,100,,,,
GQ398293,2III,10723,1,10723,dengue virus type 2,,III,100,Related to but not part of B,,,,,
GQ398294,2III,10723,1,10723,dengue virus type 2,,III,100,Related to but not part of B,,,,,
GQ398295,2III,10723,1,10723,dengue virus type 2,,III,100,Related to but not part of B,,,,,
GQ398296,2III,10723,1,10723,dengue virus type 2,,III,100,Related to but not part of B,,,,,
GQ398297,2III,10723,1,10723,dengue virus type 2,,III,100,Related to but not part of B,,,,,
GQ398298,2III,10723,1,10723,dengue virus type 2,,III,100,Related to but not part of B,,,,,
GQ398299,2III,10723,1,10723,dengue virus type 2,,III,100,Related to but not part of B,,,,,
GQ398300,2III,10723,1,10723,dengue virus type 2,,III,100,Related to but not part of B,,,,,
GQ398301,2III,10723,1,10723,dengue virus type 2,,III,100,Related to but not part of B,,,,,
GQ398302,2III,10723,1,10723,dengue virus type 2,,III,100,Related to but not part of B,,,,,
GQ398303,2III,10723,1,10723,dengue virus type 2,,III,100,Related to but not part of B,,,,,
GQ398304,2III,10723,1,10723,dengue virus type 2,,III,100,Related to but not part of B,,,,,
GQ398305,2III,10723,1,10723,dengue virus type 2,,III,100,Related to but not part of B,,,,,
GQ398306,2III,10723,1,10723,dengue virus type 2,,III,100,Related to but not part of B,,,,,
GQ398307,2III,10723,1,10723,dengue virus type 2,,III,100,Related to but not part of B,,,,,
GQ398308,2III,10724,1,10723,dengue virus type 2,,III,100,Related to but not part of B,,,,,
GQ398309,2III,10724,1,10723,dengue virus type 2,,III,100,Related to but not part of B,,,,,
GQ398310,2III,10724,1,10723,dengue virus type 2,,III,100,Related to but not part of B,,,,,
GQ398311,2III,10724,1,10723,dengue virus type 2,,III,100,Related to but not part of B,,,,,
GQ398312,2III,10724,1,10723,dengue virus type 2,,III,100,Related to but not part of B,,,,,
GQ398313,2III,10723,1,10723,dengue virus type 2,,III,100,Related to but not part of B,,,,,
GQ398314,2III,10723,1,10723,dengue virus type 2,,III,100,Related to but not part of B,,,,,
MG721054,2II_A.2.1,10723,1,10723,dengue virus type 2,,II,100,A,100,2,100,,
MG721055,2II_A.1,10726,1,10723,dengue virus type 2,,II,100,A,100,1,100,1,100
MG721056,2II_A,10723,1,10723,dengue virus type 2,,II,100,A,100,Related to but not part of 2,,,
MG721057,2II_A.1,10555,4,10558,dengue virus type 2,,II,100,A,100,1,100,,
MG721058,2II_A.1,10723,1,10723,dengue virus type 2,,II,100,A,100,1,100,,
MG721062,2II_A.1,10572,3,10574,dengue virus type 2,,II,100,A,100,1,100,,
GQ868497,2III_D,10664,38,10700,dengue virus type 2,,III,100,D,100,Related to but not part of 1,,,
GQ868515,2III_D,10671,30,10699,dengue virus type 2,,III,100,D,100,Related to but not part of 1,,,
GQ868516,2III_D,10673,28,10700,dengue virus type 2,,III,100,D,100,Related to but not part of 1,,,
GQ868540,2III_B,10678,23,10700,dengue virus type 2,,III,100,B,100,,,,
GQ868541,2III_B,10678,23,10700,dengue virus type 2,,III,100,B,100,,,,
GQ868542,2V,10678,23,10700,dengue virus type 2,,V,100,Could not assign,,,,,
GQ868543,2V,10678,23,10700,dengue virus type 2,,V,100,Could not assign,,,,,
GQ868544,2V_B,10681,23,10700,dengue virus type 2,,V,100,B,100,,,,
GQ868545,2V_D,10679,23,10700,dengue virus type 2,,V,100,D,99,,,,
GQ868549,2III_C,10678,23,10700,dengue virus type 2,,III,100,C,100,Could not assign,,,
GQ868550,2III_C,10669,23,10691,dengue virus type 2,,III,100,C,100,Could not assign,,,
GQ868551,2III_C,10639,23,10661,dengue virus type 2,,III,100,C,100,Could not assign,,,
GQ868552,2III_B,10663,38,10700,dengue virus type 2,,III,100,B,100,,,,
GQ868553,2III_D,10625,38,10661,dengue virus type 2,,III,100,D,100,Related to but not part of 3,,,
GQ868554,2III_D.2,10628,23,10649,dengue virus type 2,,III,100,D,100,2,100,,
GQ868555,2III_D.2,10668,34,10700,dengue virus type 2,,III,100,D,100,2,100,,
GQ868556,2III_D.2,10679,23,10700,dengue virus type 2,,III,100,D,100,2,100,,
GQ868557,2III_D.2,10668,34,10700,dengue virus type 2,,III,100,D,100,2,100,,
GQ868558,2III_D.2,10679,23,10700,dengue virus type 2,,III,100,D,100,2,100,,
GQ868588,2I,10667,23,10699,dengue virus type 2,,I,100,,,,,,
GQ868589,2I,10668,23,10700,dengue virus type 2,,I,100,,,,,,
GQ868590,2I,10668,23,10700,dengue virus type 2,,I,100,,,,,,
GQ868591,2V,10678,23,10700,dengue virus type 2,,V,100,Could not assign,,,,,
GQ868592,2I,10667,23,10700,dengue virus type 2,,I,100,,,,,,
GQ868595,2III_B,10678,23,10700,dengue virus type 2,,III,100,B,100,,,,
GQ868596,2III_B,10667,34,10700,dengue virus type 2,,III,100,B,100,,,,
GQ868597,2III_B,10678,23,10700,dengue virus type 2,,III,100,B,100,,,,
GQ868598,2III_B,10678,23,10700,dengue virus type 2,,III,100,B,100,,,,
GQ868600,2I,10636,23,10668,dengue virus type 2,,I,100,,,,,,
GQ868599,2I,10668,23,10700,dengue virus type 2,,I,100,,,,,,
GQ868603,2III,10666,23,10689,dengue virus type 2,,III,100,Related to but not part of B,,,,,
GQ868604,2III_D.1.1,10679,23,10699,dengue virus type 2,,III,100,D,100,1,100,,
GQ868620,2V_A,10663,37,10699,dengue virus type 2,,V,100,A,60,Could not assign,,1,100
GQ868621,2V_A,10678,23,10700,dengue virus type 2,,V,100,A,95,Could not assign,,,
GQ868622,2V_A,10679,23,10700,dengue virus type 2,,V,100,A,100,Could not assign,,,
GQ868623,2V_A,10677,23,10698,dengue virus type 2,,V,100,A,100,Could not assign,,,
GQ868624,2V_A,10679,23,10700,dengue virus type 2,,V,100,A,100,Could not assign,,,
GQ868625,2V_A,10675,24,10700,dengue virus type 2,,V,100,A,100,Could not assign,,,
GQ868631,2V_A,10669,23,10692,dengue virus type 2,,V,100,A,100,Could not assign,,,
GQ868638,2V_A,10667,33,10699,dengue virus type 2,,V,100,A,100,Could not assign,,,
GQ868640,2III,10667,34,10700,dengue virus type 2,,III,100,Could not assign,,,,,
GQ868641,2III_D.2,10678,23,10700,dengue virus type 2,,III,100,D,100,2,100,,
GQ868646,2III_D.1.3,10678,23,10698,dengue virus type 2,,III,100,D,100,1,100,,
GU131864,2III_C,10531,23,10553,dengue virus type 2,,III,100,C,100,Could not assign,,3,100
GU131879,2III_C,10639,23,10661,dengue virus type 2,,III,100,C,100,Could not assign,,,
GU131880,2III_C,10531,23,10553,dengue virus type 2,,III,100,C,100,Could not assign,,,
GU131881,2III_C,10531,23,10553,dengue virus type 2,,III,100,C,100,Could not assign,,,
GU131882,2III_C,10644,23,10668,dengue virus type 2,,III,100,C,100,Could not assign,,,
GU131883,2III_C,10678,23,10700,dengue virus type 2,,III,100,C,100,Could not assign,,,
GU131884,2III_C,10665,33,10700,dengue virus type 2,,III,100,C,100,Could not assign,,,
GU131885,2III_C,10677,23,10699,dengue virus type 2,,III,100,C,100,Could not assign,,,
GU131886,2V_A,10678,23,10700,dengue virus type 2,,V,100,A,55,Could not assign,,,
GU131896,2V_A,10411,56,10464,dengue virus type 2,,V,100,A,100,Could not assign,,,
GU131897,2V_A,10428,35,10464,dengue virus type 2,,V,100,A,100,Could not assign,,,
GU131898,2V_A,10643,59,10699,dengue virus type 2,,V,100,A,100,Could not assign,,,
GU131899,2V_A,10646,55,10700,dengue virus type 2,,V,100,A,100,Could not assign,,,
GU131900,2V_A,10658,43,10700,dengue virus type 2,,V,100,A,100,Could not assign,,,
GU131901,2V_A,10630,71,10700,dengue virus type 2,,V,100,A,100,Could not assign,,,
GU131902,2V_A,10679,27,10700,dengue virus type 2,,V,100,A,100,Could not assign,,,
GU131924,2V_A,10557,33,10555,dengue virus type 2,,V,100,A,100,Could not assign,,,
GU131927,2V_A,10531,23,10553,dengue virus type 2,,V,100,A,57,Could not assign,,,
GU131928,2V_A,10494,23,10516,dengue virus type 2,,V,100,A,100,Could not assign,,,
GU131929,2V_A,10603,23,10625,dengue virus type 2,,V,100,A,100,Could not assign,,,
GU131931,2V_A,10531,23,10553,dengue virus type 2,,V,100,A,100,Could not assign,,,
GU131932,2V_A,10531,23,10553,dengue virus type 2,,V,100,A,100,Could not assign,,,
GU131947,2III_D.2,10623,23,10646,dengue virus type 2,,III,100,D,100,2,100,,
GU131930,2V_A,10532,23,10553,dengue virus type 2,,V,100,A,100,Could not assign,,,
GU131955,2III_D,10523,33,10553,dengue virus type 2,,III,100,D,100,Related to but not part of 1,,,
GU131959,2III_D.1,10628,46,10671,dengue virus type 2,,III,100,D,100,1,100,,
GU131974,2III_D,10667,23,10689,dengue virus type 2,,III,100,D,100,Related to but not part of 1,,Could not assign,
GU131975,2III_D,10668,33,10700,dengue virus type 2,,III,100,D,100,Related to but not part of 1,,,
DQ448231,2II_A.1,10670,1,10670,dengue virus type 2,,II,100,A,100,1,100,,
FJ205877,2V_A,10677,23,10700,dengue virus type 2,,V,100,A,100,Could not assign,,,
FJ205878,2V_A,10678,23,10700,dengue virus type 2,,V,100,A,100,Could not assign,,,
FJ205879,2V_A,10678,23,10700,dengue virus type 2,,V,100,A,100,Could not assign,,,
FJ205880,2V_A,10678,23,10700,dengue virus type 2,,V,100,A,100,Could not assign,,,
FJ205885,2III_D.1.1,10680,23,10700,dengue virus type 2,,III,100,D,100,1,100,,
KC131142,2II_F,10673,1,10673,dengue virus type 2,,II,100,F,100,Related to but not part of 1,,1,100
FJ226066,2III_D.1.3,10684,18,10700,dengue virus type 2,,III,100,D,100,1,100,,
FJ373300,2III_D.1.1,10679,23,10699,dengue virus type 2,,III,100,D,100,1,100,3,100
FJ373299,2V_A,10678,23,10700,dengue virus type 2,,V,100,A,100,Related to but not part of 3,,1,100
FJ373301,2III_D.1.1,10706,23,10723,dengue virus type 2,,III,100,D,100,1,100,,
FJ390387,2V_A,10668,33,10700,dengue virus type 2,,V,100,A,100,Related to but not part of 3,,1,100
FJ390391,2III_D.1.1,10680,23,10700,dengue virus type 2,,III,100,D,100,1,100,,
FJ410193,2V_A,10666,34,10700,dengue virus type 2,,V,100,A,100,Could not assign,,1,100
FJ410195,2V_A,10678,23,10700,dengue virus type 2,,V,100,A,100,Could not assign,,,
FJ410200,2V_A,10673,23,10697,dengue virus type 2,,V,100,A,100,Could not assign,,,
FJ410202,2V_A,10668,33,10700,dengue virus type 2,,V,100,A,100,Could not assign,,,
FJ410215,2V_A,10678,23,10700,dengue virus type 2,,V,100,A,100,Related to but not part of 3,,,
FJ410217,2V_A,10678,23,10700,dengue virus type 2,,V,100,A,100,Related to but not part of 3,,,
FJ410221,2V_A,10678,23,10700,dengue virus type 2,,V,100,A,100,Could not assign,,,
FJ410223,2V_A,10677,23,10699,dengue virus type 2,,V,100,A,100,Could not assign,,,
FJ410224,2V_A,10678,23,10700,dengue virus type 2,,V,100,A,100,Related to but not part of 3,,,
FJ410233,2V_A,10663,38,10700,dengue virus type 2,,V,100,A,100,Could not assign,,,
FJ410259,2V_A,10678,23,10700,dengue virus type 2,,V,100,A,100,Related to but not part of 3,,,
FJ410291,2III_D.1.3,10679,23,10700,dengue virus type 2,,III,100,D,100,1,100,,
HM181971,2III_C,10531,23,10553,dengue virus type 2,,III,100,C,100,Could not assign,,3,100
EU056811,2I,10713,1,10723,dengue virus type 2,,I,100,,,,,,
EU056812,2I,10714,1,10723,dengue virus type 2,,I,100,,,,,,
FJ461305,2V_A,10664,36,10699,dengue virus type 2,,V,100,A,100,Could not assign,,,
FJ461309,2V_A,10678,23,10700,dengue virus type 2,,V,100,A,100,Could not assign,,,
FJ461311,2V_A,10678,23,10700,dengue virus type 2,,V,100,A,100,Could not assign,,,
FJ461314,2V_A,10678,23,10700,dengue virus type 2,,V,100,A,100,Related to but not part of 3,,,
FJ461321,2V_A,10694,23,10716,dengue virus type 2,,V,100,A,100,Could not assign,,,
KC294203,2III_C,10723,1,10723,dengue virus type 2,,III,100,C,100,Could not assign,,,
KC294205,2III_C,10723,1,10723,dengue virus type 2,,III,100,C,100,Could not assign,,,
KC294208,2III_C,10723,1,10723,dengue virus type 2,,III,100,C,100,Could not assign,,,
KC294209,2III_C,10723,1,10723,dengue virus type 2,,III,100,C,100,Could not assign,,,
KC294212,2III_C,10723,1,10723,dengue virus type 2,,III,100,C,100,Could not assign,,,
KC294214,2III_C,10723,1,10723,dengue virus type 2,,III,100,C,100,Could not assign,,,
KC294215,2III_C,10723,1,10723,dengue virus type 2,,III,100,C,100,Could not assign,,,
KC294216,2III_B,10723,1,10723,dengue virus type 2,,III,100,B,100,,,,
KC294220,2III_C,10723,1,10723,dengue virus type 2,,III,100,C,100,Could not assign,,,
KC294223,2III_C,10723,1,10723,dengue virus type 2,,III,100,C,100,Could not assign,,,
FJ478459,2III_D.1.1,10680,23,10700,dengue virus type 2,,III,100,D,100,1,100,,
JX286516,2III_C,10542,34,10576,dengue virus type 2,,III,100,C,100,Could not assign,,1,100
JX286517,2III_C,10539,34,10573,dengue virus type 2,,III,100,C,100,Could not assign,,,
JX286518,2III_C,10544,32,10575,dengue virus type 2,,III,100,C,100,Could not assign,,,
JX286519,2III_C,10540,36,10575,dengue virus type 2,,III,100,C,100,Could not assign,,,
JX286520,2III_C,10598,32,10630,dengue virus type 2,,III,100,C,100,Could not assign,,,
JX286523,2III_C,10611,36,10646,dengue virus type 2,,III,100,C,100,Could not assign,,,
JX286524,2III_C,10587,44,10631,dengue virus type 2,,III,100,C,100,Could not assign,,,
JX286526,2III_C,10630,1,10621,dengue virus type 2,,III,100,C,100,Could not assign,,,
FJ547064,2V_A,10679,23,10700,dengue virus type 2,,V,100,A,100,Could not assign,,,
FJ547067,2V_A,10675,23,10697,dengue virus type 2,,V,100,A,100,Related to but not part of 3,,,
FJ547090,2III_D.1.1,10641,23,10661,dengue virus type 2,,III,100,D,100,1,100,,
FJ562098,2V_A,10665,35,10699,dengue virus type 2,,V,100,A,100,Could not assign,,1,100
FJ639698,2III_A,10679,23,10699,dengue virus type 2,,III,100,A,100,Could not assign,,,
FJ639699,2III_A,10680,23,10699,dengue virus type 2,,III,100,A,100,Could not assign,,,
FJ639705,2V_A,10678,23,10699,dengue virus type 2,,V,100,A,100,Could not assign,,,
FJ639706,2V_A,10677,23,10699,dengue virus type 2,,V,100,A,100,Could not assign,,,
FJ639707,2V_A,10677,23,10699,dengue virus type 2,,V,100,A,96,Could not assign,,,
FJ639709,2V_A,10683,23,10703,dengue virus type 2,,V,100,A,100,Could not assign,,,
FJ639710,2V_A,10658,34,10691,dengue virus type 2,,V,100,A,58,Could not assign,,,
FJ639711,2V_A,10666,34,10699,dengue virus type 2,,V,100,A,62,Could not assign,,,
FJ639809,2III_D.2,10678,23,10700,dengue virus type 2,,III,100,D,100,2,100,,
FJ639822,2III_D,10679,23,10700,dengue virus type 2,,III,100,D,100,Related to but not part of 3,,,
FJ639831,2V_D,10660,23,10681,dengue virus type 2,,V,100,D,100,,,,
FJ639832,2V_A,10658,23,10681,dengue virus type 2,,V,100,A,96,Could not assign,,,
FJ639834,2III_D.1.1,10665,38,10700,dengue virus type 2,,III,100,D,100,1,100,,
FJ639835,2III_D.1.1,10680,23,10700,dengue virus type 2,,III,100,D,100,1,100,1,100
FJ639836,2III_D.1.1,10680,23,10700,dengue virus type 2,,III,100,D,100,1,100,1,100
FJ687435,2V_E,10679,23,10700,dengue virus type 2,,V,100,E,100,,,1,100
FJ687436,2V_E,10679,23,10700,dengue virus type 2,,V,100,E,100,,,,
FJ687437,2V_A,10678,23,10700,dengue virus type 2,,V,100,A,97,Could not assign,,,
FJ687438,2V_A,10678,23,10700,dengue virus type 2,,V,100,A,95,Could not assign,,,
FJ687439,2V_A,10677,23,10699,dengue virus type 2,,V,100,A,55,Could not assign,,,
FJ687442,2V_A,10679,23,10700,dengue virus type 2,,V,100,A,100,Could not assign,,,
FJ687443,2V_A,10679,23,10700,dengue virus type 2,,V,100,A,100,Could not assign,,,
FJ687444,2V_E,10661,23,10683,dengue virus type 2,,V,100,E,100,,,,
FJ687445,2V_E,10679,23,10700,dengue virus type 2,,V,100,E,100,,,,
FJ687446,2V_E,10679,23,10700,dengue virus type 2,,V,100,E,100,,,,
KF744397,2II_C,10176,97,10272,dengue virus type 2,,II,100,C,100,Could not assign,,,
KF744399,2IV,10176,97,10272,dengue virus type 2,,IV,100,,,,,,
KF744402,2IV,10176,97,10272,dengue virus type 2,,IV,100,,,,,,
KF744404,2IV,10176,97,10272,dengue virus type 2,,IV,100,,,,,,
KF744408,2IV,10176,97,10272,dengue virus type 2,,IV,100,,,,,,
JX649147,2III_A,10723,1,10723,dengue virus type 2,,III,100,A,100,Could not assign,,,
JN368476,2V_A,10651,19,10668,dengue virus type 2,,V,100,A,100,Could not assign,,,
JX669476,2III_C,10723,1,10723,dengue virus type 2,,III,100,C,100,Could not assign,,,
JX669478,2III_C,10723,1,10723,dengue virus type 2,,III,100,C,100,Could not assign,,,
JX669479,2III_C,10726,1,10723,dengue virus type 2,,III,100,C,100,Could not assign,,,
JX669481,2III_B,10723,1,10723,dengue virus type 2,,III,100,B,100,,,,
JX669483,2III_B,10725,1,10723,dengue virus type 2,,III,100,B,100,,,,
JX669486,2III_B,10724,1,10723,dengue virus type 2,,III,100,B,100,,,,
JX669487,2III_B,10723,1,10723,dengue virus type 2,,III,100,B,100,,,,
JX669488,2III_B,10724,1,10723,dengue virus type 2,,III,100,B,100,,,,
EU359009,2II_F,10723,1,10723,dengue virus type 2,,II,100,F,100,Related to but not part of 1,,,
KF955359,2III_B,10531,23,10553,dengue virus type 2,,III,100,B,100,,,,
KF955360,2III_B,10531,23,10553,dengue virus type 2,,III,100,B,100,,,,
KF955364,2III_B,10521,33,10553,dengue virus type 2,,III,100,B,100,,,,
KF955369,2III_D.1.1,10651,50,10698,dengue virus type 2,,III,100,D,100,1,100,,
KF955401,2V_A,10558,1,10564,dengue virus type 2,,V,100,A,100,Could not assign,,1,100
KF955402,2V_A,10505,1,10510,dengue virus type 2,,V,100,A,100,Could not assign,,,
EU482444,2III_D.1.3,10679,23,10700,dengue virus type 2,,III,100,D,100,1,100,,
EU482445,2V_A,10669,32,10700,dengue virus type 2,,V,100,A,100,Related to but not part of 3,,3,100
EU482447,2V_A,10678,23,10700,dengue virus type 2,,V,100,A,100,Related to but not part of 3,,,
EU482448,2V_A,10678,23,10700,dengue virus type 2,,V,100,A,100,Related to but not part of 3,,,
EU482449,2III_A.2,10678,23,10700,dengue virus type 2,,III,100,A,100,2,100,,
EU482451,2V_A,10678,23,10700,dengue virus type 2,,V,100,A,100,Related to but not part of 3,,,
EU482463,2V_A,10678,23,10700,dengue virus type 2,,V,100,A,100,Related to but not part of 3,,,
EU482464,2V_A,10678,23,10700,dengue virus type 2,,V,100,A,100,Could not assign,,,
EU482466,2V_A,10678,23,10700,dengue virus type 2,,V,100,A,100,Could not assign,,,
EU482467,2V_A,10678,23,10700,dengue virus type 2,,V,100,A,100,Could not assign,,,
EU482468,2V_A,10678,23,10700,dengue virus type 2,,V,100,A,100,Could not assign,,,
EU482469,2V_A,10668,33,10700,dengue virus type 2,,V,100,A,100,Could not assign,,,
EU482472,2V_A,10678,23,10700,dengue virus type 2,,V,100,A,100,Could not assign,,,
EU482474,2V_A,10678,23,10700,dengue virus type 2,,V,100,A,100,Could not assign,,,
KM217157,2II_A.1,10656,33,10688,dengue virus type 2,,II,100,A,100,1,100,,
KU365901,2II_D.3,10638,37,10674,dengue virus type 2,,II,100,D,100,3,100,,
KU365902,2II_D.3,10638,37,10674,dengue virus type 2,,II,100,D,100,3,100,,
KU365903,2II_D.3,10638,37,10674,dengue virus type 2,,II,100,D,100,3,100,,
EU482542,2V_A,10678,23,10700,dengue virus type 2,,V,100,A,100,Could not assign,,,
EU482543,2V_A,10668,33,10700,dengue virus type 2,,V,100,A,100,Could not assign,,,
AB122020,2III_C,10723,1,10723,dengue virus type 2,,III,100,C,100,Could not assign,,,
EU482544,2III_B,10678,23,10700,dengue virus type 2,,III,100,B,100,,,,
EU482545,2III,10678,23,10700,dengue virus type 2,,III,100,Could not assign,,,,,
EU482546,2III,10678,23,10700,dengue virus type 2,,III,100,Related to but not part of C,,,,,
EU482547,2III_B,10678,23,10700,dengue virus type 2,,III,100,B,100,,,,
EU482548,2III_B,10620,39,10658,dengue virus type 2,,III,100,B,100,,,,
AB122021,2III_C,10723,1,10723,dengue virus type 2,,III,100,C,100,Could not assign,,,
EU482551,2III_B,10678,23,10700,dengue virus type 2,,III,100,B,100,,,,
EU482552,2III_B,10678,23,10700,dengue virus type 2,,III,100,B,100,,,,
EU482553,2III_B,10678,23,10700,dengue virus type 2,,III,100,B,100,,,,
EU482554,2III_B,10639,23,10661,dengue virus type 2,,III,100,B,100,,,,
EU482556,2III_B,10679,23,10699,dengue virus type 2,,III,100,B,100,,,,
AB122022,2III_C,10723,1,10723,dengue virus type 2,,III,100,C,100,Could not assign,,,
EU482560,2III,10678,23,10700,dengue virus type 2,,III,100,Related to but not part of C,,,,,
EU482561,2III,10677,23,10699,dengue virus type 2,,III,100,Related to but not part of B,,,,,
EU482562,2III,10680,23,10700,dengue virus type 2,,III,100,Related to but not part of B,,,,,
EU482565,2III_B,10678,23,10700,dengue virus type 2,,III,100,B,100,,,,
EU482568,2III,10678,23,10700,dengue virus type 2,,III,100,Related to but not part of B,,,,,
EU482570,2III,10678,23,10700,dengue virus type 2,,III,100,Related to but not part of B,,,,,
EU482571,2III,10678,23,10700,dengue virus type 2,,III,100,Related to but not part of B,,,,,
EU482572,2III,10649,23,10672,dengue virus type 2,,III,100,Related to but not part of B,,,,,
EU482573,2III,10660,41,10700,dengue virus type 2,,III,100,Related to but not part of B,,,,,
EU482574,2III,10678,23,10700,dengue virus type 2,,III,100,Related to but not part of B,,,,,
EU482575,2III,10667,34,10700,dengue virus type 2,,III,100,Related to but not part of B,,,,,
EU482576,2III,10678,23,10700,dengue virus type 2,,III,100,Related to but not part of B,,,,,
EU482578,2III,10678,23,10700,dengue virus type 2,,III,100,Related to but not part of B,,,,,
EU482579,2III,10678,23,10700,dengue virus type 2,,III,100,Related to but not part of B,,,,,
EU482580,2III,10678,23,10700,dengue virus type 2,,III,100,Could not assign,,,,,
EU482581,2III,10679,23,10700,dengue virus type 2,,III,100,Related to but not part of B,,,,,
EU482582,2III,10679,23,10700,dengue virus type 2,,III,100,Related to but not part of B,,,,,
EU482584,2III,10662,39,10700,dengue virus type 2,,III,100,Related to but not part of B,,,,,
EU482586,2III,10678,23,10700,dengue virus type 2,,III,100,Related to but not part of B,,,,,
EU482588,2III,10678,23,10700,dengue virus type 2,,III,100,Related to but not part of B,,,,,
EU482589,2III,10678,23,10700,dengue virus type 2,,III,100,Related to but not part of B,,,,,
EU482590,2III,10678,23,10700,dengue virus type 2,,III,100,Related to but not part of B,,,,,
EU482593,2III_B,10678,23,10700,dengue virus type 2,,III,100,B,100,,,,
EU482597,2III_D.1.3,10679,23,10700,dengue virus type 2,,III,100,D,100,1,100,,
EU482598,2III_D.1.3,10679,23,10700,dengue virus type 2,,III,100,D,100,1,100,3,100
EU482599,2III_D.1.3,10679,23,10700,dengue virus type 2,,III,100,D,100,1,100,3,100
EU482600,2III_D.1.3,10679,23,10700,dengue virus type 2,,III,100,D,100,1,100,3,100
EU482602,2III_D.1.3,10679,23,10700,dengue virus type 2,,III,100,D,100,1,100,3,100
EU482608,2III_D.2,10662,38,10699,dengue virus type 2,,III,100,D,100,2,100,3,100
EU482620,2III_D.1.1,10680,23,10700,dengue virus type 2,,III,100,D,100,1,100,,
EU482623,2III_D.1.1,10681,23,10701,dengue virus type 2,,III,100,D,100,1,100,1,100
EU482625,2III_D.1.1,10680,23,10700,dengue virus type 2,,III,100,D,100,1,100,1,100
EU482626,2III_D.1.1,10679,23,10699,dengue virus type 2,,III,100,D,100,1,100,1,100
EU482627,2III_D.1.1,10680,23,10700,dengue virus type 2,,III,100,D,100,1,100,1,100
EU482630,2III_D.1.1,10680,23,10700,dengue virus type 2,,III,100,D,100,1,100,1,100
EU482631,2III_D.1.3,10679,23,10700,dengue virus type 2,,III,100,D,100,1,100,1,100
EU482632,2III_D.1.3,10679,23,10700,dengue virus type 2,,III,100,D,100,1,100,3,100
EU482633,2III_D.1.3,10678,23,10699,dengue virus type 2,,III,100,D,100,1,100,3,100
EU482636,2III_D.1.3,10679,23,10700,dengue virus type 2,,III,100,D,100,1,100,3,100
EU482638,2III_D.1.1,10680,23,10700,dengue virus type 2,,III,100,D,100,1,100,3,100
EU482639,2III_D.1.3,10679,23,10700,dengue virus type 2,,III,100,D,100,1,100,1,100
EU482640,2II_D,10676,23,10698,dengue virus type 2,,II,100,D,100,Related to but not part of 2,,3,100
EU482641,2V_A,10677,23,10699,dengue virus type 2,,V,100,A,100,Related to but not part of 3,,,
EU482643,2V_A,10678,23,10700,dengue virus type 2,,V,100,A,100,Related to but not part of 3,,,
EU482645,2V_A,10678,23,10700,dengue virus type 2,,V,100,A,100,Could not assign,,,
EU482647,2V_A,10678,23,10700,dengue virus type 2,,V,100,A,100,Related to but not part of 3,,,
EU482650,2V_A,10678,23,10700,dengue virus type 2,,V,100,A,100,Related to but not part of 3,,,
EU482652,2V_A,10678,23,10700,dengue virus type 2,,V,100,A,100,Could not assign,,,
EU482656,2V_A,10673,28,10700,dengue virus type 2,,V,100,A,100,Could not assign,,,
EU482657,2V_A,10678,23,10700,dengue virus type 2,,V,100,A,100,Related to but not part of 3,,,
EU482658,2V_A,10678,23,10700,dengue virus type 2,,V,100,A,100,Related to but not part of 3,,,
EU482660,2III_A.2,10666,35,10700,dengue virus type 2,,III,100,A,100,2,100,,
EU482661,2V_A,10678,23,10700,dengue virus type 2,,V,100,A,100,Related to but not part of 3,,,
EU482662,2III_A.2,10669,32,10700,dengue virus type 2,,III,100,A,100,2,100,,
EU482664,2III_A.2,10678,23,10700,dengue virus type 2,,III,100,A,100,2,100,,
EU482665,2V_A,10671,30,10700,dengue virus type 2,,V,100,A,100,Could not assign,,,
EU482666,2III_A.2,10678,23,10700,dengue virus type 2,,III,100,A,100,2,100,,
EU482669,2V_A,10665,36,10700,dengue virus type 2,,V,100,A,100,Related to but not part of 3,,,
EU482670,2V_A,10678,23,10700,dengue virus type 2,,V,100,A,100,Could not assign,,,
EU482673,2V_A,10677,24,10700,dengue virus type 2,,V,100,A,100,Could not assign,,,
EU482674,2V_A,10678,23,10700,dengue virus type 2,,V,100,A,100,Could not assign,,,
EU482676,2V_A,10678,23,10700,dengue virus type 2,,V,100,A,100,Could not assign,,,
EU482677,2V_A,10678,23,10700,dengue virus type 2,,V,100,A,100,Related to but not part of 3,,,
EU482678,2V_A,10678,23,10700,dengue virus type 2,,V,100,A,100,Related to but not part of 3,,,
EU482679,2V_A,10678,23,10700,dengue virus type 2,,V,100,A,100,Related to but not part of 3,,,
EU482681,2III_D.1.3,10678,23,10699,dengue virus type 2,,III,100,D,100,1,100,,
KU509267,2III_D,10567,65,10629,dengue virus type 2,,III,100,D,100,Related to but not part of 1,,3,100
EU482682,2III_D.1.1,10680,23,10700,dengue virus type 2,,III,100,D,100,1,100,,
EU482683,2III_D.1.1,10680,23,10700,dengue virus type 2,,III,100,D,100,1,100,1,100
EU482685,2III_D.1.1,10678,23,10698,dengue virus type 2,,III,100,D,100,1,100,1,100
KJ010185,2II_A.1,10629,33,10661,dengue virus type 2,,II,100,A,100,1,100,1,100
KJ010186,2II_A.1,10629,33,10661,dengue virus type 2,,II,100,A,100,1,100,,
EU482687,2III_D.1.1,10679,23,10699,dengue virus type 2,,III,100,D,100,1,100,,
EU482689,2III_D.1,10680,23,10700,dengue virus type 2,,III,100,D,100,1,100,1,100
KU509268,2II_F,10523,89,10611,dengue virus type 2,,II,100,F,100,Related to but not part of 1,,Related to but not part of 2,
EU482693,2III_D.1,10673,30,10700,dengue virus type 2,,III,100,D,100,1,100,,
EU482694,2III_D.1.1,10680,23,10700,dengue virus type 2,,III,100,D,100,1,100,Could not assign,
EU482695,2III_D.1.3,10670,32,10700,dengue virus type 2,,III,100,D,100,1,100,1,100
EU482696,2III_D.1,10666,36,10699,dengue virus type 2,,III,100,D,100,1,100,3,100
EU482697,2V_A,10678,23,10700,dengue virus type 2,,V,100,A,100,Related to but not part of 3,,Related to but not part of 2,
EU482698,2V_A,10678,23,10700,dengue virus type 2,,V,100,A,100,Could not assign,,,
EU482699,2V_A,10678,23,10700,dengue virus type 2,,V,100,A,100,Could not assign,,,
EU482700,2V_A,10678,23,10700,dengue virus type 2,,V,100,A,100,Could not assign,,,
KU509269,2II_C,10557,72,10626,dengue virus type 2,,II,100,C,100,Could not assign,,,
EU482702,2V_A,10678,23,10700,dengue virus type 2,,V,100,A,100,Could not assign,,,
EU482703,2V_A,10678,23,10700,dengue virus type 2,,V,100,A,100,Could not assign,,,
EU482704,2V_A,10678,23,10700,dengue virus type 2,,V,100,A,100,Related to but not part of 3,,,
EU482705,2V_A,10678,23,10700,dengue virus type 2,,V,100,A,100,Related to but not part of 3,,,
EU482719,2III_B,10678,23,10700,dengue virus type 2,,III,100,B,100,,,,
EU482720,2III_B,10678,23,10700,dengue virus type 2,,III,100,B,100,,,,
KU509270,2II_D.3,10536,93,10627,dengue virus type 2,,II,100,D,100,3,100,,
EU482721,2III_B,10678,23,10700,dengue virus type 2,,III,100,B,100,,,,
EU482722,2III_B,10668,33,10700,dengue virus type 2,,III,100,B,100,,,,
EU482723,2III_B,10678,23,10700,dengue virus type 2,,III,100,B,100,,,,
EU482724,2III_B,10678,23,10700,dengue virus type 2,,III,100,B,100,,,,
EU482725,2III_B,10678,23,10700,dengue virus type 2,,III,100,B,100,,,,
EU482727,2III_B,10678,23,10700,dengue virus type 2,,III,100,B,100,,,,
EU482728,2III_B,10675,23,10700,dengue virus type 2,,III,100,B,100,,,,
EU482729,2III_B,10678,23,10700,dengue virus type 2,,III,100,B,100,,,,
KU509271,2II_A.1,10546,82,10627,dengue virus type 2,,II,100,A,100,1,100,,
EU482730,2III_B,10629,33,10661,dengue virus type 2,,III,100,B,100,,,,
EU482731,2III_C,10678,23,10700,dengue virus type 2,,III,100,C,100,Related to but not part of 1,,,
EU482733,2III_B,10676,23,10699,dengue virus type 2,,III,100,B,100,,,,
EU482734,2III,10678,23,10700,dengue virus type 2,,III,100,Could not assign,,,,,
EU482737,2III,10678,23,10700,dengue virus type 2,,III,100,Related to but not part of B,,,,,
EU482739,2III_B,10678,23,10700,dengue virus type 2,,III,100,B,100,,,,
EU482740,2III,10678,23,10700,dengue virus type 2,,III,100,Related to but not part of B,,,,,
EU482741,2III,10678,23,10700,dengue virus type 2,,III,100,Related to but not part of B,,,,,
KU509272,2II_E.1,10262,60,10321,dengue virus type 2,,II,100,E,100,1,100,,
EU482744,2III,10677,23,10700,dengue virus type 2,,III,100,Related to but not part of B,,,,,
EU482746,2III,10678,23,10700,dengue virus type 2,,III,100,Related to but not part of B,,,,,
EU482748,2III_D.1,10681,22,10700,dengue virus type 2,,III,100,D,100,1,100,,
KU509273,2V_A,10543,83,10625,dengue virus type 2,,V,100,A,98,Related to but not part of 4,,Related to but not part of 2,
KM279515,2II_E.1,10723,1,10723,dengue virus type 2,,II,100,E,100,1,100,,
EU482752,2III_D.1.3,10679,23,10700,dengue virus type 2,,III,100,D,100,1,100,,
EU482753,2III_D.1.3,10677,23,10698,dengue virus type 2,,III,100,D,100,1,100,3,100
KM279517,2II_E.1,10723,1,10723,dengue virus type 2,,II,100,E,100,1,100,3,100
KM279518,2II_E.1,10723,1,10723,dengue virus type 2,,II,100,E,100,1,100,,
KM279519,2II_E.1,10723,1,10723,dengue virus type 2,,II,100,E,100,1,100,,
EU482755,2III_D.1.3,10679,23,10700,dengue virus type 2,,III,100,D,100,1,100,,
EU482756,2III_D.1.3,10679,23,10700,dengue virus type 2,,III,100,D,100,1,100,3,100
KM279520,2II_E.1,10723,1,10723,dengue virus type 2,,II,100,E,100,1,100,3,100
KM279521,2II_E.1,10723,1,10723,dengue virus type 2,,II,100,E,100,1,100,,
EU482757,2III_D.1,10675,28,10700,dengue virus type 2,,III,100,D,100,1,100,,
KM279522,2II_E.1,10723,1,10723,dengue virus type 2,,II,100,E,100,1,100,Related to but not part of 2,
EU482758,2III_D.1.3,10679,23,10700,dengue virus type 2,,III,100,D,100,1,100,,
KM279525,2II_E.1,10723,1,10723,dengue virus type 2,,II,100,E,100,1,100,3,100
KM279526,2II_E.1,10723,1,10723,dengue virus type 2,,II,100,E,100,1,100,,
EU482762,2III_D.1.3,10678,23,10699,dengue virus type 2,,III,100,D,100,1,100,,
EU482763,2III_D.1.3,10679,23,10700,dengue virus type 2,,III,100,D,100,1,100,3,100
KM279528,2II_E.1,10723,1,10723,dengue virus type 2,,II,100,E,100,1,100,3,100
EU482766,2III_D.1.1,10679,23,10699,dengue virus type 2,,III,100,D,100,1,100,,
EU482769,2III_D.1.3,10679,23,10700,dengue virus type 2,,III,100,D,100,1,100,1,100
EU482770,2III_D.1.3,10678,23,10699,dengue virus type 2,,III,100,D,100,1,100,3,100
EU482771,2III_D.1.3,10679,23,10700,dengue virus type 2,,III,100,D,100,1,100,3,100
EU482772,2III_D.1.1,10680,23,10700,dengue virus type 2,,III,100,D,100,1,100,3,100
KM279532,2II_E.1,10723,1,10723,dengue virus type 2,,II,100,E,100,1,100,1,100
KM279533,2II_E.1,10723,1,10723,dengue virus type 2,,II,100,E,100,1,100,,
EU482774,2V_A,10678,23,10700,dengue virus type 2,,V,100,A,100,Related to but not part of 3,,,
KM279534,2II_E.1,10723,1,10723,dengue virus type 2,,II,100,E,100,1,100,,
EU482775,2V_A,10678,23,10700,dengue virus type 2,,V,100,A,100,Related to but not part of 3,,,
KM279535,2II_E.1,10723,1,10723,dengue virus type 2,,II,100,E,100,1,100,,
EU482776,2V_A,10678,23,10700,dengue virus type 2,,V,100,A,100,Related to but not part of 3,,,
KM279536,2II_E.1,10723,1,10723,dengue virus type 2,,II,100,E,100,1,100,,
EU482777,2V_A,10678,23,10700,dengue virus type 2,,V,100,A,100,Could not assign,,,
KM279537,2II_E.1,10723,1,10723,dengue virus type 2,,II,100,E,100,1,100,,
EU482778,2III_A.1,10677,23,10700,dengue virus type 2,,III,100,A,100,1,100,,
EU482779,2III_A.1,10678,23,10700,dengue virus type 2,,III,100,A,100,1,100,,
KM279539,2II_E.1,10723,1,10723,dengue virus type 2,,II,100,E,100,1,100,,
EU482780,2III_A.1,10678,23,10700,dengue virus type 2,,III,100,A,100,1,100,,
KM279540,2II_E.1,10723,1,10723,dengue virus type 2,,II,100,E,100,1,100,,
KU509274,2II_C,10540,89,10628,dengue virus type 2,,II,100,C,100,Could not assign,,,
EU482781,2III_A.1,10678,23,10700,dengue virus type 2,,III,100,A,100,1,100,,
KM279542,2II_E.1,10723,1,10723,dengue virus type 2,,II,100,E,100,1,100,,
EU482783,2III_A.1,10677,23,10700,dengue virus type 2,,III,100,A,100,1,100,,
KM279543,2II_E.1,10723,1,10723,dengue virus type 2,,II,100,E,100,1,100,,
EU482784,2V_A,10679,23,10700,dengue virus type 2,,V,100,A,100,Could not assign,,,
KM279544,2II_E.1,10723,1,10723,dengue virus type 2,,II,100,E,100,1,100,,
EU482785,2III_A.1,10678,23,10700,dengue virus type 2,,III,100,A,100,1,100,,
KM279545,2II_E.1,10723,1,10723,dengue virus type 2,,II,100,E,100,1,100,,
KM279546,2II_E.1,10723,1,10723,dengue virus type 2,,II,100,E,100,1,100,,
EU482787,2III_A.1,10678,23,10700,dengue virus type 2,,III,100,A,100,1,100,,
KM279548,2II_E.1,10723,1,10723,dengue virus type 2,,II,100,E,100,1,100,,
EU482788,2III_A.1,10678,23,10700,dengue virus type 2,,III,100,A,100,1,100,,
KM279530,2II_E.1,10723,1,10723,dengue virus type 2,,II,100,E,100,1,100,,
KM279549,2II_E.1,10723,1,10723,dengue virus type 2,,II,100,E,100,1,100,,
KM279550,2II_E.1,10723,1,10723,dengue virus type 2,,II,100,E,100,1,100,,
KM279551,2II_E.1,10723,1,10723,dengue virus type 2,,II,100,E,100,1,100,,
KM279553,2II_E.1,10723,1,10723,dengue virus type 2,,II,100,E,100,1,100,,
KM279554,2II_E.1,10723,1,10723,dengue virus type 2,,II,100,E,100,1,100,,
KM279557,2II_E.1,10724,1,10723,dengue virus type 2,,II,100,E,100,1,100,,
KU509275,2II_C.1,10455,75,10529,dengue virus type 2,,II,100,C,100,1,100,,
KM279559,2II_E.1,10723,1,10723,dengue virus type 2,,II,100,E,100,1,100,,
KM279560,2II_E.1,10723,1,10723,dengue virus type 2,,II,100,E,100,1,100,,
KM279562,2II_E.1,10723,1,10723,dengue virus type 2,,II,100,E,100,1,100,,
KM279563,2II_E.1,10723,1,10723,dengue virus type 2,,II,100,E,100,1,100,,
KM279564,2II_E.1,10723,1,10723,dengue virus type 2,,II,100,E,100,1,100,,
KM279567,2II_E.1,10723,1,10723,dengue virus type 2,,II,100,E,100,1,100,,
KM279568,2II_E.1,10723,1,10723,dengue virus type 2,,II,100,E,100,1,100,,
KM279569,2II_E.1,10723,1,10723,dengue virus type 2,,II,100,E,100,1,100,,
KM279570,2II_E.1,10723,1,10723,dengue virus type 2,,II,100,E,100,1,100,,
KM279572,2II_E.1,10723,1,10723,dengue virus type 2,,II,100,E,100,1,100,,
KU509276,2II_C.1,10395,90,10484,dengue virus type 2,,II,100,C,100,1,100,,
KM279573,2II_E.1,10723,1,10723,dengue virus type 2,,II,100,E,100,1,100,,
KM279576,2II_E.1,10723,1,10723,dengue virus type 2,,II,100,E,100,1,100,,
KM279577,2II_E.1,10723,1,10723,dengue virus type 2,,II,100,E,100,1,100,,
KM279578,2II_E.1,10723,1,10723,dengue virus type 2,,II,100,E,100,1,100,,
KM279587,2II_E.1,10723,1,10723,dengue virus type 2,,II,100,E,100,1,100,,
KM279591,2II_E.1,10723,1,10723,dengue virus type 2,,II,100,E,100,1,100,,
KM279593,2II_E.1,10723,1,10723,dengue virus type 2,,II,100,E,100,1,100,,
KM279594,2II_E.1,10723,1,10723,dengue virus type 2,,II,100,E,100,1,100,,
KM279595,2II_E.1,10723,1,10723,dengue virus type 2,,II,100,E,100,1,100,,
KM279597,2II_E.1,10723,1,10723,dengue virus type 2,,II,100,E,100,1,100,,
KM279598,2II_E.1,10723,1,10723,dengue virus type 2,,II,100,E,100,1,100,,
KM279599,2II_E.1,10723,1,10723,dengue virus type 2,,II,100,E,100,1,100,,
GU289914,2V,10723,1,10723,dengue virus type 2,,V,100,Could not assign,,,,,
KM279600,2II_E.1,10723,1,10723,dengue virus type 2,,II,100,E,100,1,100,,
KM279601,2II_E.1,10723,1,10723,dengue virus type 2,,II,100,E,100,1,100,,
KU509277,2II_C.1,10551,77,10626,dengue virus type 2,,II,100,C,100,1,100,,
KJ189305,2III_D,10478,10,10485,dengue virus type 2,,III,100,D,100,Related to but not part of 3,,,
KJ189370,2III_D.1.2,10481,5,10485,dengue virus type 2,,III,100,D,100,1,100,,
EU529695,2III_B,10666,35,10700,dengue virus type 2,,III,100,B,100,,,2,100
EU529701,2III,10678,23,10700,dengue virus type 2,,III,100,Could not assign,,,,,
EU529706,2III_B,10668,33,10700,dengue virus type 2,,III,100,B,100,,,,
EU569693,2III_D.1.1,10680,23,10700,dengue virus type 2,,III,100,D,100,1,100,,
EU569694,2III_D.1.1,10680,23,10700,dengue virus type 2,,III,100,D,100,1,100,1,100
EU569696,2III_D.1.1,10664,38,10699,dengue virus type 2,,III,100,D,100,1,100,1,100
EU569698,2III_D.1.1,10680,23,10699,dengue virus type 2,,III,100,D,100,1,100,1,100
EU569699,2III_D.1.3,10678,23,10699,dengue virus type 2,,III,100,D,100,1,100,1,100
EU569702,2III_D.1.1,10679,23,10699,dengue virus type 2,,III,100,D,100,1,100,3,100
EU569704,2III,10668,33,10700,dengue virus type 2,,III,100,Related to but not part of B,,,,1,100
EU569706,2III_B,10678,23,10700,dengue virus type 2,,III,100,B,100,,,,
EU569707,2III,10678,23,10700,dengue virus type 2,,III,100,Related to but not part of B,,,,,
EU569709,2III_B,10678,23,10700,dengue virus type 2,,III,100,B,100,,,,
EU569710,2III_B,10678,23,10700,dengue virus type 2,,III,100,B,100,,,,
EU569712,2III_B,10677,23,10700,dengue virus type 2,,III,100,B,100,,,,
EU569713,2III_B,10677,23,10700,dengue virus type 2,,III,100,B,100,,,,
EU569714,2III_B,10678,23,10700,dengue virus type 2,,III,100,B,100,,,,
EU569715,2III_B,10678,23,10700,dengue virus type 2,,III,100,B,100,,,,
EU569717,2III_B,10678,23,10700,dengue virus type 2,,III,100,B,100,,,,
EU569718,2III_B,10663,38,10700,dengue virus type 2,,III,100,B,100,,,,
EU569719,2III_B,10677,23,10699,dengue virus type 2,,III,100,B,100,,,,
EU569720,2III_B,10723,23,10723,dengue virus type 2,,III,100,B,100,,,,
JN819404,2III_C,10523,31,10553,dengue virus type 2,,III,100,C,100,Could not assign,,,
JN819407,2III_D.2,10651,48,10699,dengue virus type 2,,III,100,D,100,2,100,,
JN819408,2III_D,10620,40,10653,dengue virus type 2,,III,100,D,100,Could not assign,,,
JN819416,2III_D.1,10667,33,10700,dengue virus type 2,,III,100,D,100,1,100,,
JN819418,2III,10576,23,10699,dengue virus type 2,,III,100,Could not assign,,,,Could not assign,
JN819420,2III_D.1.1,10487,23,10507,dengue virus type 2,,III,100,D,100,1,100,,
JN819421,2III_D.1.1,10403,62,10463,dengue virus type 2,,III,100,D,100,1,100,1,100
JN819422,2III_D.1,10519,23,10541,dengue virus type 2,,III,100,D,100,1,100,1,100
JN819424,2III_D.1.1,10679,33,10710,dengue virus type 2,,III,100,D,100,1,100,Could not assign,
EU596484,2III_D.1.3,10678,23,10699,dengue virus type 2,,III,100,D,100,1,100,1,100
EU596486,2III_B,10678,23,10700,dengue virus type 2,,III,100,B,100,,,3,100
EU596487,2III_B,10666,34,10700,dengue virus type 2,,III,100,B,100,,,,
EU596488,2III_B,10678,23,10700,dengue virus type 2,,III,100,B,100,,,,
EU596489,2III_B,10678,23,10700,dengue virus type 2,,III,100,B,100,,,,
EU596495,2III_D.1.1,10679,23,10699,dengue virus type 2,,III,100,D,100,1,100,,
EU596496,2III_D.1.1,10681,23,10700,dengue virus type 2,,III,100,D,100,1,100,1,100
EU596498,2III_D.1.1,10680,23,10700,dengue virus type 2,,III,100,D,100,1,100,1,100
EU596499,2III_D.1.1,10663,41,10700,dengue virus type 2,,III,100,D,100,1,100,1,100
EU596500,2III_D.1.1,10680,23,10700,dengue virus type 2,,III,100,D,100,1,100,1,100
EU621672,2III_D.1.1,10711,23,10723,dengue virus type 2,,III,100,D,100,1,100,1,100
JN851113,2II_E.1,10176,97,10272,dengue virus type 2,,II,100,E,100,1,100,1,100
JN851114,2II_E.1,10176,97,10272,dengue virus type 2,,II,100,E,100,1,100,,
JN851117,2II_E.1,10176,97,10272,dengue virus type 2,,II,100,E,100,1,100,,
JN851119,2II_E.1,10176,97,10272,dengue virus type 2,,II,100,E,100,1,100,,
JN851120,2II_E.1,10176,97,10272,dengue virus type 2,,II,100,E,100,1,100,,
JN851121,2II_E.1,10176,97,10272,dengue virus type 2,,II,100,E,100,1,100,,
JN851122,2II_E.1,10176,97,10272,dengue virus type 2,,II,100,E,100,1,100,,
JN851126,2II,10176,97,10272,dengue virus type 2,,II,100,Related to but not part of F,,,,,
JN851127,2II,10176,97,10272,dengue virus type 2,,II,100,Related to but not part of F,,,,,
JN851128,2II,10176,97,10272,dengue virus type 2,,II,100,Related to but not part of E,,,,,
JN851129,2II,10176,97,10272,dengue virus type 2,,II,100,Related to but not part of E,,,,,
JN851130,2II_D.3,10176,97,10272,dengue virus type 2,,II,100,D,100,3,100,,
JN851131,2II_C,10176,97,10272,dengue virus type 2,,II,100,C,100,Could not assign,,,
JN851125,2II,10176,97,10272,dengue virus type 2,,II,100,Related to but not part of D,,,,,
KP012546,2II_D.1,10723,1,10723,dengue virus type 2,,II,100,D,100,1,100,,
EU660398,2III,10639,23,10661,dengue virus type 2,,III,100,Related to but not part of B,,,,,
EU660400,2III_B,10677,23,10699,dengue virus type 2,,III,100,B,100,,,,
EU660404,2III_D.1.1,10709,23,10723,dengue virus type 2,,III,100,D,100,1,100,,
EU660405,2III_D.1.1,10680,23,10699,dengue virus type 2,,III,100,D,100,1,100,1,100
EU660406,2III_D.1.1,10679,23,10699,dengue virus type 2,,III,100,D,100,1,100,1,100
EU660414,2V_A,10678,23,10700,dengue virus type 2,,V,100,A,100,Related to but not part of 3,,1,100
EU660415,2V_A,10711,23,10723,dengue virus type 2,,V,100,A,100,Related to but not part of 3,,,
EU660416,2V_A,10678,23,10700,dengue virus type 2,,V,100,A,100,Could not assign,,,
EU677137,2V_A,10661,40,10700,dengue virus type 2,,V,100,A,100,Could not assign,,,
EU677138,2V_A,10678,23,10700,dengue virus type 2,,V,100,A,100,Related to but not part of 3,,,
EU677141,2III_B,10677,23,10700,dengue virus type 2,,III,100,B,100,,,,
EU677142,2III,10678,23,10700,dengue virus type 2,,III,100,Related to but not part of C,,,,,
EU677143,2III_B,10678,23,10700,dengue virus type 2,,III,100,B,100,,,,
EU677144,2III_B,10678,23,10700,dengue virus type 2,,III,100,B,100,,,,
EU677145,2III_C,10678,23,10700,dengue virus type 2,,III,100,C,100,Could not assign,,,
EU677147,2III_B,10678,23,10700,dengue virus type 2,,III,100,B,100,,,,
EU677148,2V_A,10678,23,10700,dengue virus type 2,,V,100,A,100,Could not assign,,,
GU369819,2III_D.1,10521,83,10603,dengue virus type 2,,III,100,D,100,1,100,,
GU370051,2II_E.1,10527,97,10623,dengue virus type 2,,II,100,E,100,1,100,Could not assign,
EU687199,2III_B,10678,23,10700,dengue virus type 2,,III,100,B,100,,,,
EU687213,2III_B,10678,23,10700,dengue virus type 2,,III,100,B,100,,,,
EU687214,2III_B,10678,23,10700,dengue virus type 2,,III,100,B,100,,,,
EU687215,2III_B,10678,23,10700,dengue virus type 2,,III,100,B,100,,,,
EU687216,2III_C,10678,23,10700,dengue virus type 2,,III,100,C,100,Could not assign,,,
EU687229,2III_B,10678,23,10700,dengue virus type 2,,III,100,B,100,,,,
EU687231,2III_B,10678,23,10700,dengue virus type 2,,III,100,B,100,,,,
EU687232,2III_B,10662,39,10700,dengue virus type 2,,III,100,B,100,,,,
EU687236,2III_B,10678,23,10700,dengue virus type 2,,III,100,B,100,,,,
EU687237,2III_B,10678,23,10700,dengue virus type 2,,III,100,B,100,,,,
EU687238,2III_B,10678,23,10700,dengue virus type 2,,III,100,B,100,,,,
EU687240,2III_B,10678,23,10700,dengue virus type 2,,III,100,B,100,,,,
EU687241,2III_B,10678,23,10700,dengue virus type 2,,III,100,B,100,,,,
EU687242,2III_B,10678,23,10700,dengue virus type 2,,III,100,B,100,,,,
EU687243,2III_B,10678,23,10700,dengue virus type 2,,III,100,B,100,,,,
EU687244,2III_B,10678,23,10700,dengue virus type 2,,III,100,B,100,,,,
EU687245,2III_B,10678,23,10700,dengue virus type 2,,III,100,B,100,,,,
EU687246,2V,10679,23,10700,dengue virus type 2,,V,100,Related to but not part of D,,,,,
EU687248,2V_A,10678,23,10700,dengue virus type 2,,V,100,A,100,Could not assign,,,
EU687249,2V_A,10678,23,10700,dengue virus type 2,,V,100,A,95,Could not assign,,,
EU687250,2V_A,10668,33,10700,dengue virus type 2,,V,100,A,100,Could not assign,,,
JQ045669,2V_A,10685,23,10723,dengue virus type 2,,V,100,A,100,Could not assign,,,
JQ045670,2V_A,10702,23,10723,dengue virus type 2,,V,100,A,100,Could not assign,,,
JQ045671,2V_A,10691,23,10723,dengue virus type 2,,V,100,A,100,Could not assign,,,
JQ045673,2V_A,10559,23,10723,dengue virus type 2,,V,100,A,100,Could not assign,,,
JQ045675,2V_A,10691,23,10723,dengue virus type 2,,V,100,A,100,Could not assign,,,
JQ045676,2V_A,10684,23,10723,dengue virus type 2,,V,100,A,100,Could not assign,,,
JQ045677,2V_A,10617,23,10723,dengue virus type 2,,V,100,A,100,Related to but not part of 3,,,
JQ045678,2V_A,10690,23,10723,dengue virus type 2,,V,100,A,100,Related to but not part of 4,,,
JQ045679,2V_A,10691,23,10723,dengue virus type 2,,V,100,A,100,Related to but not part of 4,,,
JQ045680,2V_A,10688,23,10723,dengue virus type 2,,V,100,A,100,Could not assign,,,
JQ045681,2V_A,10691,23,10723,dengue virus type 2,,V,100,A,100,Related to but not part of 3,,,
EU726767,2V,10678,23,10700,dengue virus type 2,,V,100,Could not assign,,,,,
EU726775,2III_D,10679,23,10700,dengue virus type 2,,III,100,D,100,Related to but not part of 3,,,
EU726776,2V_A,10663,38,10700,dengue virus type 2,,V,100,A,100,Could not assign,,,
EU781135,2III_B,10678,23,10700,dengue virus type 2,,III,100,B,100,,,,
KP188549,2III_C,10783,1,10675,dengue virus type 2,,III,100,C,100,Could not assign,,,
KP188550,2III_C,10708,1,10667,dengue virus type 2,,III,100,C,100,Could not assign,,,
KP188551,2III_C,10603,1,10579,dengue virus type 2,,III,100,C,100,Could not assign,,,
KP188552,2III_C,10527,63,10589,dengue virus type 2,,III,100,C,100,Could not assign,,,
KP188553,2III_C,10403,5,10419,dengue virus type 2,,III,100,C,100,Could not assign,,,
KP188554,2III_C,10699,1,10589,dengue virus type 2,,III,100,C,100,Could not assign,,,
KP188555,2III_C,10657,1,10589,dengue virus type 2,,III,100,C,100,Could not assign,,,
KP188556,2III_C,10526,64,10589,dengue virus type 2,,III,100,C,100,Could not assign,,,
KP188569,2III_C,10420,1,10354,dengue virus type 2,,III,100,C,100,Could not assign,,,
HM488257,2II_F,10967,23,10723,dengue virus type 2,,II,100,F,100,Related to but not part of 1,,,
KU517845,2II_E.2,10723,1,10723,dengue virus type 2,,II,100,E,100,2,100,,
KU517846,2II_F.2.1,10723,1,10723,dengue virus type 2,,II,100,F,100,2,100,,
KU517847,2II_F.1,10723,1,10723,dengue virus type 2,,II,100,F,100,1,100,1,100
EU854293,dengue virus type 2,10633,36,10668,dengue virus type 2,,Related to but not part of IV,,,,,,Related to but not part of 2,
EU854294,2III_D.2,10636,34,10668,dengue virus type 2,,III,100,D,100,2,100,,
MG189962,2II_D.1,10665,47,10711,dengue virus type 2,,II,100,D,100,1,100,,
JQ922549,2II_A.1,10648,28,10675,dengue virus type 2,,II,100,A,100,1,100,,
JQ922550,2I,10619,28,10646,dengue virus type 2,,I,100,,,,,,
JQ922551,2II_A,10639,28,10704,dengue virus type 2,,II,100,A,100,Related to but not part of 1,,,
JQ922552,2I,10675,28,10701,dengue virus type 2,,I,100,,,,,,
JQ922553,2I,10591,63,10653,dengue virus type 2,,I,100,,,,,,
JQ955623,2II_A.1,10670,1,10670,dengue virus type 2,,II,100,A,100,1,100,,
JQ955624,2II_A.1,10670,1,10670,dengue virus type 2,,II,100,A,100,1,99,,
FJ024452,2V_A,10678,23,10700,dengue virus type 2,,V,100,A,100,Related to but not part of 4,,,
FJ024454,2V_A,10678,23,10700,dengue virus type 2,,V,100,A,100,Related to but not part of 3,,,
FJ024458,2V_A,10678,23,10700,dengue virus type 2,,V,100,A,100,Related to but not part of 3,,,
FJ024461,2V_A,10678,23,10700,dengue virus type 2,,V,100,A,100,Related to but not part of 3,,,
FJ024473,2III_D.2,10647,23,10668,dengue virus type 2,,III,100,D,100,2,100,,
FJ024474,2III_D.2,10640,23,10661,dengue virus type 2,,III,100,D,100,2,100,,
FJ024475,2III_D.2,10640,23,10661,dengue virus type 2,,III,100,D,100,2,100,,
FJ024477,2III_D,10647,23,10668,dengue virus type 2,,III,100,D,100,Related to but not part of 3,,,
KC964093,2II_C,10723,1,10723,dengue virus type 2,,II,100,C,100,Could not assign,,,
FJ182012,2III_D.2,10637,23,10668,dengue virus type 2,,III,100,D,100,2,100,,
FJ182014,2III_D.1.1,10680,23,10700,dengue virus type 2,,III,100,D,100,1,100,,
KC964094,2II,10723,1,10723,dengue virus type 2,,II,100,Could not assign,,,,1,100
KC964095,2V_D,10723,1,10723,dengue virus type 2,,V,100,D,100,,,,
MW208050,2III_C.1.1,10176,97,10272,dengue virus type 2,,III,100,C,100,1,100,,
JX079688,2III_D.1.1,10477,11,10486,dengue virus type 2,,III,100,D,100,1,100,1,83
JX079690,2III_D.1.1,10342,11,10352,dengue virus type 2,,III,100,D,100,1,100,1,100
FJ744703,2III_D.1.1,10673,23,10694,dengue virus type 2,,III,100,D,100,1,100,1,100
JX079694,2III_D.1.3,10478,11,10485,dengue virus type 2,,III,100,D,100,1,100,1,100
FJ744704,2III_D.1,10664,37,10700,dengue virus type 2,,III,100,D,100,1,100,3,100
FJ744705,2III_D.1,10669,33,10700,dengue virus type 2,,III,100,D,100,1,100,Related to but not part of 3,
FJ744706,2III_D.1.1,10679,23,10699,dengue virus type 2,,III,100,D,100,1,100,Related to but not part of 3,
FJ744707,2III_D.1.1,10678,23,10698,dengue virus type 2,,III,100,D,100,1,100,1,100
FJ744708,2III_D.1.1,10689,23,10709,dengue virus type 2,,III,100,D,100,1,100,1,100
FJ744709,2III_D.1.1,10640,23,10660,dengue virus type 2,,III,100,D,100,1,100,1,100
MW208051,2III_C.1.1,10176,97,10272,dengue virus type 2,,III,100,C,100,1,100,1,100
FJ744710,2V_A,10678,23,10700,dengue virus type 2,,V,100,A,56,Could not assign,,1,84
FJ744711,2V_A,10678,23,10700,dengue virus type 2,,V,100,A,56,Could not assign,,,
MN566111,2II_C.1,10722,1,10723,dengue virus type 2,,II,100,C,100,1,100,,
MN566112,2II_C.1,10722,1,10723,dengue virus type 2,,II,100,C,100,1,100,,
FJ744712,2V_A,10678,23,10700,dengue virus type 2,,V,100,A,57,Could not assign,,,
MN577553,2II_A.2.2,10266,7,10272,dengue virus type 2,,II,100,A,100,2,100,,
MN577554,2II_A.2.2,10266,7,10272,dengue virus type 2,,II,100,A,100,2,100,2,100
MN577556,2II_A.2.2,10290,7,10296,dengue virus type 2,,II,100,A,100,2,100,2,100
MN577557,2II_A.2.2,10290,7,10296,dengue virus type 2,,II,100,A,100,2,100,2,100
MN577559,2II_A.2.2,10702,22,10723,dengue virus type 2,,II,100,A,100,2,100,2,100
MN577560,2II_A.2.2,10715,9,10723,dengue virus type 2,,II,100,A,100,2,100,2,100
MN577561,2II_A.2.2,10715,9,10723,dengue virus type 2,,II,100,A,100,2,100,2,100
MN577562,2II_B,10716,8,10723,dengue virus type 2,,II,100,B,100,,,2,100
MN577563,2II_A.2.2,10280,7,10286,dengue virus type 2,,II,100,A,100,2,100,,
MN577564,2II_B,10276,7,10282,dengue virus type 2,,II,100,B,100,,,2,100
FJ744714,2V_A,10678,23,10700,dengue virus type 2,,V,100,A,97,Could not assign,,,
FJ744713,2V_A,10678,23,10700,dengue virus type 2,,V,100,A,52,Could not assign,,,
FJ744715,2V_A,10678,23,10700,dengue virus type 2,,V,100,A,96,Could not assign,,,
LC410184,2V_A,10671,29,10699,dengue virus type 2,,V,100,A,100,Related to but not part of 4,,,
LC410185,2V_A.2,10670,29,10699,dengue virus type 2,,V,100,A,100,2,100,,
LC410187,2V_A,10671,29,10699,dengue virus type 2,,V,100,A,100,Related to but not part of 4,,,
LC410186,2V_A,10671,29,10699,dengue virus type 2,,V,100,A,100,Related to but not part of 4,,,
MF156233,2II_A.1,10176,97,10272,dengue virus type 2,,II,100,A,100,1,100,,
LC410188,2V_A,10671,29,10699,dengue virus type 2,,V,100,A,100,Related to but not part of 4,,,
LC410189,2II_F.1,10671,29,10699,dengue virus type 2,,II,100,F,100,1,100,,
MF156234,2II_A.1,10176,97,10272,dengue virus type 2,,II,100,A,100,1,100,Related to but not part of 2,
LC410190,2II_F.1,10671,29,10699,dengue virus type 2,,II,100,F,100,1,100,,
MF156235,2II_A.1,10176,97,10272,dengue virus type 2,,II,100,A,100,1,100,Related to but not part of 2,
FJ744716,2V_A,10678,23,10700,dengue virus type 2,,V,100,A,97,Could not assign,,,
LC410191,2II_F.1,10671,29,10699,dengue virus type 2,,II,100,F,100,1,100,,
MF156236,2II_A.1,10176,97,10272,dengue virus type 2,,II,100,A,100,1,100,Related to but not part of 2,
MF156237,2II_A.1,10176,97,10272,dengue virus type 2,,II,100,A,100,1,100,,
MF156238,2II_A.1,10176,97,10272,dengue virus type 2,,II,100,A,100,1,100,,
MF156239,2II_A.1,10176,97,10272,dengue virus type 2,,II,100,A,100,1,100,,
MF156240,2II_A.1,10176,97,10272,dengue virus type 2,,II,100,A,100,1,100,,
MF156241,2II_A.1,10176,97,10272,dengue virus type 2,,II,100,A,100,1,100,,
MF156242,2II_A.1,10176,97,10272,dengue virus type 2,,II,100,A,100,1,100,,
MF156243,2II_A.1,10176,97,10272,dengue virus type 2,,II,100,A,100,1,100,,
MF156244,2II_A.1,10176,97,10272,dengue virus type 2,,II,100,A,100,1,100,,
FJ744717,2V_A,10678,23,10700,dengue virus type 2,,V,100,A,97,Could not assign,,,
MF156245,2II_A.1,10176,97,10272,dengue virus type 2,,II,100,A,100,1,100,,
MF156246,2II_A.1,10176,97,10272,dengue virus type 2,,II,100,A,100,1,100,,
MF156247,2II_A.1,10176,97,10272,dengue virus type 2,,II,100,A,100,1,100,,
MF156248,2II_A.1,10176,97,10272,dengue virus type 2,,II,100,A,100,1,100,,
FJ744718,2V_A,10678,23,10700,dengue virus type 2,,V,100,A,95,Could not assign,,,
FJ744719,2V_E,10719,1,10699,dengue virus type 2,,V,100,E,100,,,,
FJ744720,2V_E,10678,23,10699,dengue virus type 2,,V,100,E,100,,,,
FJ744721,2V_E,10679,23,10700,dengue virus type 2,,V,100,E,100,,,,
FJ744722,2V_E,10679,23,10700,dengue virus type 2,,V,100,E,100,,,,
FJ744723,2V_E,10671,23,10692,dengue virus type 2,,V,100,E,100,,,,
LC436669,2II_F.1.2,10671,29,10699,dengue virus type 2,,II,100,F,100,1,100,,
LC436670,2II_A.2.1,10671,29,10699,dengue virus type 2,,II,100,A,100,2,100,2,100
LC436671,2II_A.2.1,10671,29,10699,dengue virus type 2,,II,100,A,100,2,100,1,100
LC436672,2II_F.1.2,10671,29,10699,dengue virus type 2,,II,100,F,100,1,100,1,100
LC436673,2II_F.1.2,10671,29,10699,dengue virus type 2,,II,100,F,100,1,100,2,100
LC436674,2II_F.1.2,10671,29,10699,dengue virus type 2,,II,100,F,100,1,100,2,100
LC436675,2II_F.1.2,10671,29,10699,dengue virus type 2,,II,100,F,100,1,100,2,100
FJ744725,2V_A,10678,23,10700,dengue virus type 2,,V,100,A,96,Could not assign,,2,100
FJ744724,2V_A,10659,23,10681,dengue virus type 2,,V,100,A,83,Could not assign,,,
MH215277,2III_D.2,10722,1,10723,dengue virus type 2,,III,100,D,100,2,100,,
MW208055,2III_C.1.1,10176,97,10272,dengue virus type 2,,III,100,C,100,1,100,,
FJ744741,2III_D.1.3,10679,23,10700,dengue virus type 2,,III,100,D,100,1,100,1,98
MK513444,2II_F.1,10723,1,10723,dengue virus type 2,,II,100,F,100,1,100,3,100
FJ744743,2III_D.1.1,10727,8,10723,dengue virus type 2,,III,100,D,100,1,100,Related to but not part of 1,
FJ744742,2III_D.1.1,10679,23,10699,dengue virus type 2,,III,100,D,100,1,100,1,100
FJ744744,2III_D,10664,38,10700,dengue virus type 2,,III,100,D,100,Related to but not part of 1,,1,100
FJ744745,2III_D.1,10679,23,10700,dengue virus type 2,,III,100,D,100,1,100,,
KY415992,2III_C,10724,1,10723,dengue virus type 2,,III,100,C,100,Could not assign,,Related to but not part of 3,
MK543448,2II_F.1,10716,8,10723,dengue virus type 2,,II,100,F,100,1,100,,
MK543449,2II_F.1,10716,8,10723,dengue virus type 2,,II,100,F,100,1,100,Related to but not part of 1,
MK543450,2II_F.1,10716,8,10723,dengue virus type 2,,II,100,F,100,1,100,Related to but not part of 1,
MK543471,2II_F.1,10716,8,10723,dengue virus type 2,,II,100,F,100,1,100,Related to but not part of 1,
MK543479,2II_F.1,10716,8,10723,dengue virus type 2,,II,100,F,100,1,100,Related to but not part of 1,
MK564476,2II_F,10558,97,10654,dengue virus type 2,,II,100,F,100,Related to but not part of 1,,Related to but not part of 1,
MK564477,2II_D.3,10558,97,10654,dengue virus type 2,,II,100,D,100,3,100,,
MK564478,2II_D.1,10558,97,10654,dengue virus type 2,,II,100,D,100,1,100,,
MK564479,2II_F.1,10558,97,10654,dengue virus type 2,,II,100,F,100,1,100,,
MK564480,2II_F.1,10558,97,10654,dengue virus type 2,,II,100,F,100,1,100,Related to but not part of 1,
MK564481,2II_F.1,10558,97,10654,dengue virus type 2,,II,100,F,100,1,100,Related to but not part of 1,
MK564482,2II_D.3,10558,97,10654,dengue virus type 2,,II,100,D,100,3,100,Related to but not part of 1,
MK564483,2II_F.1,10558,97,10654,dengue virus type 2,,II,100,F,100,1,100,,
MK564484,2II_F.1,10558,97,10654,dengue virus type 2,,II,100,F,100,1,100,Related to but not part of 1,
MK564486,2II_D.2,10558,97,10654,dengue virus type 2,,II,100,D,100,2,100,Related to but not part of 2,
MK564487,2II_D.2,10558,97,10654,dengue virus type 2,,II,100,D,100,2,100,,
MK564488,2II_A.2.1,10558,97,10654,dengue virus type 2,,II,100,A,100,2,100,,
MK564485,2II_F.1,10558,97,10654,dengue virus type 2,,II,100,F,100,1,100,1,100
MK578531,2II_A.1,10176,97,10272,dengue virus type 2,,II,100,A,100,1,100,Related to but not part of 1,
MK578532,2II_F,10563,97,10659,dengue virus type 2,,II,100,F,100,Could not assign,,,
MK578533,2II_A.2.1,10563,97,10659,dengue virus type 2,,II,100,A,100,2,100,,
MW208059,2III_C.1.1,10176,97,10272,dengue virus type 2,,III,100,C,100,1,100,1,100
KY474308,2III_D.3,10648,23,10668,dengue virus type 2,,III,100,D,100,3,100,1,80
KY474309,2III_D.3,10648,23,10668,dengue virus type 2,,III,100,D,100,3,100,,
KY474310,2III_D.3,10647,23,10668,dengue virus type 2,,III,100,D,100,3,100,,
KY474311,2III_D.3,10647,23,10668,dengue virus type 2,,III,100,D,100,3,100,,
KY474312,2III_D.3,10648,23,10668,dengue virus type 2,,III,100,D,100,3,100,,
KY474313,2III_D.3,10648,23,10668,dengue virus type 2,,III,100,D,100,3,100,,
KY474314,2III_D.3,10648,23,10668,dengue virus type 2,,III,100,D,100,3,100,,
KY474315,2III_D.3,10648,23,10668,dengue virus type 2,,III,100,D,100,3,100,,
KY474316,2III_D.3,10647,23,10668,dengue virus type 2,,III,100,D,100,3,100,,
KY474317,2III_D.3,10647,23,10668,dengue virus type 2,,III,100,D,100,3,100,,
KY474318,2III_D.3,10648,23,10668,dengue virus type 2,,III,100,D,100,3,100,,
KY474319,2III_D.3,10648,23,10668,dengue virus type 2,,III,100,D,100,3,100,,
KY474320,2III_D.3,10647,23,10668,dengue virus type 2,,III,100,D,100,3,100,,
KY474321,2III_D.3,10647,23,10668,dengue virus type 2,,III,100,D,100,3,100,,
KY474322,2III_D.3,10648,23,10668,dengue virus type 2,,III,100,D,100,3,100,,
KY474323,2III_D.3,10648,23,10668,dengue virus type 2,,III,100,D,100,3,100,,
KY474324,2III_D.3,10648,23,10668,dengue virus type 2,,III,100,D,100,3,100,,
KY474325,2III_D.3,10648,23,10668,dengue virus type 2,,III,100,D,100,3,100,,
KY474326,2III_D.3,10648,23,10668,dengue virus type 2,,III,100,D,100,3,100,,
KY474327,2III_D.3,10648,23,10668,dengue virus type 2,,III,100,D,100,3,100,,
KY474328,2III_D.3,10648,23,10668,dengue virus type 2,,III,100,D,100,3,100,,
KY474330,2III_D.3,10648,23,10668,dengue virus type 2,,III,100,D,100,3,100,,
KY474331,2III_D.3,10648,23,10668,dengue virus type 2,,III,100,D,100,3,100,,
KY474332,2III_D.3,10647,23,10668,dengue virus type 2,,III,100,D,100,3,100,,
KY474333,2III_D.3,10648,23,10668,dengue virus type 2,,III,100,D,100,3,100,,
KY474334,2III_D.3,10460,23,10480,dengue virus type 2,,III,100,D,100,3,100,,
MK629884,2II_F.1,10522,15,10536,dengue virus type 2,,II,100,F,100,1,100,,
MK629885,2II_A.2.1,10431,68,10498,dengue virus type 2,,II,100,A,100,2,100,Related to but not part of 1,
MK629886,2II_A.1,10540,72,10611,dengue virus type 2,,II,100,A,100,1,100,1,100
KP723478,2II_D.1,10583,88,10670,dengue virus type 2,,II,100,D,100,1,100,,
KP723479,2II_D.2,10723,1,10723,dengue virus type 2,,II,100,D,100,2,100,,
MT076937,dengue virus type 2,10723,1,10723,dengue virus type 2,,Related to but not part of IV,,,,,,,
AB189122,2II,10723,1,10723,dengue virus type 2,,II,100,Related to but not part of C,,,,,
AB189123,2II,10723,1,10723,dengue virus type 2,,II,100,Related to but not part of C,,,,,
AB189124,2II,10723,1,10723,dengue virus type 2,,II,100,Related to but not part of C,,,,,
MK858098,2II_A.1,10712,9,10723,dengue virus type 2,,II,100,A,100,1,100,,
MK858099,2II_A.2.1,10723,1,10723,dengue virus type 2,,II,100,A,100,2,100,,
MK858102,2II_A.2.1,10724,1,10723,dengue virus type 2,,II,100,A,100,2,100,1,100
MK858103,2II_A.1,10723,1,10723,dengue virus type 2,,II,100,A,100,1,100,1,100
MK858106,2II_A.2.1,10272,1,10272,dengue virus type 2,,II,100,A,100,2,100,,
MK858107,2II_A.1,10723,1,10723,dengue virus type 2,,II,100,A,100,1,100,1,100
MK858109,2II_A.2.1,10723,1,10677,dengue virus type 2,,II,100,A,100,2,100,,
MK858110,2II_A.1,10636,1,10626,dengue virus type 2,,II,100,A,100,1,100,1,100
MK858111,2II_A.1,10723,1,10723,dengue virus type 2,,II,100,A,100,1,100,,
MK858112,2II_A.1,10723,1,10723,dengue virus type 2,,II,100,A,100,1,100,,
MK858104,2II_A.2.1,10723,1,10723,dengue virus type 2,,II,100,A,100,2,100,,
MT180479,2II_F.1,10723,1,10723,dengue virus type 2,,II,100,F,100,1,100,1,100
KT187553,2II_D.1,10723,1,10723,dengue virus type 2,,II,100,D,100,1,100,Related to but not part of 1,
KT187554,2II_D.1,10723,1,10723,dengue virus type 2,,II,100,D,100,1,100,,
KT187555,2II_D.1,10723,1,10723,dengue virus type 2,,II,100,D,100,1,100,,
KT187556,2II_D.1,10723,1,10723,dengue virus type 2,,II,100,D,100,1,100,,
KT187557,2II_D.1,10723,1,10723,dengue virus type 2,,II,100,D,100,1,100,,
KT187558,2II_D.1,10723,1,10723,dengue virus type 2,,II,100,D,100,1,100,,
MF314189,2II_F.1,10594,10,10603,dengue virus type 2,,II,100,F,100,1,100,,
MF459663,2V_A,10724,1,10723,dengue virus type 2,,V,100,A,100,Related to but not part of 4,,Related to but not part of 1,
MN018337,2II_F.1,10724,1,10723,dengue virus type 2,,II,100,F,100,1,100,,
MN018338,2II_F.1,10724,1,10723,dengue virus type 2,,II,100,F,100,1,100,Related to but not part of 2,
MN018339,2II_A.1,10724,1,10723,dengue virus type 2,,II,100,A,100,1,100,Related to but not part of 2,
MN018340,2II_F.1,10724,1,10723,dengue virus type 2,,II,100,F,100,1,100,,
MN018341,2II_F.1,10724,1,10723,dengue virus type 2,,II,100,F,100,1,100,Related to but not part of 1,
MN018342,2II_F.1,10724,1,10723,dengue virus type 2,,II,100,F,100,1,100,Related to but not part of 1,
MN018343,2II_F.1,10724,1,10723,dengue virus type 2,,II,100,F,100,1,100,Related to but not part of 1,
MN018344,2II_F.1,10724,1,10723,dengue virus type 2,,II,100,F,100,1,100,Related to but not part of 1,
MN018345,2V_A,10724,1,10723,dengue virus type 2,,V,100,A,100,Related to but not part of 4,,Related to but not part of 1,
MN018346,2II_F.1,10724,1,10723,dengue virus type 2,,II,100,F,100,1,100,,
MN018347,2II_F.1,10724,1,10723,dengue virus type 2,,II,100,F,100,1,100,Related to but not part of 2,
MN018348,2II_F.1,10724,1,10723,dengue virus type 2,,II,100,F,100,1,100,Could not assign,
MN018349,2II_D.3,10724,1,10723,dengue virus type 2,,II,100,D,100,3,100,Related to but not part of 1,
MN018350,2II_C.1,10724,1,10723,dengue virus type 2,,II,100,C,100,1,100,,
MN018351,2II_E.2,10724,1,10723,dengue virus type 2,,II,100,E,100,2,100,,
MN018352,2II_D.3,10724,1,10723,dengue virus type 2,,II,100,D,100,3,100,,
MN018353,2II_F.2.1,10724,1,10723,dengue virus type 2,,II,100,F,100,2,100,,
MN018354,2II_F.1,10724,1,10723,dengue virus type 2,,II,100,F,100,1,100,1,100
MN018355,2II_F.1,10724,1,10723,dengue virus type 2,,II,100,F,100,1,100,Related to but not part of 1,
MN018356,2II_F,10724,1,10723,dengue virus type 2,,II,100,F,100,Related to but not part of 1,,Related to but not part of 1,
MN018357,2II_F.2,10724,1,10723,dengue virus type 2,,II,100,F,100,2,100,,
MN018358,2II_A.1,10724,1,10723,dengue virus type 2,,II,100,A,100,1,100,Related to but not part of 1,
MN018359,2II_F.1,10724,1,10723,dengue virus type 2,,II,100,F,100,1,100,,
MN018360,2II_F.1,10724,1,10723,dengue virus type 2,,II,100,F,100,1,100,Related to but not part of 1,
MN018361,2II_F.1,10724,1,10723,dengue virus type 2,,II,100,F,100,1,100,Related to but not part of 1,
MN018362,2V_A,10724,1,10723,dengue virus type 2,,V,100,A,100,Could not assign,,Related to but not part of 1,
MN018363,2II_E.2,10724,1,10723,dengue virus type 2,,II,100,E,100,2,100,,
MN018364,2II_C.1,10724,1,10723,dengue virus type 2,,II,100,C,100,1,100,,
MN018365,2II_F.1,10724,1,10723,dengue virus type 2,,II,100,F,100,1,100,,
MN018366,2V_A.1,10724,1,10723,dengue virus type 2,,V,100,A,100,1,100,Related to but not part of 1,
MH985858,2II_E.2,10723,1,10723,dengue virus type 2,,II,100,E,100,2,100,,
MH985859,2II_C.1,10722,1,10723,dengue virus type 2,,II,100,C,100,1,100,,
KY627762,2II_B,10675,25,10699,dengue virus type 2,,II,100,B,100,,,,
KY627763,2II_B,10675,25,10699,dengue virus type 2,,II,100,B,100,,,,
MG779194,2II_A.2.2,10176,97,10272,dengue virus type 2,,II,100,A,100,2,100,,
MG779195,2II_A.2.2,10176,97,10272,dengue virus type 2,,II,100,A,100,2,100,2,100
MG779196,2II_A.2.2,10176,97,10272,dengue virus type 2,,II,100,A,100,2,100,2,100
MG779197,2II_A.2.2,10176,97,10272,dengue virus type 2,,II,100,A,100,2,100,2,100
MG779198,2II_A.2.2,10176,97,10272,dengue virus type 2,,II,100,A,100,2,100,2,100
MG779199,2II_A.2.2,10176,97,10272,dengue virus type 2,,II,100,A,100,2,100,2,100
MG779200,2II_A.2.2,10176,97,10272,dengue virus type 2,,II,100,A,100,2,100,2,100
MG779201,2II_A.2.2,10176,97,10272,dengue virus type 2,,II,100,A,100,2,100,2,100
MG779202,2II_A.2.2,10176,97,10272,dengue virus type 2,,II,100,A,100,2,100,2,100
MG779203,2II_A.2.2,10176,97,10272,dengue virus type 2,,II,100,A,100,2,100,2,100
KY670633,2III_A.2,10638,37,10674,dengue virus type 2,,III,100,A,100,2,86,2,100
KY672945,2V_A,10723,1,10723,dengue virus type 2,,V,100,A,100,Related to but not part of 4,,,
KY672946,2V_A,10723,1,10723,dengue virus type 2,,V,100,A,100,Related to but not part of 4,,,
KY672947,2V_A,10723,1,10723,dengue virus type 2,,V,100,A,100,Related to but not part of 4,,,
KY672948,2V_A,10723,1,10723,dengue virus type 2,,V,100,A,100,Related to but not part of 4,,,
KY672949,2V_A,10723,1,10723,dengue virus type 2,,V,100,A,100,Related to but not part of 4,,,
KY672950,2II_A.1,10723,1,10723,dengue virus type 2,,II,100,A,100,1,100,,
KY672951,2II_A.1,10680,1,10665,dengue virus type 2,,II,100,A,100,1,100,,
KY672952,2II_A.1,10668,1,10665,dengue virus type 2,,II,100,A,100,1,100,,
KY672953,2II_A.1,10665,1,10665,dengue virus type 2,,II,100,A,100,1,100,,
KY672954,2II_A.1,10665,1,10665,dengue virus type 2,,II,100,A,100,1,100,,
KY672955,2V_A,10723,1,10723,dengue virus type 2,,V,100,A,100,Related to but not part of 4,,,
MT897896,2III_D.1.2,10190,85,10274,dengue virus type 2,,III,100,D,100,1,100,,
HM631865,2III_D.1.1,10679,23,10699,dengue virus type 2,,III,100,D,100,1,100,2,100
MT921570,2II_E.2,10713,11,10723,dengue virus type 2,,II,100,E,100,2,100,1,100
MT921571,2II_E.2,10723,1,10723,dengue virus type 2,,II,100,E,100,2,100,,
MT921572,2II,10720,4,10723,dengue virus type 2,,II,100,Could not assign,,,,,
HM631867,2III_D.1.1,10680,23,10700,dengue virus type 2,,III,100,D,100,1,100,,
KX225485,2II_D.1,10668,23,10690,dengue virus type 2,,II,100,D,100,1,100,1,100
KX225486,2II_D.1,10631,47,10677,dengue virus type 2,,II,100,D,100,1,100,,
HM631866,2III_D.1,10680,23,10700,dengue virus type 2,,III,100,D,100,1,100,,
HM631868,2III_D.1.3,10679,23,10700,dengue virus type 2,,III,100,D,100,1,100,Could not assign,
MH822939,2II_A.1,10611,3,10624,dengue virus type 2,,II,100,A,100,1,100,3,100
MH822940,2II_A.1,10589,1,10589,dengue virus type 2,,II,100,A,100,1,99,,
MH822941,2II_A.1,10589,1,10589,dengue virus type 2,,II,100,A,100,1,99,,
MH822942,2II_A.1,10617,1,10617,dengue virus type 2,,II,100,A,100,1,100,,
MH822943,2II_A.1,10485,76,10560,dengue virus type 2,,II,100,A,100,1,100,,
MH822944,2II_A.1,10718,1,10718,dengue virus type 2,,II,100,A,100,1,100,,
MH822945,2II_A.1,10564,1,10564,dengue virus type 2,,II,100,A,100,1,100,,
MH822946,2II_A.1,10596,1,10596,dengue virus type 2,,II,100,A,100,1,100,,
MH822947,2II_A.1,10649,1,10649,dengue virus type 2,,II,100,A,100,1,100,,
MH822948,2II_A.1,10695,1,10695,dengue virus type 2,,II,100,A,100,1,100,,
MH822949,2II_A.2.2,10719,1,10719,dengue virus type 2,,II,100,A,100,2,100,,
MH822950,2II_A.2.1,10551,23,10573,dengue virus type 2,,II,100,A,100,2,100,2,100
MH822951,2II_A.2.1,10574,23,10596,dengue virus type 2,,II,100,A,100,2,100,1,100
MH822952,2II_A.2.1,10574,23,10596,dengue virus type 2,,II,100,A,100,2,100,1,100
MH822953,2II_A.2.1,10558,23,10580,dengue virus type 2,,II,100,A,100,2,100,1,100
MH822954,2II_A.2.1,10608,23,10630,dengue virus type 2,,II,100,A,100,2,100,1,100
MH822955,2II_A.2.1,10607,23,10629,dengue virus type 2,,II,100,A,100,2,100,1,100
MH822956,2II_A.2.1,10625,23,10647,dengue virus type 2,,II,100,A,100,2,100,1,100
MH823208,2II_F,10723,1,10723,dengue virus type 2,,II,100,F,100,Related to but not part of 1,,1,100
MH827525,2II_F.2,10724,1,10723,dengue virus type 2,,II,100,F,100,2,100,,
MH827526,2II_E.2,10724,1,10723,dengue virus type 2,,II,100,E,100,2,100,Related to but not part of 1,
MH827527,2II_D.3,10724,1,10723,dengue virus type 2,,II,100,D,100,3,100,,
MH827528,2II_F.1,10724,1,10723,dengue virus type 2,,II,100,F,100,1,100,,
MH827529,2II_A.1,10724,1,10723,dengue virus type 2,,II,100,A,100,1,100,Related to but not part of 2,
MH827530,2II_F,10724,1,10723,dengue virus type 2,,II,100,F,100,Related to but not part of 1,,,
MH827531,2V_A,10724,1,10723,dengue virus type 2,,V,100,A,100,Could not assign,,,
MH827532,2V_A,10724,1,10723,dengue virus type 2,,V,100,A,100,Related to but not part of 4,,,
MH827533,2II_F.1,10724,1,10723,dengue virus type 2,,II,100,F,100,1,100,,
MH827534,2II_D.3,10724,1,10723,dengue virus type 2,,II,100,D,100,3,100,Related to but not part of 2,
MH827535,2II_A.1,10724,1,10723,dengue virus type 2,,II,100,A,100,1,100,,
MH827536,2II_F.1,10724,1,10723,dengue virus type 2,,II,100,F,100,1,100,,
MH827537,2II_F.1,10724,1,10723,dengue virus type 2,,II,100,F,100,1,100,Related to but not part of 2,
MH827538,2V_A.1,10724,1,10723,dengue virus type 2,,V,100,A,100,1,100,Related to but not part of 1,
MH827539,2II_F.2.1,10724,1,10723,dengue virus type 2,,II,100,F,100,2,100,,
MH827540,2II_F.1,10724,1,10723,dengue virus type 2,,II,100,F,100,1,100,1,100
MH827541,2II_F.1,10724,1,10723,dengue virus type 2,,II,100,F,100,1,100,Related to but not part of 1,
MH827542,2II_C.1,10724,1,10723,dengue virus type 2,,II,100,C,100,1,100,Related to but not part of 1,
MH827543,2II_F.1,10724,1,10723,dengue virus type 2,,II,100,F,100,1,100,,
MH827544,2II_E.2,10724,1,10723,dengue virus type 2,,II,100,E,100,2,100,Could not assign,
MH827545,2II_C.1,10724,1,10723,dengue virus type 2,,II,100,C,100,1,100,,
MH827546,2II_F.1,10724,1,10723,dengue virus type 2,,II,100,F,100,1,100,,
MH827547,2II_F.1,10724,1,10723,dengue virus type 2,,II,100,F,100,1,100,Related to but not part of 1,
MH827548,2II_F.1,10724,1,10723,dengue virus type 2,,II,100,F,100,1,100,Related to but not part of 1,
MH827549,2II_F.1,10724,1,10723,dengue virus type 2,,II,100,F,100,1,100,Related to but not part of 1,
MH827550,2II_F.1,10724,1,10723,dengue virus type 2,,II,100,F,100,1,100,Related to but not part of 1,
MH827551,2II_F.1,10724,1,10723,dengue virus type 2,,II,100,F,100,1,100,Related to but not part of 1,
MH827552,2II_F.1,10724,1,10723,dengue virus type 2,,II,100,F,100,1,100,Related to but not part of 1,
MH827553,2II_F.1,10724,1,10723,dengue virus type 2,,II,100,F,100,1,100,Related to but not part of 1,
MH827554,2II_F.1,10724,1,10723,dengue virus type 2,,II,100,F,100,1,100,Related to but not part of 1,
KY794785,2II_E.2,10657,22,10678,dengue virus type 2,,II,100,E,100,2,100,Related to but not part of 1,
KX274130,dengue virus type 2,10736,1,10722,dengue virus type 2,,Related to but not part of VI,,,,,,,
KY849763,2V_A,10669,25,10694,dengue virus type 2,,V,100,A,92,Related to but not part of 4,,,
KY849764,2V_A,10674,25,10699,dengue virus type 2,,V,100,A,88,Related to but not part of 4,,,
KY849765,2V,10675,25,10699,dengue virus type 2,,V,100,Related to but not part of A,,,,,
KY849766,2V_A,10675,25,10699,dengue virus type 2,,V,100,A,87,Related to but not part of 4,,,
KY849767,2V_A,10675,25,10699,dengue virus type 2,,V,100,A,88,Related to but not part of 4,,,
KY849768,2V_A.3,10675,25,10699,dengue virus type 2,,V,100,A,79,3,100,,
KX372564,2II_F.1,10723,1,10723,dengue virus type 2,,II,100,F,100,1,100,,
KX380807,2II_D,10722,1,10722,dengue virus type 2,,II,100,D,100,Related to but not part of 1,,Related to but not part of 2,
KX380808,2II_F,10723,1,10723,dengue virus type 2,,II,100,F,100,Related to but not part of 1,,,
KX380809,2II_F.2.2,10722,1,10722,dengue virus type 2,,II,100,F,100,2,100,,
KX380810,2II_F.2.2,10720,1,10720,dengue virus type 2,,II,100,F,100,2,100,2,100
KX380811,2II_E.1,10723,1,10723,dengue virus type 2,,II,100,E,100,1,100,2,100
KX380812,2II_E.1,10722,1,10722,dengue virus type 2,,II,100,E,100,1,100,,
KX380813,2II_E.1,10723,1,10723,dengue virus type 2,,II,100,E,100,1,100,,
KX380814,2II_E.1,10677,1,10676,dengue virus type 2,,II,100,E,100,1,100,,
KX380815,2II_F,10722,1,10722,dengue virus type 2,,II,100,F,100,Related to but not part of 1,,,
KX380816,2II_E.1,10719,1,10719,dengue virus type 2,,II,100,E,100,1,100,,
KX380817,2II_E.1,10723,1,10723,dengue virus type 2,,II,100,E,100,1,100,,
KX380818,2II_F,10723,1,10723,dengue virus type 2,,II,100,F,100,Related to but not part of 1,,,
KX380819,2II_F.2.2,10722,1,10722,dengue virus type 2,,II,100,F,100,2,100,,
KX380820,2II_E.1,10722,1,10722,dengue virus type 2,,II,100,E,100,1,100,2,100
KX380821,2II_E.1,10721,1,10721,dengue virus type 2,,II,100,E,100,1,100,,
KX380822,2II_F.2.2,10722,1,10722,dengue virus type 2,,II,100,F,100,2,100,,
KX380823,2II_E.1,10705,1,10705,dengue virus type 2,,II,100,E,100,1,100,2,100
KX380824,2II_E.1,10723,1,10723,dengue virus type 2,,II,100,E,100,1,100,,
KX380825,2II_E.1,10722,1,10722,dengue virus type 2,,II,100,E,100,1,100,,
KX380826,2II_E.1,10720,1,10720,dengue virus type 2,,II,100,E,100,1,100,,
KX380827,2II_E.1,10721,1,10721,dengue virus type 2,,II,100,E,100,1,100,,
KX380828,2II_A.1,10723,1,10723,dengue virus type 2,,II,100,A,100,1,100,,
KX380829,2II_A.1,10722,1,10722,dengue virus type 2,,II,100,A,100,1,100,,
KX380830,2II_F.2.2,10720,1,10720,dengue virus type 2,,II,100,F,100,2,100,,
KX380831,2II_E.1,10718,1,10718,dengue virus type 2,,II,100,E,100,1,100,2,100
KX380832,2II_F.2.2,10721,1,10721,dengue virus type 2,,II,100,F,100,2,100,,
KX380833,2II_F.2.2,10722,1,10722,dengue virus type 2,,II,100,F,100,2,100,2,100
KX380834,2II_E.1,10723,1,10723,dengue virus type 2,,II,100,E,100,1,100,2,100
KX380835,2II_F.2.2,10696,1,10696,dengue virus type 2,,II,100,F,100,2,100,,
KX380836,2II_F.2.2,10719,1,10719,dengue virus type 2,,II,100,F,100,2,100,2,100
KX380837,2II_E.1,10720,1,10720,dengue virus type 2,,II,100,E,100,1,100,2,100
KX380838,2II_F.2.2,10713,1,10713,dengue virus type 2,,II,100,F,100,2,100,,
MH888331,2V_A,10461,24,10484,dengue virus type 2,,V,100,A,100,Related to but not part of 4,,2,100
MH891768,2II_A.1,10716,1,10679,dengue virus type 2,,II,100,A,100,1,100,,
MH891770,2II_A.2.1,10446,20,10465,dengue virus type 2,,II,100,A,100,2,100,,
MH891772,2II_A.1,10510,6,10515,dengue virus type 2,,II,100,A,100,1,100,1,100
KY882458,2II_D.2,10723,1,10723,dengue virus type 2,,II,100,D,100,2,100,,
KY921904,2II_F.2.2,10723,1,10723,dengue virus type 2,,II,100,F,100,2,100,,
KY921905,2II_F.1,10723,1,10723,dengue virus type 2,,II,100,F,100,1,100,2,100
KY923048,dengue virus type 2,10737,1,10723,dengue virus type 2,,Related to but not part of VI,,,,,,Related to but not part of 1,
KX452015,2II_E,10796,1,10707,dengue virus type 2,,II,100,E,100,Related to but not part of 1,,,
KX452016,2II_F.1,10575,3,10589,dengue virus type 2,,II,100,F,100,1,100,,
KX452017,2II_F.1,10940,1,10723,dengue virus type 2,,II,100,F,100,1,100,Related to but not part of 1,
KX452018,2II_F.1,10807,1,10723,dengue virus type 2,,II,100,F,100,1,100,Related to but not part of 2,
KX452019,2II_F.1,10692,1,10595,dengue virus type 2,,II,100,F,100,1,100,Related to but not part of 1,
KX452020,2II_F.1,10660,1,10568,dengue virus type 2,,II,100,F,100,1,100,Related to but not part of 1,
KX452021,2II_F.1,10539,1,10488,dengue virus type 2,,II,100,F,100,1,100,Related to but not part of 2,
KX452022,2II_F.1,10667,1,10570,dengue virus type 2,,II,100,F,100,1,100,Related to but not part of 2,
KX452023,2II_F.1,10738,1,10592,dengue virus type 2,,II,100,F,100,1,100,Related to but not part of 2,
KX452024,2II_F.1,10816,1,10672,dengue virus type 2,,II,100,F,100,1,100,Related to but not part of 1,
KX452025,2II_F.1,10785,1,10719,dengue virus type 2,,II,100,F,100,1,100,Related to but not part of 1,
MK268692,2V,10721,1,10721,dengue virus type 2,,V,100,Could not assign,,,,Related to but not part of 2,
KX452026,2II_F.1,10674,1,10576,dengue virus type 2,,II,100,F,100,1,100,,
KX452027,2II_F.1,10720,1,10692,dengue virus type 2,,II,100,F,100,1,100,Related to but not part of 2,
KX452028,2II_F.1,10708,1,10610,dengue virus type 2,,II,100,F,100,1,100,Related to but not part of 1,
KX452029,2II_F.1,10627,1,10597,dengue virus type 2,,II,100,F,100,1,100,Related to but not part of 2,
KX452030,2II_F.1,10826,1,10723,dengue virus type 2,,II,100,F,100,1,100,Related to but not part of 2,
KX452031,2II_F.1,10746,1,10646,dengue virus type 2,,II,100,F,100,1,100,Related to but not part of 2,
KX452032,2II_F.1,10780,1,10723,dengue virus type 2,,II,100,F,100,1,100,Related to but not part of 2,
KX452033,2II_F.1,10627,1,10552,dengue virus type 2,,II,100,F,100,1,100,Related to but not part of 2,
KX452034,2II_F.1,10615,1,10524,dengue virus type 2,,II,100,F,100,1,100,Related to but not part of 2,
KX452035,2II_F.1,10686,1,10626,dengue virus type 2,,II,100,F,100,1,100,Related to but not part of 2,
KX452036,2II_F.1,10532,65,10596,dengue virus type 2,,II,100,F,100,1,100,Related to but not part of 1,
KX452037,2II_F.1,10615,1,10562,dengue virus type 2,,II,100,F,100,1,100,Related to but not part of 1,
KX452038,2II_F.1,10497,3,10509,dengue virus type 2,,II,100,F,100,1,100,Related to but not part of 2,
KX452039,2II_F.1,10554,29,10588,dengue virus type 2,,II,100,F,100,1,100,Related to but not part of 1,
KX452040,2II_F.1,10665,1,10572,dengue virus type 2,,II,100,F,100,1,100,Related to but not part of 2,
KX452041,2II_F.1,10676,1,10580,dengue virus type 2,,II,100,F,100,1,100,Could not assign,
KX452042,2II_F.1,10757,1,10665,dengue virus type 2,,II,100,F,100,1,100,Related to but not part of 2,
KX452043,2II_F.1,10741,1,10650,dengue virus type 2,,II,100,F,100,1,100,Related to but not part of 2,
KX452044,2II_F.1,10635,1,10589,dengue virus type 2,,II,100,F,100,1,100,Related to but not part of 2,
KX452045,2II_F.1,10661,1,10552,dengue virus type 2,,II,100,F,100,1,100,Related to but not part of 2,
KX452046,2II_F.1,10600,1,10554,dengue virus type 2,,II,100,F,100,1,100,Related to but not part of 1,
KX452047,2II_F.1,10513,28,10552,dengue virus type 2,,II,100,F,100,1,100,Related to but not part of 2,
KX452048,2II_F.1,10556,13,10570,dengue virus type 2,,II,100,F,100,1,100,Related to but not part of 2,
KX452049,2II_F.1,10708,1,10667,dengue virus type 2,,II,100,F,100,1,100,Related to but not part of 2,
KY937185,2II_A.1,10742,1,10723,dengue virus type 2,,II,100,A,100,1,100,Could not assign,
KY937186,2II_A.1,10742,1,10723,dengue virus type 2,,II,100,A,100,1,100,,
KY937187,2II_A.1,10742,1,10723,dengue virus type 2,,II,100,A,100,1,100,,
KY937188,2II_A.1,10741,1,10722,dengue virus type 2,,II,100,A,100,1,100,,
KY937189,2II_A.1,10734,1,10722,dengue virus type 2,,II,100,A,100,1,100,,
KY937190,2II_A.1,10741,1,10722,dengue virus type 2,,II,100,A,100,1,100,,
MN239505,2III_C.1.1,10664,2,10665,dengue virus type 2,,III,100,C,100,1,100,,
MN272404,2II_A.1,10724,1,10723,dengue virus type 2,,II,100,A,100,1,100,1,92
MN272405,2II_A.1,10724,1,10723,dengue virus type 2,,II,100,A,100,1,100,,
KX621245,2II_F.1,10681,43,10723,dengue virus type 2,,II,100,F,100,1,100,,
KX621246,2II_F.1,10681,43,10723,dengue virus type 2,,II,100,F,100,1,100,Related to but not part of 2,
KX621247,2II_F.1,10681,43,10723,dengue virus type 2,,II,100,F,100,1,100,Related to but not part of 2,
KX621248,2II_F.1,10681,43,10723,dengue virus type 2,,II,100,F,100,1,100,Related to but not part of 2,
KX655786,2II_D.1,10653,23,10675,dengue virus type 2,,II,100,D,100,1,100,Related to but not part of 2,
KX655787,2II_D.1,10635,47,10681,dengue virus type 2,,II,100,D,100,1,100,,
KX655788,2II_D.1,10668,23,10690,dengue virus type 2,,II,100,D,100,1,100,,
MK411559,2II_F,10676,14,10689,dengue virus type 2,,II,100,F,100,Related to but not part of 1,,,
MK411558,2II_F,10696,11,10706,dengue virus type 2,,II,100,F,100,Related to but not part of 1,,,
KX702403,2III_C,10724,1,10723,dengue virus type 2,,III,100,C,100,Could not assign,,,
KX702404,2III_C,10723,1,10723,dengue virus type 2,,III,100,C,100,Could not assign,,,
KR779782,2II_E.1,10723,1,10723,dengue virus type 2,,II,100,E,100,1,100,,
KR779786,2II_E.1,10723,1,10723,dengue virus type 2,,II,100,E,100,1,100,,
MH010629,2II_F.1,10690,1,10689,dengue virus type 2,,II,100,F,100,1,100,,
MN448607,1I_K,10179,95,10273,dengue virus type 1,,I,100,K,64,Related to but not part of 3,,Related to but not part of 1,
FJ810409,2V_A,10679,23,10700,dengue virus type 2,,V,100,A,99,Could not assign,,,
FJ810410,2V_E,10703,23,10723,dengue virus type 2,,V,100,E,100,,,,
FJ810411,2V_A,10678,23,10700,dengue virus type 2,,V,100,A,55,Could not assign,,,
FJ810412,2V_A,10737,23,10723,dengue virus type 2,,V,100,A,55,Could not assign,,,
FJ810418,2III_D.1.1,10677,23,10699,dengue virus type 2,,III,100,D,100,1,100,,
MH069495,2III_D.2,10619,10,10628,dengue virus type 2,,III,100,D,100,2,100,1,100
MH069496,2III_D.2,10694,10,10703,dengue virus type 2,,III,100,D,100,2,100,,
MH069497,2III_D.2,10711,11,10718,dengue virus type 2,,III,100,D,100,2,100,,
MH069498,2III_D.2,10704,20,10723,dengue virus type 2,,III,100,D,100,2,100,,
MH069499,2III_D.2,10712,13,10721,dengue virus type 2,,III,100,D,100,2,100,,
MH110564,2II_F.1,10176,97,10272,dengue virus type 2,,II,100,F,100,1,100,,
MH110565,2II_F.1,10176,97,10272,dengue virus type 2,,II,100,F,100,1,100,Related to but not part of 1,
MH110566,2II_F.1,10176,97,10272,dengue virus type 2,,II,100,F,100,1,100,Related to but not part of 1,
MH110567,2II_F.1,10176,97,10272,dengue virus type 2,,II,100,F,100,1,100,Related to but not part of 1,
MH110568,2II_F.1,10176,97,10272,dengue virus type 2,,II,100,F,100,1,100,Related to but not part of 1,
MH110569,2II_F.1,10176,97,10272,dengue virus type 2,,II,100,F,100,1,100,Related to but not part of 1,
MH110570,2II_F.1,10176,97,10272,dengue virus type 2,,II,100,F,100,1,100,Related to but not part of 1,
MH110571,2II_F.1,10176,97,10272,dengue virus type 2,,II,100,F,100,1,100,Related to but not part of 1,
MH110572,2II_F.1,10176,97,10272,dengue virus type 2,,II,100,F,100,1,100,Related to but not part of 1,
MH110573,2II_F.1,10176,97,10272,dengue virus type 2,,II,100,F,100,1,100,Related to but not part of 1,
MH110574,2II_F.1,10176,97,10272,dengue virus type 2,,II,100,F,100,1,100,Related to but not part of 2,
MH110575,2II_A.1,10176,97,10272,dengue virus type 2,,II,100,A,100,1,100,Related to but not part of 1,
MH110576,2II_F.1,10176,97,10272,dengue virus type 2,,II,100,F,100,1,100,,
MH110577,2II_F.1,10176,97,10272,dengue virus type 2,,II,100,F,100,1,100,Related to but not part of 1,
MH110578,2II_F.1,10176,97,10272,dengue virus type 2,,II,100,F,100,1,100,Related to but not part of 1,
MH110579,2II_F.1,10176,97,10272,dengue virus type 2,,II,100,F,100,1,100,Related to but not part of 1,
MH110580,2II_F.1,10176,97,10272,dengue virus type 2,,II,100,F,100,1,100,Related to but not part of 1,
MH110581,2II_F.1,10176,97,10272,dengue virus type 2,,II,100,F,100,1,100,Related to but not part of 1,
MH110582,2II_F.1,10176,97,10272,dengue virus type 2,,II,100,F,100,1,100,Related to but not part of 1,
MH110583,2II_A.1,10176,97,10272,dengue virus type 2,,II,100,A,100,1,100,Related to but not part of 1,
MH110584,2II_A.1,10176,97,10272,dengue virus type 2,,II,100,A,100,1,100,,
MH110585,2II_A.1,10176,97,10272,dengue virus type 2,,II,100,A,100,1,100,,
MH110586,2II_F.1,10176,97,10272,dengue virus type 2,,II,100,F,100,1,100,,
MH110587,2II_F.1,10176,97,10272,dengue virus type 2,,II,100,F,100,1,100,Related to but not part of 1,
MH110588,2II_F.1,10176,97,10272,dengue virus type 2,,II,100,F,100,1,100,Related to but not part of 1,
MH110589,2II_A.1,10176,97,10272,dengue virus type 2,,II,100,A,100,1,100,Related to but not part of 1,
MH110590,2II_F.1,10176,97,10272,dengue virus type 2,,II,100,F,100,1,100,,
MH110591,2II_F.1,10176,97,10272,dengue virus type 2,,II,100,F,100,1,100,Related to but not part of 1,
MH110592,2II_A.1,10176,97,10272,dengue virus type 2,,II,100,A,100,1,100,Related to but not part of 1,
MH110593,2II_F.1,10176,97,10272,dengue virus type 2,,II,100,F,100,1,100,,
MH110594,2II_F.1,10176,97,10272,dengue virus type 2,,II,100,F,100,1,100,Related to but not part of 1,
MH110595,2II_F.1,10176,97,10272,dengue virus type 2,,II,100,F,100,1,100,Related to but not part of 1,
MH110596,2II_F.1,10176,97,10272,dengue virus type 2,,II,100,F,100,1,100,Related to but not part of 1,
MH110597,2II_F.1,10176,97,10272,dengue virus type 2,,II,100,F,100,1,100,Related to but not part of 1,
MH110598,2II_F.1,10176,97,10272,dengue virus type 2,,II,100,F,100,1,100,Related to but not part of 1,
MH110599,2II_F.1,10176,97,10272,dengue virus type 2,,II,100,F,100,1,100,Related to but not part of 1,
MH110600,2II_F.1,10176,97,10272,dengue virus type 2,,II,100,F,100,1,100,Related to but not part of 1,
MH110601,2II_F.1,10176,97,10272,dengue virus type 2,,II,100,F,100,1,100,Related to but not part of 1,
MH110602,2II_F.1,10176,97,10272,dengue virus type 2,,II,100,F,100,1,100,Related to but not part of 1,
MH110603,2II_F.1,10176,97,10272,dengue virus type 2,,II,100,F,100,1,100,Related to but not part of 1,
LC111438,2II,10678,21,10698,dengue virus type 2,,II,100,Could not assign,,,,Related to but not part of 1,
LC121816,2II_A.2.1,10685,23,10707,dengue virus type 2,,II,100,A,100,2,100,,
LC129169,2V_A.3,10723,1,10723,dengue virus type 2,,V,100,A,84,3,100,1,100
HQ026763,2III_C,10176,97,10272,dengue virus type 2,,III,100,C,100,Could not assign,,,
KM204118,dengue virus type 2,10723,1,10723,dengue virus type 2,,Related to but not part of IV,,,,,,,
FJ850050,2III_D.1.1,10660,33,10691,dengue virus type 2,,III,100,D,100,1,100,,
FJ850051,2III_D.1.1,10679,23,10700,dengue virus type 2,,III,100,D,100,1,100,1,100
FJ850053,2III_D.1.3,10679,23,10700,dengue virus type 2,,III,100,D,100,1,100,1,100
FJ850054,2III_D.1.3,10679,23,10700,dengue virus type 2,,III,100,D,100,1,100,3,100
KM279588,2II_E.1,10723,1,10723,dengue virus type 2,,II,100,E,100,1,100,3,100
KM279586,2II_E.1,10723,1,10723,dengue virus type 2,,II,100,E,100,1,100,,
KM279590,2II_E.1,10723,1,10723,dengue virus type 2,,II,100,E,100,1,100,,
KM279592,2II_E.1,10723,1,10723,dengue virus type 2,,II,100,E,100,1,100,,
KM279582,2II_E.1,10723,1,10723,dengue virus type 2,,II,100,E,100,1,100,,
FJ850060,2III_D.1,10729,23,10723,dengue virus type 2,,III,100,D,100,1,100,,
KM279581,2II_E.1,10723,1,10723,dengue virus type 2,,II,100,E,100,1,100,Could not assign,
KM279579,2II_E.1,10723,1,10723,dengue virus type 2,,II,100,E,100,1,100,,
KM279575,2II_E.1,10723,1,10723,dengue virus type 2,,II,100,E,100,1,100,minor lineage,minor lineage support
KM279571,2II_E.1,10723,1,10723,dengue virus type 2,,II,100,E,100,1,100,,
KM279566,2II_E.1,10723,1,10723,dengue virus type 2,,II,100,E,100,1,100,,
FJ850061,2III_D,10690,38,10723,dengue virus type 2,,III,100,D,100,Related to but not part of 1,,,
KM279565,2II_E.1,10723,1,10723,dengue virus type 2,,II,100,E,100,1,100,,
KM279561,2II_E.1,10723,1,10723,dengue virus type 2,,II,100,E,100,1,100,,
KM279558,2II_E.1,10723,1,10723,dengue virus type 2,,II,100,E,100,1,100,,
KM279556,2II_E.1,10723,1,10723,dengue virus type 2,,II,100,E,100,1,100,,
KM279555,2II_E.1,10723,1,10723,dengue virus type 2,,II,100,E,100,1,100,,
FJ850062,2III_D.1,10679,23,10700,dengue virus type 2,,III,100,D,100,1,100,,
KM279552,2II_E.1,10723,1,10723,dengue virus type 2,,II,100,E,100,1,100,Related to but not part of 3,
KM279541,2II_E.1,10723,1,10723,dengue virus type 2,,II,100,E,100,1,100,,
KM279538,2II_E.1,10723,1,10723,dengue virus type 2,,II,100,E,100,1,100,,
KM279524,2II_E.1,10723,1,10723,dengue virus type 2,,II,100,E,100,1,100,,
KM279523,2II_E.1,10723,1,10723,dengue virus type 2,,II,100,E,100,1,100,,
FJ850063,2III_D.1,10679,23,10699,dengue virus type 2,,III,100,D,100,1,100,,
FJ850064,2III_D.1,10679,23,10700,dengue virus type 2,,III,100,D,100,1,100,Related to but not part of 3,
FJ850065,2III_D,10679,23,10700,dengue virus type 2,,III,100,D,100,Related to but not part of 1,,Could not assign,
FJ850066,2III_D.1,10679,23,10700,dengue virus type 2,,III,100,D,100,1,100,,
FJ850067,2III_D.1.3,10679,23,10700,dengue virus type 2,,III,100,D,100,1,100,Related to but not part of 3,
FJ850072,2III_B,10677,23,10699,dengue virus type 2,,III,100,B,100,,,3,100
KM217158,2II_A.1,10656,33,10688,dengue virus type 2,,II,100,A,100,1,100,,
FJ850074,2III,10678,23,10700,dengue virus type 2,,III,100,Could not assign,,,,,
KM217156,2II_A.1,10656,33,10688,dengue virus type 2,,II,100,A,100,1,100,,
FJ850076,2III,10663,37,10699,dengue virus type 2,,III,100,Could not assign,,,,,
KF744407,2IV,10176,97,10272,dengue virus type 2,,IV,100,,,,,,
KF744406,2IV,10176,97,10272,dengue virus type 2,,IV,100,,,,,,
KF744405,2IV,10176,97,10272,dengue virus type 2,,IV,100,,,,,,
KF744403,2IV,10176,97,10272,dengue virus type 2,,IV,100,,,,,,
KF744401,2IV,10176,97,10272,dengue virus type 2,,IV,100,,,,,,
KF744400,2IV,10176,97,10272,dengue virus type 2,,IV,100,,,,,,
KF744398,2II_C.2,10176,97,10272,dengue virus type 2,,II,100,C,100,2,100,,
KJ701507,2II_A.1,10656,33,10688,dengue virus type 2,,II,100,A,100,1,100,,
KY474329,2III_D.3,10648,23,10668,dengue virus type 2,,III,100,D,100,3,100,,
JX669485,2III_B,10723,1,10723,dengue virus type 2,,III,100,B,100,,,,
JX669484,2III_B,10723,1,10723,dengue virus type 2,,III,100,B,100,,,,
JX669482,2III_B,10726,1,10723,dengue virus type 2,,III,100,B,100,,,,
JX669480,2III_B,10723,1,10723,dengue virus type 2,,III,100,B,100,,,,
JX669477,2III_C,10723,1,10723,dengue virus type 2,,III,100,C,100,Could not assign,,,
JX649148,2III_A,10723,1,10723,dengue virus type 2,,III,100,A,100,Could not assign,,,
FJ850078,2III,10667,33,10699,dengue virus type 2,,III,100,Could not assign,,,,,
JX966379,2I,10713,1,10723,dengue virus type 2,,I,100,,,,,,
JX966380,2I,10712,1,10723,dengue virus type 2,,I,100,,,,,,
JX286525,2III_C,10596,34,10630,dengue virus type 2,,III,100,C,100,Could not assign,,,
JX286522,2III_C,10599,34,10633,dengue virus type 2,,III,100,C,100,Could not assign,,,
FJ850082,2III,10679,23,10701,dengue virus type 2,,III,100,Could not assign,,,,,
JX286521,2III_C,10597,34,10631,dengue virus type 2,,III,100,C,100,Could not assign,,,
KJ830750,2II_A.1,10718,1,10700,dengue virus type 2,,II,100,A,100,1,100,,
FJ390389,dengue virus type 2,10632,23,10656,dengue virus type 2,,Related to but not part of IV,,,,,,,
KJ189311,2III_D,10715,10,10723,dengue virus type 2,,III,100,D,100,Related to but not part of 1,,,
KJ189310,2III_D,10520,11,10530,dengue virus type 2,,III,100,D,100,Related to but not part of 1,,,
KC294222,2III_B,10723,1,10723,dengue virus type 2,,III,100,B,100,,,,
KC294221,2III_C,10723,1,10723,dengue virus type 2,,III,100,C,100,Could not assign,,,
KC294219,2III_C,10723,1,10723,dengue virus type 2,,III,100,C,100,Could not assign,,,
KC294218,2III_C,10723,1,10723,dengue virus type 2,,III,100,C,100,Could not assign,,,
KC294217,2III_C,10723,1,10723,dengue virus type 2,,III,100,C,100,Could not assign,,,
KC294213,2III_C,10723,1,10723,dengue virus type 2,,III,100,C,100,Could not assign,,,
KC294211,2III_C,10723,1,10723,dengue virus type 2,,III,100,C,100,Could not assign,,,
KC294210,2III_C,10723,1,10723,dengue virus type 2,,III,100,C,100,Could not assign,,,
KC294207,2III_C,10723,1,10723,dengue virus type 2,,III,100,C,100,Could not assign,,,
KC294206,2III_C,10723,1,10723,dengue virus type 2,,III,100,C,100,Could not assign,,,
KC294204,2III_C,10723,1,10723,dengue virus type 2,,III,100,C,100,Could not assign,,,
KC294202,2III_C,10723,1,10723,dengue virus type 2,,III,100,C,100,Could not assign,,,
KC294201,2III_B,10723,1,10723,dengue virus type 2,,III,100,B,100,,,,
KC294200,2III_B,10724,1,10723,dengue virus type 2,,III,100,B,100,,,,
JX470186,2II_D.2,10723,1,10723,dengue virus type 2,,II,100,D,100,2,100,,
FJ850085,2III,10677,23,10699,dengue virus type 2,,III,100,Could not assign,,,,,
JX475906,2II_A.2.1,10670,1,10670,dengue virus type 2,,II,100,A,100,2,100,,
FJ850088,2III,10667,33,10699,dengue virus type 2,,III,100,Could not assign,,,,1,100
KF704358,dengue virus type 2,10176,97,10272,dengue virus type 2,,Related to but not part of IV,,,,,,,
KF704357,dengue virus type 2,10176,97,10272,dengue virus type 2,,Related to but not part of IV,,,,,,,
KF704356,dengue virus type 2,10176,97,10272,dengue virus type 2,,Related to but not part of IV,,,,,,,
KF704355,dengue virus type 2,10176,97,10272,dengue virus type 2,,Related to but not part of IV,,,,,,,
KF704354,dengue virus type 2,10176,97,10272,dengue virus type 2,,Related to but not part of IV,,,,,,,
KF041232,2II_A.1,10723,1,10723,dengue virus type 2,,II,100,A,100,1,100,,
FJ850091,2III_C,10678,23,10700,dengue virus type 2,,III,100,C,100,Could not assign,,,
KF041233,2II_A.1,10723,1,10723,dengue virus type 2,,II,100,A,100,1,99,,
KF955395,2III_D,10649,54,10700,dengue virus type 2,,III,100,D,100,Related to but not part of 1,,,
KF955373,2III_B,10991,72,10723,dengue virus type 2,,III,100,B,100,,,,
KF955372,2III_B,10646,50,10697,dengue virus type 2,,III,100,B,100,,,,
KF955366,2III_D.1.1,10658,44,10700,dengue virus type 2,,III,100,D,100,1,100,,
KF041234,2II_A.1,10723,1,10723,dengue virus type 2,,II,100,A,100,1,100,1,100
KF955365,2III_D.2,10780,65,10723,dengue virus type 2,,III,100,D,100,2,100,,
KF955363,2III,10531,23,10553,dengue virus type 2,,III,100,Related to but not part of B,,,,,
KF955362,2III_D.1.3,10740,1,10723,dengue virus type 2,,III,100,D,100,1,100,,
KF041235,2II_A.1,10723,1,10723,dengue virus type 2,,II,100,A,100,1,99,3,100
KF041236,2II_A.1,10723,1,10723,dengue virus type 2,,II,100,A,100,1,100,,
KJ918750,2I,10723,1,10723,dengue virus type 2,,I,100,,,,,,
EU056810,2II_B,10723,1,10723,dengue virus type 2,,II,100,B,100,,,,
KF041237,2II_A.1,10723,1,10723,dengue virus type 2,,II,100,A,100,1,100,,
FJ850105,2III_D.2,10678,23,10700,dengue virus type 2,,III,100,D,100,2,100,,
FJ850106,2III_D.2,10677,23,10699,dengue virus type 2,,III,100,D,100,2,100,,
FJ850107,2III_D.2,10667,34,10700,dengue virus type 2,,III,100,D,100,2,100,,
JN851124,2II,10176,97,10272,dengue virus type 2,,II,100,Related to but not part of E,,,,,
JN851123,2II,10176,97,10272,dengue virus type 2,,II,100,Related to but not part of F,,,,,
JN851118,2II_E.1,10176,97,10272,dengue virus type 2,,II,100,E,100,1,100,,
JN851116,2II_E.1,10176,97,10272,dengue virus type 2,,II,100,E,100,1,100,,
FJ850108,2III_D.2,10664,35,10700,dengue virus type 2,,III,100,D,100,2,100,,
JN851115,2II_E.1,10176,97,10272,dengue virus type 2,,II,100,E,100,1,100,,
GU370050,2II_E.1,10200,97,10296,dengue virus type 2,,II,100,E,100,1,100,,
JQ045686,2V_A,10702,23,10723,dengue virus type 2,,V,100,A,100,Could not assign,,,
JQ045685,2V_A,10691,23,10723,dengue virus type 2,,V,100,A,100,Could not assign,,,
JQ045684,2V_A,10702,23,10723,dengue virus type 2,,V,100,A,100,Could not assign,,,
JQ045683,2V_A,10688,23,10723,dengue virus type 2,,V,100,A,100,Could not assign,,,
JQ045682,2V_A,10698,23,10723,dengue virus type 2,,V,100,A,100,Related to but not part of 3,,,
JQ045674,2V_A,10700,23,10723,dengue virus type 2,,V,100,A,100,Could not assign,,,
JQ045672,2V_A,10631,23,10723,dengue virus type 2,,V,100,A,100,Could not assign,,,
FJ850112,2III_D.2,10702,1,10702,dengue virus type 2,,III,100,D,100,2,100,,
FJ850115,2III_D.1.3,10678,23,10699,dengue virus type 2,,III,100,D,100,1,100,,
FJ850116,2III_D.1.1,10660,23,10680,dengue virus type 2,,III,100,D,100,1,100,3,100
FJ850117,2III_D,10679,23,10700,dengue virus type 2,,III,100,D,100,Related to but not part of 1,,1,100
FJ850118,2III_D.1,10679,23,10700,dengue virus type 2,,III,100,D,100,1,100,,
FJ850119,2III_D.1,10678,23,10699,dengue virus type 2,,III,100,D,100,1,100,Related to but not part of 3,
FJ850120,2III_D,10679,23,10700,dengue virus type 2,,III,100,D,100,Related to but not part of 1,,Could not assign,
JN819419,2III,10601,47,10648,dengue virus type 2,,III,100,Could not assign,,,,,
FJ432724,2V_A,10663,38,10700,dengue virus type 2,,V,100,A,100,Related to but not part of 3,,,
FJ850121,2III_D.1,10679,23,10700,dengue virus type 2,,III,100,D,100,1,100,,
FJ687447,2V_A,10678,23,10700,dengue virus type 2,,V,100,A,56,Could not assign,,Could not assign,
FJ687441,2V_A,10679,23,10700,dengue virus type 2,,V,100,A,100,Could not assign,,,
FJ687440,2V_A,10679,23,10700,dengue virus type 2,,V,100,A,100,Could not assign,,,
FJ687434,2V_E,10679,23,10700,dengue virus type 2,,V,100,E,100,,,,
FJ639718,2V_A,10703,1,10700,dengue virus type 2,,V,100,A,100,Could not assign,,,
FJ639717,2V_A,10678,23,10699,dengue virus type 2,,V,100,A,100,Could not assign,,,
FJ639708,2V_A,10677,23,10699,dengue virus type 2,,V,100,A,97,Could not assign,,,
FJ639704,2V_A,10672,28,10699,dengue virus type 2,,V,100,A,60,Could not assign,,,
FJ639703,2III_A,10663,36,10700,dengue virus type 2,,III,100,A,100,Could not assign,,,
FJ639702,2III_A,10667,34,10700,dengue virus type 2,,III,100,A,100,Could not assign,,,
FJ859028,2V_A,10663,35,10700,dengue virus type 2,,V,100,A,100,Could not assign,,,
FJ639701,2III_A,10681,23,10700,dengue virus type 2,,III,100,A,100,Could not assign,,,
FJ639700,2III_A,10679,23,10698,dengue virus type 2,,III,100,A,100,Could not assign,,,
FJ639697,2III_A,10667,33,10699,dengue virus type 2,,III,100,A,100,Could not assign,,,
FJ432726,2V_A,10678,23,10700,dengue virus type 2,,V,100,A,100,Could not assign,,,
FJ639837,2III_D.1.1,10679,23,10699,dengue virus type 2,,III,100,D,100,1,100,,
FJ639833,2III_D.1.1,10679,23,10699,dengue virus type 2,,III,100,D,100,1,100,1,100
FJ639829,2V_E,10679,23,10700,dengue virus type 2,,V,100,E,100,,,1,100
FJ639830,2V_E,10679,23,10700,dengue virus type 2,,V,100,E,100,,,,
FJ639828,2V_E,10670,23,10691,dengue virus type 2,,V,100,E,100,,,,
FJ639788,2III_D,10678,23,10699,dengue virus type 2,,III,100,D,100,Related to but not part of 3,,,
FJ639783,2III_D,10679,23,10700,dengue virus type 2,,III,100,D,100,Related to but not part of 3,,,
FJ639734,2III_D.2,10647,35,10680,dengue virus type 2,,III,100,D,100,2,100,,
FJ639733,2III_D.2,10670,23,10692,dengue virus type 2,,III,100,D,100,2,100,,
FJ639732,2III_D.2,10630,33,10661,dengue virus type 2,,III,100,D,100,2,100,,
FJ478455,2III_D.1.1,10678,23,10698,dengue virus type 2,,III,100,D,100,1,100,,
FJ410288,2V_A,10678,23,10700,dengue virus type 2,,V,100,A,100,Related to but not part of 3,,1,100
FJ410241,2V_A,10678,23,10700,dengue virus type 2,,V,100,A,100,Could not assign,,,
FJ410237,2V_A,10678,23,10700,dengue virus type 2,,V,100,A,100,Could not assign,,,
FJ410228,2V_A,10678,23,10700,dengue virus type 2,,V,100,A,100,Could not assign,,,
FJ410219,2V_A,10668,33,10700,dengue virus type 2,,V,100,A,100,Could not assign,,,
FJ410208,2V_A,10674,21,10699,dengue virus type 2,,V,100,A,100,Could not assign,,,
MW577850,2III_C,10719,5,10723,dengue virus type 2,,III,100,C,100,Could not assign,,,
MW577849,2III_C,10723,1,10723,dengue virus type 2,,III,100,C,100,Could not assign,,,
MW577848,2III_C,10720,4,10723,dengue virus type 2,,III,100,C,100,Could not assign,,,
FJ390390,2III_D.1.3,10679,23,10700,dengue virus type 2,,III,100,D,100,1,100,,
FJ390385,2V_A,10678,23,10700,dengue virus type 2,,V,100,A,100,Could not assign,,3,100
FJ390384,2V_A,10678,23,10700,dengue virus type 2,,V,100,A,100,Could not assign,,,
MW577834,2III_C,10723,1,10723,dengue virus type 2,,III,100,C,100,Could not assign,,,
MW577833,2III_C,10723,1,10723,dengue virus type 2,,III,100,C,100,Could not assign,,,
MW577832,2III_C,10723,1,10723,dengue virus type 2,,III,100,C,100,Could not assign,,,
EU726770,2III_B,10679,23,10700,dengue virus type 2,,III,100,B,100,,,,
MW577831,2III_C,10725,1,10723,dengue virus type 2,,III,100,C,100,Could not assign,,,
MW577830,2III_C.1.1,10724,1,10723,dengue virus type 2,,III,100,C,100,1,100,,
MW577829,2III_C.1.1,10721,4,10723,dengue virus type 2,,III,100,C,100,1,100,1,98
MW577828,2III_C.1.1,10721,4,10723,dengue virus type 2,,III,100,C,100,1,100,1,79
EU687235,2III_B,10677,23,10699,dengue virus type 2,,III,100,B,100,,,1,76
EU687230,2III_B,10674,26,10700,dengue virus type 2,,III,100,B,100,,,,
EU687228,2III_B,10678,23,10700,dengue virus type 2,,III,100,B,100,,,,
MW577826,2III_C.1.1,10723,3,10723,dengue virus type 2,,III,100,C,100,1,100,,
MW577825,2III_C.1.1,10724,2,10723,dengue virus type 2,,III,100,C,100,1,100,1,98
EU687227,2III_B,10678,23,10700,dengue virus type 2,,III,100,B,100,,,1,83
MW577824,2III_C.1.1,10724,1,10723,dengue virus type 2,,III,100,C,100,1,100,,
EU687225,2III_B,10678,23,10700,dengue virus type 2,,III,100,B,100,,,1,78
EU687224,2III_B,10678,23,10700,dengue virus type 2,,III,100,B,100,,,,
MW577823,2III_C.1.1,10724,1,10723,dengue virus type 2,,III,100,C,100,1,100,,
MW577822,2III_C.1.1,10725,1,10723,dengue virus type 2,,III,100,C,100,1,100,1,78
MW577821,2III_C.1.1,10724,1,10723,dengue virus type 2,,III,100,C,100,1,100,1,82
EU687223,2III_B,10678,23,10700,dengue virus type 2,,III,100,B,100,,,1,77
MW577820,2III_C.1.1,10722,4,10723,dengue virus type 2,,III,100,C,100,1,100,,
EU687222,2III_B,10678,23,10700,dengue virus type 2,,III,100,B,100,,,1,83
EU687220,2III_B,10678,23,10700,dengue virus type 2,,III,100,B,100,,,,
MW577819,2III_C.1.1,10724,1,10723,dengue virus type 2,,III,100,C,100,1,100,,
MW577818,2III_C.1.1,10724,1,10723,dengue virus type 2,,III,100,C,100,1,100,1,79
MW577817,2III_C.1.1,10725,1,10723,dengue virus type 2,,III,100,C,100,1,100,1,79
MW577816,2III_C.1.1,10724,1,10723,dengue virus type 2,,III,100,C,100,1,100,1,74
EU687217,2III_C,10678,23,10700,dengue virus type 2,,III,100,C,100,Related to but not part of 1,,1,80
EU687212,2III_C,10668,33,10700,dengue virus type 2,,III,100,C,100,Could not assign,,,
MW577815,2III_C.1.1,10725,1,10723,dengue virus type 2,,III,100,C,100,1,100,,
MW577813,2III_C.1.1,10725,1,10723,dengue virus type 2,,III,100,C,100,1,100,1,78
MW577814,2III_C.1.1,10716,9,10723,dengue virus type 2,,III,100,C,100,1,100,1,88
MW577811,2III_C.1.1,10722,4,10723,dengue virus type 2,,III,100,C,100,1,100,1,76
EU677149,2V_A,10661,38,10700,dengue virus type 2,,V,100,A,100,Could not assign,,1,98
EU677146,2III_B,10678,23,10700,dengue virus type 2,,III,100,B,100,,,,
EU660417,2V_A,10678,23,10700,dengue virus type 2,,V,100,A,100,Could not assign,,,
EU660413,2V_A,10678,23,10700,dengue virus type 2,,V,100,A,100,Related to but not part of 3,,,
EU660399,2III,10678,23,10700,dengue virus type 2,,III,100,Related to but not part of B,,,,,
EU596497,2III_D.1.1,10680,23,10700,dengue virus type 2,,III,100,D,100,1,100,,
EU596491,2III_C,10678,23,10700,dengue virus type 2,,III,100,C,100,Related to but not part of 1,,1,100
EU596490,2III_B,10678,23,10700,dengue virus type 2,,III,100,B,100,,,,
EU596485,2III_B,10678,23,10700,dengue virus type 2,,III,100,B,100,,,,
EU596483,2III_D.1.1,10680,23,10700,dengue virus type 2,,III,100,D,100,1,100,,
EU569721,2V_A,10678,23,10700,dengue virus type 2,,V,100,A,100,Could not assign,,1,100
EU569716,2III_B,10678,23,10700,dengue virus type 2,,III,100,B,100,,,,
EU569711,2III_B,10678,23,10700,dengue virus type 2,,III,100,B,100,,,,
EU569708,2III_B,10678,23,10700,dengue virus type 2,,III,100,B,100,,,,
EU569705,2III,10663,38,10700,dengue virus type 2,,III,100,Related to but not part of B,,,,,
EU569701,2III_D.1.1,10680,23,10700,dengue virus type 2,,III,100,D,100,1,100,,
EU569703,2III_B,10663,35,10699,dengue virus type 2,,III,100,B,100,,,1,100
EU569700,2III_D.1.1,10679,23,10699,dengue virus type 2,,III,100,D,100,1,100,,
EU569697,2III_D.1.1,10680,23,10700,dengue virus type 2,,III,100,D,100,1,100,1,100
EU569695,2III_D.1.1,10680,23,10700,dengue virus type 2,,III,100,D,100,1,100,1,100
EU569692,2III_D.1.1,10674,28,10699,dengue virus type 2,,III,100,D,100,1,100,1,100
EU529700,2III_B,10678,23,10700,dengue virus type 2,,III,100,B,100,,,1,100
EU529694,2III,10678,23,10699,dengue virus type 2,,III,100,Related to but not part of B,,,,,
EU529693,2III_B,10639,23,10661,dengue virus type 2,,III,100,B,100,,,,
EU482786,2V_A,10678,23,10700,dengue virus type 2,,V,100,A,100,Related to but not part of 3,,,
EU482782,2V_A,10678,23,10700,dengue virus type 2,,V,100,A,100,Related to but not part of 3,,,
EU482773,2III_D.1.1,10680,23,10700,dengue virus type 2,,III,100,D,100,1,100,,
EU482761,2III_D.1.3,10679,23,10700,dengue virus type 2,,III,100,D,100,1,100,1,100
EU482760,2III_D.1.3,10679,23,10700,dengue virus type 2,,III,100,D,100,1,100,3,100
EU482754,2III_D.1.3,10668,32,10698,dengue virus type 2,,III,100,D,100,1,100,3,100
EU482759,2III_D.1.3,10679,23,10700,dengue virus type 2,,III,100,D,100,1,100,3,100
EU482751,2III_D.1.1,10680,23,10700,dengue virus type 2,,III,100,D,100,1,100,3,100
EU482750,2III_D.1.3,10679,23,10700,dengue virus type 2,,III,100,D,100,1,100,1,100
EU482749,2III_D.1.3,10679,23,10700,dengue virus type 2,,III,100,D,100,1,100,3,100
EU482747,2III,10678,23,10700,dengue virus type 2,,III,100,Related to but not part of B,,,,3,100
EU482743,2III,10679,23,10700,dengue virus type 2,,III,100,Related to but not part of B,,,,,
EU482745,2III,10678,23,10700,dengue virus type 2,,III,100,Related to but not part of B,,,,,
EU482742,2III,10678,23,10700,dengue virus type 2,,III,100,Related to but not part of B,,,,,
EU482738,2III_B,10678,23,10700,dengue virus type 2,,III,100,B,100,,,,
EU482736,2III,10678,23,10700,dengue virus type 2,,III,100,Related to but not part of B,,,,,
EU482735,2III,10678,23,10700,dengue virus type 2,,III,100,Could not assign,,,,,
EU482732,2III_B,10678,23,10700,dengue virus type 2,,III,100,B,100,,,,
EU482726,2III_C,10678,23,10700,dengue virus type 2,,III,100,C,100,Could not assign,,,
EU482701,2V_A,10678,23,10700,dengue virus type 2,,V,100,A,100,Could not assign,,,
EU482692,2III_D.1.1,10680,23,10700,dengue virus type 2,,III,100,D,100,1,100,,
EU482691,2III_D.1.1,10680,23,10700,dengue virus type 2,,III,100,D,100,1,100,1,100
EU482690,2III_D.1.1,10680,23,10700,dengue virus type 2,,III,100,D,100,1,100,1,100
EU482688,2III_D.1.3,10678,23,10699,dengue virus type 2,,III,100,D,100,1,100,1,100
EU482686,2III_D.1.1,10680,23,10700,dengue virus type 2,,III,100,D,100,1,100,3,100
EU482684,2III_D.1.1,10679,23,10699,dengue virus type 2,,III,100,D,100,1,100,1,100
EU482680,2III_D.1.3,10680,23,10700,dengue virus type 2,,III,100,D,100,1,100,1,100
EU482675,2V_A,10678,23,10700,dengue virus type 2,,V,100,A,100,Could not assign,,3,100
EU482672,2II_D,10678,23,10700,dengue virus type 2,,II,100,D,100,Related to but not part of 2,,,
EU482671,2V_A,10660,41,10700,dengue virus type 2,,V,100,A,100,Could not assign,,,
EU482668,2V_A,10678,23,10700,dengue virus type 2,,V,100,A,100,Could not assign,,,
EU482667,2V_A,10661,40,10700,dengue virus type 2,,V,100,A,100,Could not assign,,,
EU482663,2V_A,10678,23,10700,dengue virus type 2,,V,100,A,100,Could not assign,,,
EU482659,2V_A,10678,23,10700,dengue virus type 2,,V,100,A,100,Related to but not part of 3,,,
EU482655,2V_A,10678,23,10700,dengue virus type 2,,V,100,A,100,Related to but not part of 3,,,
EU482654,2V_A,10678,23,10700,dengue virus type 2,,V,100,A,100,Could not assign,,,
EU482653,2V_A,10678,23,10700,dengue virus type 2,,V,100,A,100,Related to but not part of 3,,,
EU482651,2V_A,10678,23,10700,dengue virus type 2,,V,100,A,100,Related to but not part of 3,,,
EU482649,2V_A,10678,23,10700,dengue virus type 2,,V,100,A,100,Related to but not part of 3,,,
EU482648,2III_A.2,10678,23,10700,dengue virus type 2,,III,100,A,100,2,100,,
EU482646,2V_A,10660,41,10700,dengue virus type 2,,V,100,A,100,Could not assign,,,
EU482644,2V_A,10678,23,10700,dengue virus type 2,,V,100,A,100,Could not assign,,,
EU482642,2V_A,10678,23,10700,dengue virus type 2,,V,100,A,100,Could not assign,,,
EU482637,2III_D.1.3,10678,23,10699,dengue virus type 2,,III,100,D,100,1,100,,
EU482635,2III_D.1.3,10679,23,10700,dengue virus type 2,,III,100,D,100,1,100,3,100
EU482634,2III_D.1,10680,23,10700,dengue virus type 2,,III,100,D,100,1,100,3,100
EU482629,2III_D.1.3,10679,23,10700,dengue virus type 2,,III,100,D,100,1,100,Related to but not part of 2,
EU482628,2III_D.1.1,10680,23,10700,dengue virus type 2,,III,100,D,100,1,100,3,100
EU482624,2III_D.1.1,10680,23,10700,dengue virus type 2,,III,100,D,100,1,100,1,100
EU482622,2III_D.1.1,10679,23,10699,dengue virus type 2,,III,100,D,100,1,100,1,100
EU482621,2III_D.1.1,10680,23,10700,dengue virus type 2,,III,100,D,100,1,100,1,100
EU482607,2III_D,10679,23,10700,dengue virus type 2,,III,100,D,100,Related to but not part of 3,,1,100
EU482606,2III_D.2,10668,33,10700,dengue virus type 2,,III,100,D,100,2,100,,
EU482605,2III_D.2,10679,23,10701,dengue virus type 2,,III,100,D,100,2,100,,
EU482604,2III_D.2,10678,23,10700,dengue virus type 2,,III,100,D,100,2,100,,
EU482603,2III_D.1,10679,23,10699,dengue virus type 2,,III,100,D,100,1,100,,
EU482601,2III_D.1.1,10680,23,10700,dengue virus type 2,,III,100,D,100,1,100,Related to but not part of 2,
EU482594,2III,10678,23,10700,dengue virus type 2,,III,100,Related to but not part of B,,,,1,100
EU482587,2III,10678,23,10700,dengue virus type 2,,III,100,Related to but not part of B,,,,,
EU482585,2III,10678,23,10700,dengue virus type 2,,III,100,Related to but not part of B,,,,,
EU482583,2III,10678,23,10700,dengue virus type 2,,III,100,Related to but not part of B,,,,,
EU482577,2III,10678,23,10700,dengue virus type 2,,III,100,Related to but not part of B,,,,,
EU482569,2III,10678,23,10700,dengue virus type 2,,III,100,Related to but not part of B,,,,,
EU482557,2III_B,10639,23,10661,dengue virus type 2,,III,100,B,100,,,,
EU482550,2III_B,10678,23,10700,dengue virus type 2,,III,100,B,100,,,,
EU482549,2III_B,10679,23,10700,dengue virus type 2,,III,100,B,100,,,,
EU482541,2V_A,10678,23,10700,dengue virus type 2,,V,100,A,100,Related to but not part of 3,,,
EU482475,2V_A,10678,23,10700,dengue virus type 2,,V,100,A,100,Related to but not part of 3,,,
EU482473,2V_A,10678,23,10700,dengue virus type 2,,V,100,A,100,Related to but not part of 3,,,
EU482471,2V_A,10678,23,10700,dengue virus type 2,,V,100,A,100,Related to but not part of 3,,,
EU482470,2V_A,10678,23,10700,dengue virus type 2,,V,100,A,100,Could not assign,,,
EU482465,2V_A,10678,23,10700,dengue virus type 2,,V,100,A,100,Could not assign,,,
EU482450,2V_A,10678,23,10700,dengue virus type 2,,V,100,A,100,Could not assign,,,
EU482446,2V_A,10678,23,10700,dengue virus type 2,,V,100,A,100,Related to but not part of 3,,,
MW512498,2II_F.1,10721,1,10723,dengue virus type 2,,II,100,F,100,1,100,,
MW512497,2II_F.1,10721,1,10723,dengue virus type 2,,II,100,F,100,1,100,Related to but not part of 1,
MW512496,2II_F.1,10721,1,10723,dengue virus type 2,,II,100,F,100,1,100,Related to but not part of 1,
MW512494,2II_F.1,10723,1,10723,dengue virus type 2,,II,100,F,100,1,100,Related to but not part of 1,
MW512493,2II_F.1,10723,1,10723,dengue virus type 2,,II,100,F,100,1,100,Related to but not part of 1,
MW512492,2II_F.1,10723,1,10723,dengue virus type 2,,II,100,F,100,1,100,Related to but not part of 1,
MW512491,2II_F.1,10723,1,10723,dengue virus type 2,,II,100,F,100,1,100,Related to but not part of 1,
MW512490,2II_A.2.1,10723,1,10723,dengue virus type 2,,II,100,A,100,2,100,Related to but not part of 1,
MW512489,2II_C.1,10723,1,10723,dengue virus type 2,,II,100,C,100,1,100,1,100
MW512488,2II_F.1,10721,1,10723,dengue virus type 2,,II,100,F,100,1,100,,
MW512487,2II_F.1,10721,1,10723,dengue virus type 2,,II,100,F,100,1,100,Related to but not part of 1,
MW512486,2II_F.1,10721,1,10723,dengue virus type 2,,II,100,F,100,1,100,Related to but not part of 1,
MW512485,2II_F.1,10723,1,10723,dengue virus type 2,,II,100,F,100,1,100,Related to but not part of 1,
MW512483,2II_F.1,10723,1,10723,dengue virus type 2,,II,100,F,100,1,100,Related to but not part of 1,
MW512482,2II_F.1,10713,1,10723,dengue virus type 2,,II,100,F,100,1,100,Related to but not part of 1,
MW512481,2II_F.1,10723,1,10723,dengue virus type 2,,II,100,F,100,1,100,Related to but not part of 1,
MW512480,2II_D,10723,1,10723,dengue virus type 2,,II,100,D,100,Could not assign,,Related to but not part of 1,
MW512479,2II_D.3,10723,1,10723,dengue virus type 2,,II,100,D,100,3,100,,
MW512477,2II_F.1,10723,1,10723,dengue virus type 2,,II,100,F,100,1,100,,
MW512476,2II_F.1,10723,1,10723,dengue virus type 2,,II,100,F,100,1,100,Related to but not part of 1,
MW512475,2II_F.1,10723,1,10723,dengue virus type 2,,II,100,F,100,1,100,Related to but not part of 1,
MW512474,2II_F.1,10723,1,10723,dengue virus type 2,,II,100,F,100,1,100,Related to but not part of 1,
MW512473,2II_F.1,10723,1,10723,dengue virus type 2,,II,100,F,100,1,100,Related to but not part of 1,
MW512472,2II_F.1,10723,1,10723,dengue virus type 2,,II,100,F,100,1,100,Related to but not part of 1,
MW512471,2II_F.1,10723,1,10723,dengue virus type 2,,II,100,F,100,1,100,Related to but not part of 1,
MW512470,2II_A,10718,1,10723,dengue virus type 2,,II,100,A,100,Could not assign,,Related to but not part of 1,
MW512469,2II_A.1,10718,1,10723,dengue virus type 2,,II,100,A,100,1,100,,
MW512468,2II_A.1,10723,1,10723,dengue virus type 2,,II,100,A,100,1,100,,
MW512467,2II_C,10723,1,10723,dengue virus type 2,,II,100,C,100,Could not assign,,,
MW512465,2II_F.2.1,10723,1,10723,dengue virus type 2,,II,100,F,100,2,100,,
MW512464,2II_F.2,10707,17,10723,dengue virus type 2,,II,100,F,100,2,100,1,100
MW512462,2II_F.1,10723,1,10723,dengue virus type 2,,II,100,F,100,1,100,Related to but not part of 2,
MW512461,2II_F.1,10723,1,10723,dengue virus type 2,,II,100,F,100,1,100,Related to but not part of 1,
MW512460,2II_F.1,10712,12,10723,dengue virus type 2,,II,100,F,100,1,100,Related to but not part of 1,
MW512458,2II_F.1,10723,1,10723,dengue virus type 2,,II,100,F,100,1,100,Related to but not part of 1,
MW512457,2II_F.1,10723,1,10723,dengue virus type 2,,II,100,F,100,1,100,Related to but not part of 1,
MW512456,2II_F.1,10723,1,10723,dengue virus type 2,,II,100,F,100,1,100,Related to but not part of 1,
MW512454,2II_F.1,10723,1,10723,dengue virus type 2,,II,100,F,100,1,100,Related to but not part of 1,
MW512451,2II_F.1,10723,1,10723,dengue virus type 2,,II,100,F,100,1,100,Related to but not part of 1,
MW512450,2II_D.3,10723,1,10723,dengue virus type 2,,II,100,D,100,3,100,Related to but not part of 2,
MW512449,2II_A.2.1,10723,1,10723,dengue virus type 2,,II,100,A,100,2,100,,
MW512448,2II_F.2,10723,1,10723,dengue virus type 2,,II,100,F,100,2,100,1,100
MW512447,2II_F,10723,1,10723,dengue virus type 2,,II,100,F,100,Related to but not part of 1,,Related to but not part of 2,
MW512446,2II_F.1,10723,1,10723,dengue virus type 2,,II,100,F,100,1,100,,
MW512445,2II_F.1,10723,1,10723,dengue virus type 2,,II,100,F,100,1,100,Related to but not part of 1,
MW512444,2II_F.1,10723,1,10723,dengue virus type 2,,II,100,F,100,1,100,Related to but not part of 1,
MW512443,2II_F.1,10723,1,10723,dengue virus type 2,,II,100,F,100,1,100,Related to but not part of 1,
MW512441,2II_F.1,10723,1,10723,dengue virus type 2,,II,100,F,100,1,100,Related to but not part of 1,
MW512440,2II_F.1,10723,1,10723,dengue virus type 2,,II,100,F,100,1,100,Related to but not part of 1,
MW512439,2II_F.1,10723,1,10723,dengue virus type 2,,II,100,F,100,1,100,Related to but not part of 1,
MW512438,2II_F.1,10723,1,10723,dengue virus type 2,,II,100,F,100,1,100,Related to but not part of 1,
MW512437,2II_F.1,10723,1,10723,dengue virus type 2,,II,100,F,100,1,100,Related to but not part of 1,
MW512435,2II_F.1,10723,1,10723,dengue virus type 2,,II,100,F,100,1,100,Related to but not part of 1,
MW512436,2II_F.1,10723,1,10723,dengue virus type 2,,II,100,F,100,1,100,Related to but not part of 2,
MW512434,2II_C.1,10723,1,10723,dengue virus type 2,,II,100,C,100,1,100,Related to but not part of 1,
MW512433,2II_C.1,10723,1,10723,dengue virus type 2,,II,100,C,100,1,100,,
MW512432,2II_C.1,10723,1,10723,dengue virus type 2,,II,100,C,100,1,100,,
MW512431,2II_C,10723,1,10723,dengue virus type 2,,II,100,C,100,Could not assign,,,
MW512430,2II_F.2,10723,1,10723,dengue virus type 2,,II,100,F,100,2,100,,
MW512429,2II_F.2,10723,1,10723,dengue virus type 2,,II,100,F,100,2,100,Related to but not part of 2,
MW512427,2II_F,10723,1,10723,dengue virus type 2,,II,100,F,100,Related to but not part of 1,,Related to but not part of 2,
MW512428,2II_F.2.1,10723,1,10723,dengue virus type 2,,II,100,F,100,2,100,,
MW512426,2II_F.1,10723,1,10723,dengue virus type 2,,II,100,F,100,1,100,1,99
MW512425,2II_F.1,10723,1,10723,dengue virus type 2,,II,100,F,100,1,100,Related to but not part of 1,
MW512423,2II_F.1,10723,1,10723,dengue virus type 2,,II,100,F,100,1,100,Related to but not part of 1,
MW512422,2II_F.1,10723,1,10723,dengue virus type 2,,II,100,F,100,1,100,Related to but not part of 1,
MW512421,2II_F.1,10723,1,10723,dengue virus type 2,,II,100,F,100,1,100,Related to but not part of 1,
MW512420,2II_F.1,10723,1,10723,dengue virus type 2,,II,100,F,100,1,100,Related to but not part of 1,
MW512418,2II_F.1,10723,1,10723,dengue virus type 2,,II,100,F,100,1,100,Related to but not part of 1,
MW512417,2II_F.1,10723,1,10723,dengue virus type 2,,II,100,F,100,1,100,Related to but not part of 1,
MW512415,2II_D.1,10723,1,10723,dengue virus type 2,,II,100,D,100,1,100,Related to but not part of 2,
MW512413,2II_A.1,10723,1,10723,dengue virus type 2,,II,100,A,100,1,100,,
MW512414,2II_E,10723,1,10723,dengue virus type 2,,II,100,E,100,Related to but not part of 2,,,
MW512412,2II_A.1,10723,1,10723,dengue virus type 2,,II,100,A,100,1,100,,
MW512411,2II_A.1,10723,1,10723,dengue virus type 2,,II,100,A,100,1,100,,
MW512410,2II_A.1,10723,1,10723,dengue virus type 2,,II,100,A,100,1,100,,
MW512409,2II_C,10723,1,10723,dengue virus type 2,,II,100,C,100,Could not assign,,,
MW512408,2II_C,10723,1,10723,dengue virus type 2,,II,100,C,100,Could not assign,,,
MW512407,2II_F.2.2,10723,1,10723,dengue virus type 2,,II,100,F,100,2,100,,
MW512406,2II_F.2.2,10723,1,10723,dengue virus type 2,,II,100,F,100,2,100,2,100
MW512405,2II_F.2.2,10723,1,10723,dengue virus type 2,,II,100,F,100,2,100,2,100
MW512404,2II_F.2.2,10723,1,10723,dengue virus type 2,,II,100,F,100,2,100,2,100
MW512403,2II_F,10723,1,10723,dengue virus type 2,,II,100,F,100,Related to but not part of 1,,2,100
MW512402,2II_F,10723,1,10723,dengue virus type 2,,II,100,F,100,Related to but not part of 1,,,
MW512401,2II_F,10723,1,10723,dengue virus type 2,,II,100,F,100,Related to but not part of 1,,,
MW512400,2II_F,10723,1,10723,dengue virus type 2,,II,100,F,100,Related to but not part of 1,,,
MW512399,2II_F.1,10723,1,10723,dengue virus type 2,,II,100,F,100,1,100,,
MW512398,2II_F.1,10723,1,10723,dengue virus type 2,,II,100,F,100,1,100,Related to but not part of 2,
MW512396,2II_F.1,10723,1,10723,dengue virus type 2,,II,100,F,100,1,100,Related to but not part of 2,
MW512395,2II_F.1,10723,1,10723,dengue virus type 2,,II,100,F,100,1,100,Related to but not part of 1,
MW512394,2II_F.1,10254,38,10291,dengue virus type 2,,II,100,F,100,1,100,Related to but not part of 1,
MW512393,2II_F.1,10723,1,10723,dengue virus type 2,,II,100,F,100,1,100,Related to but not part of 1,
MW512392,2II_F.1,10723,1,10723,dengue virus type 2,,II,100,F,100,1,100,Related to but not part of 1,
MW512391,2II_A.1,10723,1,10723,dengue virus type 2,,II,100,A,100,1,100,Related to but not part of 2,
MW512390,2II_F.1,10723,1,10723,dengue virus type 2,,II,100,F,100,1,100,,
MW512389,2II_F.1,10723,1,10723,dengue virus type 2,,II,100,F,100,1,100,Related to but not part of 2,
MW512388,2II_F.1,10723,1,10723,dengue virus type 2,,II,100,F,100,1,100,Related to but not part of 2,
MW512386,2II_D.2,10723,1,10723,dengue virus type 2,,II,100,D,100,2,100,Related to but not part of 2,
MW512385,2II_D.3,10723,1,10723,dengue virus type 2,,II,100,D,100,3,100,,
MW512384,2II_D.3,10723,1,10723,dengue virus type 2,,II,100,D,100,3,100,,
MW512383,2II_E.1,10723,1,10723,dengue virus type 2,,II,100,E,100,1,100,,
MW512382,2II_E.1,10723,1,10723,dengue virus type 2,,II,100,E,100,1,100,,
MW512381,2II_E.1,10723,1,10723,dengue virus type 2,,II,100,E,100,1,100,,
MW512380,2II_C.1,10723,1,10723,dengue virus type 2,,II,100,C,100,1,100,,
MW512379,2II_F.2.2,10723,1,10723,dengue virus type 2,,II,100,F,100,2,100,,
MW512378,2II_F.2,10723,1,10723,dengue virus type 2,,II,100,F,100,2,100,2,100
MW512377,2II_F.2,10723,1,10723,dengue virus type 2,,II,100,F,100,2,100,Related to but not part of 2,
MW512376,2II_D,10723,1,10723,dengue virus type 2,,II,100,D,100,Related to but not part of 1,,Could not assign,
MW512375,2II_D.3,10723,1,10723,dengue virus type 2,,II,100,D,100,3,100,,
MW512374,2II_E.1,10723,1,10723,dengue virus type 2,,II,100,E,100,1,100,,
MW512373,2II_E.1,10723,1,10723,dengue virus type 2,,II,100,E,100,1,100,,
MW512371,2II_A.1,10723,1,10723,dengue virus type 2,,II,100,A,100,1,100,,
MW512372,2II_A.2,10723,1,10723,dengue virus type 2,,II,100,A,100,2,100,,
MW512370,2II_A.1,10723,1,10723,dengue virus type 2,,II,100,A,100,1,100,Related to but not part of 1,
MW512369,2II_F.2,10723,1,10723,dengue virus type 2,,II,100,F,100,2,98,,
MW512368,2II_F,10723,1,10723,dengue virus type 2,,II,100,F,100,Related to but not part of 1,,Related to but not part of 2,
MW512367,2II_F,10723,1,10723,dengue virus type 2,,II,100,F,100,Related to but not part of 1,,,
MW512366,2II_F,10723,1,10723,dengue virus type 2,,II,100,F,100,Related to but not part of 1,,,
MW512365,2II_F,10723,1,10723,dengue virus type 2,,II,100,F,100,Related to but not part of 1,,,
MW512364,2II_D,10723,1,10723,dengue virus type 2,,II,100,D,100,Could not assign,,,
MW512363,2II_E.1,10723,1,10723,dengue virus type 2,,II,100,E,100,1,100,,
MW512362,2II_A.1,10723,1,10723,dengue virus type 2,,II,100,A,100,1,100,,
MW512361,2II_E.1,10176,97,10272,dengue virus type 2,,II,100,E,100,1,100,,
MW512360,2II_E.1,10176,97,10272,dengue virus type 2,,II,100,E,100,1,100,,
MW512359,2II_E.1,10176,97,10272,dengue virus type 2,,II,100,E,100,1,100,,
MW512358,2II_E.1,10176,97,10272,dengue virus type 2,,II,100,E,100,1,100,,
MW512357,2II_E.1,10176,97,10272,dengue virus type 2,,II,100,E,100,1,100,,
MW512356,2II_E.1,10176,97,10272,dengue virus type 2,,II,100,E,100,1,100,,
MW512355,2II_E.1,10176,97,10272,dengue virus type 2,,II,100,E,100,1,100,,
MW512354,2II_E.1,10176,97,10272,dengue virus type 2,,II,100,E,100,1,100,,
MW512353,2II_E.1,10176,97,10272,dengue virus type 2,,II,100,E,100,1,100,,
MW512352,2II_E.1,10176,97,10272,dengue virus type 2,,II,100,E,100,1,100,,
MW512351,2II_E.1,10176,97,10272,dengue virus type 2,,II,100,E,100,1,100,,
MW512350,2II_E.1,10176,97,10272,dengue virus type 2,,II,100,E,100,1,100,,
MW512349,2II_E.1,10176,97,10272,dengue virus type 2,,II,100,E,100,1,100,,
MW512348,2II_E.1,10176,97,10272,dengue virus type 2,,II,100,E,100,1,100,,
MW512347,2II_E.1,10176,97,10272,dengue virus type 2,,II,100,E,100,1,100,,
MW512346,2II_E.1,10176,97,10272,dengue virus type 2,,II,100,E,100,1,100,,
MW512345,2II_E.1,10176,97,10272,dengue virus type 2,,II,100,E,100,1,100,,
MW512344,2II_E.1,10176,97,10272,dengue virus type 2,,II,100,E,100,1,100,,
MW512343,2II_E.1,10176,97,10272,dengue virus type 2,,II,100,E,100,1,100,,
MW512342,2II_E.1,10176,97,10272,dengue virus type 2,,II,100,E,100,1,100,,
MW512341,2II,10723,1,10723,dengue virus type 2,,II,100,Related to but not part of F,,,,,
FJ873808,2III_D.1,10741,23,10723,dengue virus type 2,,III,100,D,100,1,100,,
FJ873811,2V_A,10678,23,10700,dengue virus type 2,,V,100,A,100,Related to but not part of 3,,Could not assign,
FJ882593,2III_D.1.1,10680,23,10700,dengue virus type 2,,III,100,D,100,1,100,,
FJ882594,2III_D.1.3,10648,23,10668,dengue virus type 2,,III,100,D,100,1,100,1,100
FJ882602,2II_A,10677,23,10699,dengue virus type 2,,II,100,A,100,Could not assign,,3,100
FJ898432,2III_D.1.1,10443,23,10464,dengue virus type 2,,III,100,D,100,1,100,,
FJ898434,2III_D.1.1,10680,23,10700,dengue virus type 2,,III,100,D,100,1,100,1,100
FJ898435,2III_D.1.3,10679,23,10700,dengue virus type 2,,III,100,D,100,1,100,1,100
FJ898436,2III_D.1.3,10679,23,10700,dengue virus type 2,,III,100,D,100,1,100,3,100
FJ898438,2III_D,10665,35,10700,dengue virus type 2,,III,100,D,100,Related to but not part of 1,,3,100
MN982899,2II_F.2,10720,4,10723,dengue virus type 2,,II,100,F,100,2,100,,
FJ898439,2III_D,10680,23,10700,dengue virus type 2,,III,100,D,100,Related to but not part of 1,,Related to but not part of 2,
FJ898449,2I,10668,23,10700,dengue virus type 2,,I,100,,,,,,
FJ898450,2III_B,10678,23,10700,dengue virus type 2,,III,100,B,100,,,,
FJ898451,2III_C,10678,23,10700,dengue virus type 2,,III,100,C,100,Could not assign,,,
FJ898452,2V_A,10679,23,10700,dengue virus type 2,,V,100,A,100,Related to but not part of 3,,,
FJ898453,2III_C,10678,23,10700,dengue virus type 2,,III,100,C,100,Could not assign,,,
FJ898454,2II_A.1,10669,31,10699,dengue virus type 2,,II,100,A,100,1,100,,
MZ008467,2III_D.1.2,10724,1,10723,dengue virus type 2,,III,100,D,100,1,100,,
FJ898460,2III_C,10678,23,10700,dengue virus type 2,,III,100,C,100,Could not assign,,2,100
FJ898461,2III_D,10679,23,10700,dengue virus type 2,,III,100,D,100,Related to but not part of 1,,,
MZ008463,2III_D.1.2,10725,1,10723,dengue virus type 2,,III,100,D,100,1,100,,
FJ898465,2III_B,10677,23,10700,dengue virus type 2,,III,100,B,100,,,2,100
FJ898466,2III_D,10679,23,10700,dengue virus type 2,,III,100,D,100,Related to but not part of 3,,,
MW945435,2II_D,10176,97,10272,dengue virus type 2,,II,100,D,100,Related to but not part of 2,,,
FJ898467,2III_D.2,10678,23,10700,dengue virus type 2,,III,100,D,100,2,100,,
MW945434,2III_A.1,10176,97,10272,dengue virus type 2,,III,100,A,100,1,100,,
FJ898477,2III_D.1,10678,23,10699,dengue virus type 2,,III,100,D,100,1,100,,
FJ898478,2III_D.1,10679,23,10699,dengue virus type 2,,III,100,D,100,1,100,Could not assign,
FJ898479,2III_D.1.1,10680,23,10700,dengue virus type 2,,III,100,D,100,1,100,Could not assign,
FJ906956,2III_D.1.3,10679,23,10700,dengue virus type 2,,III,100,D,100,1,100,1,100
FJ906957,2V_A,10678,23,10700,dengue virus type 2,,V,100,A,79,Could not assign,,3,100
FJ906958,2V_B,10679,23,10700,dengue virus type 2,,V,100,B,100,,,,
FJ906959,dengue virus type 2,10678,23,10700,dengue virus type 2,,Related to but not part of IV,,,,,,,
FJ906960,2III_D.1.1,10660,41,10699,dengue virus type 2,,III,100,D,100,1,100,,
FJ906961,2III_D.1.3,10661,23,10683,dengue virus type 2,,III,100,D,100,1,100,1,100
FJ906962,2III_D.1.3,10678,23,10699,dengue virus type 2,,III,100,D,100,1,100,3,100
MG721059,3III_A.2,10619,3,10621,dengue virus type 3,,III,100,A,100,2,100,3,100
MG721061,3III_B.3,10706,3,10707,dengue virus type 3,,III,100,B,100,3,100,,
MG721064,3III_B.1,10285,67,10584,dengue virus type 3,,III,100,B,100,1,100,,
KU050695,3V,10696,1,10707,dengue virus type 3,,V,100,,,,,,
KC762681,3I_A,10707,1,10707,dengue virus type 3,,I,100,A,100,Could not assign,,,
KC762682,3I_A,10707,1,10707,dengue virus type 3,,I,100,A,100,Could not assign,,,
KC762683,3I_A,10707,1,10707,dengue virus type 3,,I,100,A,100,Could not assign,,,
KC762684,3I_A,10698,1,10707,dengue virus type 3,,I,100,A,100,Could not assign,,,
KC762685,3I_A,10707,1,10707,dengue virus type 3,,I,100,A,100,Could not assign,,,
KC762687,3I_A,10707,1,10707,dengue virus type 3,,I,100,A,100,Could not assign,,,
KC762686,3I_A,10707,1,10707,dengue virus type 3,,I,100,A,100,Could not assign,,,
KC762688,3I_A,10707,1,10707,dengue virus type 3,,I,100,A,100,Could not assign,,,
GQ466079,3III_B,10680,1,10680,dengue virus type 3,,III,100,B,100,Could not assign,,,
KC762690,3I_A,10709,1,10707,dengue virus type 3,,I,100,A,100,Could not assign,,,
KC762689,3I_A,10707,1,10707,dengue virus type 3,,I,100,A,100,Could not assign,,,
KC762691,3I_A,10707,1,10707,dengue virus type 3,,I,100,A,100,Could not assign,,,
KC762692,3I_A,10707,1,10707,dengue virus type 3,,I,100,A,100,Could not assign,,,
KC762693,3I_A,10707,1,10707,dengue virus type 3,,I,100,A,100,Could not assign,,,
JF920393,3III_C.2,10681,16,10707,dengue virus type 3,,III,100,C,100,2,100,,
JF920394,3III_C.2,10682,16,10707,dengue virus type 3,,III,100,C,100,2,100,,
JF920395,3III_C.2,10605,16,10632,dengue virus type 3,,III,100,C,100,2,100,,
JF920396,3III_C.2,10675,21,10707,dengue virus type 3,,III,100,C,100,2,100,,
JF920397,3III_C.2,10676,19,10706,dengue virus type 3,,III,100,C,100,2,100,,
JF920398,3III_C.2,10522,17,10548,dengue virus type 3,,III,100,C,100,2,100,,
JF920399,3III_C.2,10681,16,10707,dengue virus type 3,,III,100,C,100,2,100,,
JF920400,3III_C.2,10681,16,10707,dengue virus type 3,,III,100,C,100,2,100,,
JF920401,3III_C.2,10681,16,10707,dengue virus type 3,,III,100,C,100,2,100,,
JF920402,3III_C.2,10680,16,10707,dengue virus type 3,,III,100,C,100,2,100,,
JF920403,3III_C.2,10535,16,10561,dengue virus type 3,,III,100,C,100,2,100,,
JF920404,3III_C.2,10681,16,10707,dengue virus type 3,,III,100,C,100,2,100,,
JF920405,3III_C.2,10681,16,10707,dengue virus type 3,,III,100,C,100,2,100,,
JF920406,3III_C.2,10681,16,10707,dengue virus type 3,,III,100,C,100,2,100,,
JF920407,3III_C.2,10680,17,10707,dengue virus type 3,,III,100,C,100,2,100,,
JF920408,3III_C.2,10681,16,10707,dengue virus type 3,,III,100,C,100,2,100,,
JF920409,3III_C.2,10680,16,10707,dengue virus type 3,,III,100,C,100,2,100,,
JF937620,3III_C.2,10681,16,10707,dengue virus type 3,,III,100,C,100,2,100,,
JF937621,3III_C.2,10676,16,10703,dengue virus type 3,,III,100,C,100,2,100,,
JF937622,3III_C.2,10680,16,10707,dengue virus type 3,,III,100,C,100,2,100,,
JF937623,3III_C.2,10681,17,10707,dengue virus type 3,,III,100,C,100,2,100,,
JF937625,3III_C.2,10683,16,10707,dengue virus type 3,,III,100,C,100,2,100,,
JF937624,3III_C.2,10681,17,10707,dengue virus type 3,,III,100,C,100,2,100,,
JF937626,3III_C.2,10691,6,10707,dengue virus type 3,,III,100,C,100,2,100,,
JF937627,3III_C.2,10527,17,10554,dengue virus type 3,,III,100,C,100,2,100,,
JF937628,3III_C.2,10684,14,10707,dengue virus type 3,,III,100,C,100,2,100,,
JF937629,3III_C.2,10683,16,10707,dengue virus type 3,,III,100,C,100,2,100,,
JF937630,3III_C.2,10381,16,10407,dengue virus type 3,,III,100,C,100,2,100,,
JF937631,3III_C.2,10583,1,10565,dengue virus type 3,,III,100,C,100,2,100,,
JF937632,3III_C.2,10581,1,10589,dengue virus type 3,,III,100,C,100,2,100,,
JF937633,3III_C.2,10683,16,10707,dengue virus type 3,,III,100,C,100,2,100,,
JF937634,3III_C.2,10681,16,10707,dengue virus type 3,,III,100,C,100,2,100,,
JF937636,3III_C.2,10670,16,10693,dengue virus type 3,,III,100,C,100,2,100,,
JF937637,3III_C.2,10689,7,10707,dengue virus type 3,,III,100,C,100,2,100,,
JF937638,3III_C.2,10681,16,10707,dengue virus type 3,,III,100,C,100,2,100,,
JF937639,3III_C.2,10644,54,10707,dengue virus type 3,,III,100,C,100,2,100,,
JF937640,3III_C.2,10678,16,10704,dengue virus type 3,,III,100,C,100,2,100,,
JF937641,3III_C.2,10681,16,10707,dengue virus type 3,,III,100,C,100,2,100,,
JF937642,3III_C.2,10681,16,10707,dengue virus type 3,,III,100,C,100,2,100,,
JF937643,3III_C.2,10538,16,10564,dengue virus type 3,,III,100,C,100,2,100,,
JF937646,3III_C.2,10681,16,10707,dengue virus type 3,,III,100,C,100,2,100,,
JF937647,3III_C.2,10682,16,10707,dengue virus type 3,,III,100,C,100,2,100,,
JF937648,3III_C.2,10680,16,10707,dengue virus type 3,,III,100,C,100,2,100,,
JF937652,3III_C.2,10477,77,10564,dengue virus type 3,,III,100,C,100,2,100,,
KU216208,3III_B.1,10672,11,10680,dengue virus type 3,,III,100,B,100,1,100,,
KU216209,3III_B.1,10674,9,10680,dengue virus type 3,,III,100,B,100,1,100,,
GQ868546,3III_C,10663,22,10684,dengue virus type 3,,III,100,C,100,Related to but not part of 2,,,
GQ868547,3III_C,10655,22,10684,dengue virus type 3,,III,100,C,100,Related to but not part of 2,,,
GQ868548,3III_C,10663,22,10684,dengue virus type 3,,III,100,C,100,Related to but not part of 2,,,
GQ868571,3III_C.1,10663,22,10684,dengue virus type 3,,III,100,C,100,1,100,,
GQ868572,3III_C.1,10652,22,10673,dengue virus type 3,,III,100,C,100,1,100,,
GQ868573,3III_C.1,10644,22,10665,dengue virus type 3,,III,100,C,100,1,100,,
GQ868575,3III_C.1,10663,22,10684,dengue virus type 3,,III,100,C,100,1,100,,
GQ868574,3III_C.1,10663,22,10684,dengue virus type 3,,III,100,C,100,1,100,,
GQ868576,3III_C.1,10663,22,10684,dengue virus type 3,,III,100,C,100,1,100,,
GQ868577,3III_C.1,10646,22,10667,dengue virus type 3,,III,100,C,100,1,100,,
GQ868578,3III_C.1,10659,22,10681,dengue virus type 3,,III,100,C,100,1,100,,
GQ868586,3III_C.1,10663,22,10684,dengue virus type 3,,III,100,C,100,1,100,,
GQ868587,3III_C.1,10663,22,10684,dengue virus type 3,,III,100,C,100,1,100,,
GQ868593,3II,10663,22,10684,dengue virus type 3,,II,100,Could not assign,,,,,
GQ868616,3III_C,10663,22,10684,dengue virus type 3,,III,100,C,100,Related to but not part of 2,,,
GQ868617,3III_C,10662,22,10684,dengue virus type 3,,III,100,C,100,Related to but not part of 2,,,
GQ868626,3II_A,10663,22,10684,dengue virus type 3,,II,100,A,100,Related to but not part of 3,,,
GQ868627,3II_A,10663,22,10684,dengue virus type 3,,II,100,A,100,Related to but not part of 3,,,
GQ868628,3II_A,10659,26,10684,dengue virus type 3,,II,100,A,100,Related to but not part of 1,,,
GQ868629,3II_A,10660,25,10684,dengue virus type 3,,II,100,A,100,Related to but not part of 1,,,
GQ868634,3II_A,10663,22,10684,dengue virus type 3,,II,100,A,100,Related to but not part of 1,,,
GU131844,3III_C,10594,22,10615,dengue virus type 3,,III,100,C,100,Related to but not part of 2,,,
GU131845,3III_C,10525,22,10546,dengue virus type 3,,III,100,C,100,Related to but not part of 2,,,
GU131846,3III_C,10616,22,10637,dengue virus type 3,,III,100,C,100,Related to but not part of 2,,,
GU131847,3III_C,10525,22,10546,dengue virus type 3,,III,100,C,100,Related to but not part of 2,,,
GU131848,3III_C,10525,22,10546,dengue virus type 3,,III,100,C,100,Related to but not part of 2,,,
GU131849,3III_C,10525,22,10546,dengue virus type 3,,III,100,C,100,Related to but not part of 2,,,
GU131850,3III_C,10525,22,10546,dengue virus type 3,,III,100,C,100,Related to but not part of 2,,,
GU131851,3III_C,10525,22,10546,dengue virus type 3,,III,100,C,100,Related to but not part of 2,,,
GU131852,3III_C,10525,22,10546,dengue virus type 3,,III,100,C,100,Related to but not part of 2,,,
GU131853,3III_C,10525,22,10546,dengue virus type 3,,III,100,C,100,Related to but not part of 2,,,
GU131854,3III_C,10517,22,10546,dengue virus type 3,,III,100,C,100,Related to but not part of 2,,,
GU131855,3III_C,10616,22,10637,dengue virus type 3,,III,100,C,100,Related to but not part of 2,,,
GU131856,3III_C,10616,22,10637,dengue virus type 3,,III,100,C,100,Related to but not part of 2,,,
GU131857,3III_C,10616,22,10637,dengue virus type 3,,III,100,C,100,Related to but not part of 2,,,
GU131858,3III_C,10525,22,10546,dengue virus type 3,,III,100,C,100,Related to but not part of 2,,,
GU131859,3III_C,10525,22,10546,dengue virus type 3,,III,100,C,100,Related to but not part of 2,,,
GU131860,3III_C,10517,22,10546,dengue virus type 3,,III,100,C,100,Related to but not part of 2,,,
GU131861,3III_C,10526,22,10546,dengue virus type 3,,III,100,C,100,Related to but not part of 2,,,
GU131862,3III_C,10525,22,10546,dengue virus type 3,,III,100,C,100,Related to but not part of 2,,,
GU131865,3III_C,10501,22,10521,dengue virus type 3,,III,100,C,100,Related to but not part of 2,,,
GU131866,3III_C,10526,22,10546,dengue virus type 3,,III,100,C,100,Related to but not part of 2,,,
GU131867,3III_C,10525,22,10546,dengue virus type 3,,III,100,C,100,Related to but not part of 2,,,
GU131868,3III_C,10517,22,10546,dengue virus type 3,,III,100,C,100,Related to but not part of 2,,,
GU131869,3III_C,10525,22,10546,dengue virus type 3,,III,100,C,100,Related to but not part of 2,,,
GU131871,3III_C,10510,37,10546,dengue virus type 3,,III,100,C,100,Related to but not part of 2,,,
GU131870,3III_C,10525,22,10546,dengue virus type 3,,III,100,C,100,Related to but not part of 2,,,
GU131872,3III_C,10608,22,10637,dengue virus type 3,,III,100,C,100,Related to but not part of 2,,,
GU131873,3III_C,10402,22,10423,dengue virus type 3,,III,100,C,100,Related to but not part of 2,,,
GU131874,3III_C,10525,22,10546,dengue virus type 3,,III,100,C,100,Related to but not part of 2,,,
GU131875,3III_C,10525,22,10546,dengue virus type 3,,III,100,C,100,Related to but not part of 2,,,
GU131876,3III_C,10516,22,10546,dengue virus type 3,,III,100,C,100,Related to but not part of 2,,,
GU131877,3III_C,10616,22,10637,dengue virus type 3,,III,100,C,100,Related to but not part of 2,,,
GU131878,3III_C,10638,22,10659,dengue virus type 3,,III,100,C,100,Related to but not part of 2,,,
GU131903,3II_A,10509,22,10530,dengue virus type 3,,II,100,A,100,Related to but not part of 1,,,
GU131904,3II_A,10638,22,10659,dengue virus type 3,,II,100,A,100,Related to but not part of 1,,,
GU131905,3II_A,10638,22,10659,dengue virus type 3,,II,100,A,100,Related to but not part of 1,,,
GU131906,3II_A,10625,22,10648,dengue virus type 3,,II,100,A,100,Related to but not part of 1,,,
GU131907,3II_A,10525,22,10546,dengue virus type 3,,II,100,A,100,Related to but not part of 1,,,
GU131908,3II_A,10511,22,10532,dengue virus type 3,,II,100,A,100,Related to but not part of 1,,,
GU131909,3II_A,10509,22,10530,dengue virus type 3,,II,100,A,100,Related to but not part of 1,,,
GU131910,3II_A,10623,36,10659,dengue virus type 3,,II,100,A,100,Related to but not part of 1,,,
GU131911,3II_A,10524,22,10545,dengue virus type 3,,II,100,A,100,Related to but not part of 1,,,
GU131912,3II_A,10522,22,10543,dengue virus type 3,,II,100,A,100,Related to but not part of 1,,,
GU131913,3II_A,10648,22,10665,dengue virus type 3,,II,100,A,100,Related to but not part of 1,,,
GU131914,3II_A,10619,22,10637,dengue virus type 3,,II,100,A,100,Related to but not part of 1,,,
GU131915,3II_A,10523,22,10544,dengue virus type 3,,II,100,A,100,Related to but not part of 1,,,
GU131916,3II_A,10625,22,10646,dengue virus type 3,,II,100,A,100,Related to but not part of 1,,,
GU131917,3II_A,10616,22,10637,dengue virus type 3,,II,100,A,100,Related to but not part of 1,,,
GU131918,3II_A,10497,22,10518,dengue virus type 3,,II,100,A,100,Related to but not part of 1,,,
GU131933,3II_A,10487,22,10508,dengue virus type 3,,II,100,A,100,Related to but not part of 1,,,
GU131934,3II_A,10659,22,10682,dengue virus type 3,,II,100,A,100,Related to but not part of 1,,,
GU131935,3II_A,10637,22,10659,dengue virus type 3,,II,100,A,100,Related to but not part of 1,,,
GU131936,3II_A,10660,22,10682,dengue virus type 3,,II,100,A,100,Related to but not part of 1,,,
GU131937,3II_A,10657,22,10681,dengue virus type 3,,II,100,A,100,Related to but not part of 1,,,
GU131938,3II_A,10647,22,10670,dengue virus type 3,,II,100,A,100,Related to but not part of 1,,,
GU131939,3II_A,10644,22,10664,dengue virus type 3,,II,100,A,100,Related to but not part of 1,,,
GU131940,3II_A,10632,22,10653,dengue virus type 3,,II,100,A,100,Related to but not part of 1,,,
GU131941,3II_A,10638,22,10659,dengue virus type 3,,II,100,A,100,Related to but not part of 1,,,
GU131942,3II_A,10633,22,10659,dengue virus type 3,,II,100,A,100,Related to but not part of 1,,,
GU131943,3II_A,10649,22,10671,dengue virus type 3,,II,100,A,100,Related to but not part of 1,,,
GU131944,3II_A,10656,22,10681,dengue virus type 3,,II,100,A,100,Related to but not part of 1,,,
GU131945,3II_A,10507,22,10528,dengue virus type 3,,II,100,A,100,Related to but not part of 1,,,
GU131946,3II_A,10631,22,10652,dengue virus type 3,,II,100,A,100,Related to but not part of 1,,,
GU131950,3III_C.1,10616,22,10637,dengue virus type 3,,III,100,C,100,1,100,,
GU131951,3III_C.1,10638,22,10659,dengue virus type 3,,III,100,C,100,1,100,,
GU131952,3III_C.1,10638,22,10659,dengue virus type 3,,III,100,C,100,1,100,,
GU131953,3III_C.1,10588,22,10609,dengue virus type 3,,III,100,C,100,1,100,,
GU131954,3III_C.1,10525,22,10546,dengue virus type 3,,III,100,C,100,1,100,,
FJ205870,3III_C.1,10648,37,10684,dengue virus type 3,,III,100,C,100,1,100,,
FJ205871,3III_C,10651,32,10684,dengue virus type 3,,III,100,C,100,Related to but not part of 1,,,
KU509279,3I_C,10312,42,10361,dengue virus type 3,,I,100,C,100,,,,
KU509278,3III_C,10270,33,10302,dengue virus type 3,,III,100,C,100,Related to but not part of 2,,,
FJ373302,3III_C.1,10652,33,10684,dengue virus type 3,,III,100,C,100,1,100,,
FJ373303,3III_C.1,10648,37,10684,dengue virus type 3,,III,100,C,100,1,100,,
FJ373304,3III_C.1,10653,32,10684,dengue virus type 3,,III,100,C,100,1,100,,
FJ373306,3III_C,10648,37,10684,dengue virus type 3,,III,100,C,100,Related to but not part of 1,,,
KU509281,3III,10259,47,10305,dengue virus type 3,,III,100,Related to but not part of B,,,,,
KU509282,3III_B.2,10568,49,10616,dengue virus type 3,,III,100,B,100,2,100,,
KU509283,3III_A.1,10336,34,10369,dengue virus type 3,,III,100,A,100,1,100,,
KU509284,3II_A.3,10490,21,10510,dengue virus type 3,,II,100,A,100,3,100,,
KU509285,3I_A,10492,31,10532,dengue virus type 3,,I,100,A,100,Could not assign,,,
KU509286,3III_B,10493,19,10511,dengue virus type 3,,III,100,B,100,Related to but not part of 2,,,
FJ390372,3III_C,10655,26,10684,dengue virus type 3,,III,100,C,100,Related to but not part of 2,,,
FJ390377,3III_C,10650,35,10684,dengue virus type 3,,III,100,C,100,Related to but not part of 1,,,
FJ410178,3III_C,10647,38,10684,dengue virus type 3,,III,100,C,100,Related to but not part of 1,,,
HM181934,3II_A,10525,22,10546,dengue virus type 3,,II,100,A,100,Related to but not part of 1,,,
HM181935,3II_A,10525,22,10546,dengue virus type 3,,II,100,A,100,Related to but not part of 1,,,
FJ432728,3II_A.1,10638,37,10684,dengue virus type 3,,II,100,A,100,1,100,,
FJ432731,3II_A.1,10638,37,10684,dengue virus type 3,,II,100,A,100,1,100,,
FJ432741,3II_A.1,10638,37,10684,dengue virus type 3,,II,100,A,100,1,100,,
FJ432743,3II_A.1,10648,37,10684,dengue virus type 3,,II,100,A,100,1,100,,
HM181972,3III_C.2,10539,16,10565,dengue virus type 3,,III,100,C,100,2,100,,
HM181973,3III_C.2,10538,16,10564,dengue virus type 3,,III,100,C,100,2,100,,
HM181974,3III_C.2,10540,16,10566,dengue virus type 3,,III,100,C,100,2,100,,
HM181975,3III_C,10539,16,10565,dengue virus type 3,,III,100,C,100,Related to but not part of 2,,,
FJ461322,3II_A.1,10638,37,10684,dengue virus type 3,,II,100,A,100,1,100,,
FJ461337,3II_A.1,10623,37,10669,dengue virus type 3,,II,100,A,100,1,100,,
FJ461338,3II_A.1,10638,37,10684,dengue virus type 3,,II,100,A,100,1,100,,
FJ744700,3III_C.1,10648,37,10684,dengue virus type 3,,III,100,C,100,1,100,,
FJ547066,3II_A.1,10637,38,10684,dengue virus type 3,,II,100,A,100,1,100,,
FJ744726,3II_A,10649,37,10684,dengue virus type 3,,II,100,A,100,Could not assign,,,
FJ547070,3III_C.1,10648,37,10684,dengue virus type 3,,III,100,C,100,1,98,,
FJ547071,3III_C,10648,37,10684,dengue virus type 3,,III,100,C,100,Related to but not part of 1,,,
FJ547073,3III_C,10648,37,10684,dengue virus type 3,,III,100,C,100,Related to but not part of 1,,,
FJ547076,3III_C,10648,37,10684,dengue virus type 3,,III,100,C,100,Related to but not part of 1,,,
FJ547080,3III_C,10648,37,10684,dengue virus type 3,,III,100,C,100,Related to but not part of 1,,,
FJ547081,3III_C.1,10648,37,10684,dengue virus type 3,,III,100,C,100,1,100,,
FJ744727,3II_A,10665,22,10684,dengue virus type 3,,II,100,A,100,Could not assign,,,
FJ547083,3III_C,10649,36,10684,dengue virus type 3,,III,100,C,100,Related to but not part of 2,,,
JN000936,3III_C.2,10537,16,10565,dengue virus type 3,,III,100,C,100,2,100,,
FJ562097,3II_A.1,10648,37,10684,dengue virus type 3,,II,100,A,100,1,100,,
FJ562099,3II_A.1,10651,34,10684,dengue virus type 3,,II,100,A,100,1,100,,
JN000938,3III_C.2,10685,16,10707,dengue virus type 3,,III,100,C,100,2,100,,
FJ562103,3II_A.1,10644,31,10684,dengue virus type 3,,II,100,A,100,1,100,,
FJ744728,3II_A,10664,22,10684,dengue virus type 3,,II,100,A,100,Could not assign,,,
FJ744729,3II_A,10663,22,10684,dengue virus type 3,,II,100,A,100,Could not assign,,,
FJ744730,3II_A,10663,22,10684,dengue virus type 3,,II,100,A,100,Could not assign,,,
FJ744731,3II_A,10663,22,10684,dengue virus type 3,,II,100,A,100,Could not assign,,,
FJ744732,3II_A,10648,22,10669,dengue virus type 3,,II,100,A,100,Could not assign,,,
FJ744733,3II_A,10663,22,10684,dengue virus type 3,,II,100,A,100,Could not assign,,,
FJ744734,3II_A,10663,22,10684,dengue virus type 3,,II,100,A,100,Could not assign,,,
FJ639713,3II_A,10648,37,10684,dengue virus type 3,,II,100,A,100,Related to but not part of 1,,,
FJ639714,3II_A,10649,36,10684,dengue virus type 3,,II,100,A,100,Related to but not part of 1,,,
FJ639715,3II_A,10648,37,10684,dengue virus type 3,,II,100,A,100,Related to but not part of 1,,,
FJ744735,3II_A,10645,22,10666,dengue virus type 3,,II,100,A,100,Could not assign,,,
FJ639719,3II_A,10648,37,10684,dengue virus type 3,,II,100,A,100,Related to but not part of 3,,,
FJ639721,3II_A,10648,37,10684,dengue virus type 3,,II,100,A,100,Related to but not part of 3,,,
FJ639723,3II_A,10648,37,10684,dengue virus type 3,,II,100,A,100,Related to but not part of 3,,,
FJ639725,3II_A,10648,37,10684,dengue virus type 3,,II,100,A,100,Related to but not part of 1,,,
FJ639726,3II_A,10648,37,10684,dengue virus type 3,,II,100,A,100,Related to but not part of 1,,,
FJ639727,3II_A,10648,37,10684,dengue virus type 3,,II,100,A,100,Related to but not part of 1,,,
FJ639728,3II_A,10648,37,10684,dengue virus type 3,,II,100,A,100,Related to but not part of 1,,,
FJ639729,3II_A,10648,37,10684,dengue virus type 3,,II,100,A,100,Related to but not part of 1,,,
FJ639730,3II_A,10648,37,10684,dengue virus type 3,,II,100,A,100,Related to but not part of 1,,,
FJ639749,3III_C.1,10647,38,10684,dengue virus type 3,,III,100,C,100,1,100,,
FJ744736,3II_A,10663,22,10684,dengue virus type 3,,II,100,A,100,Could not assign,,,
FJ639753,3III_C.1,10647,38,10684,dengue virus type 3,,III,100,C,100,1,100,,
FJ639755,3III_C.1,10635,37,10671,dengue virus type 3,,III,100,C,100,1,100,,
FJ639756,3III_C.1,10648,37,10684,dengue virus type 3,,III,100,C,100,1,100,,
FJ639757,3III_C.1,10627,38,10664,dengue virus type 3,,III,100,C,100,1,100,,
FJ639759,3III_C.1,10648,37,10684,dengue virus type 3,,III,100,C,100,1,100,,
FJ639763,3III_C.1,10648,37,10684,dengue virus type 3,,III,100,C,100,1,100,,
FJ639765,3III_C.1,10648,37,10684,dengue virus type 3,,III,100,C,100,1,100,,
FJ639767,3III_C.1,10628,38,10665,dengue virus type 3,,III,100,C,100,1,100,,
FJ639770,3III_C.1,10648,37,10684,dengue virus type 3,,III,100,C,100,1,100,,
FJ639772,3III_C.1,10648,37,10684,dengue virus type 3,,III,100,C,100,1,100,,
FJ744737,3II_A,10661,22,10682,dengue virus type 3,,II,100,A,100,Could not assign,,,
FJ639778,3III_C.1,10649,37,10684,dengue virus type 3,,III,100,C,100,1,100,,
FJ639779,3III_C.1,10633,37,10669,dengue virus type 3,,III,100,C,100,1,100,,
FJ639781,3III_C.1,10648,37,10684,dengue virus type 3,,III,100,C,100,1,100,,
FJ639785,3III_C.1,10648,37,10684,dengue virus type 3,,III,100,C,100,1,100,,
FJ744738,3II_A,10651,22,10672,dengue virus type 3,,II,100,A,100,Could not assign,,,
KJ737429,3II,10707,1,10707,dengue virus type 3,,II,100,Related to but not part of A,,,,,
KJ737430,3II,10707,1,10707,dengue virus type 3,,II,100,Could not assign,,,,,
FJ639786,3III_C.1,10654,31,10684,dengue virus type 3,,III,100,C,100,1,100,,
FJ639790,3III_C.1,10654,32,10684,dengue virus type 3,,III,100,C,100,1,100,,
FJ639792,3III_C.1,10636,37,10672,dengue virus type 3,,III,100,C,100,1,100,,
FJ744740,3II_A,10648,37,10684,dengue virus type 3,,II,100,A,100,Could not assign,,,
FJ639798,3III_C.1,10648,37,10684,dengue virus type 3,,III,100,C,100,1,100,,
FJ639801,3III_C.1,10648,37,10684,dengue virus type 3,,III,100,C,100,1,100,,
FJ639803,3III_C.1,10648,37,10684,dengue virus type 3,,III,100,C,100,1,100,,
FJ639807,3III_C.1,10648,37,10684,dengue virus type 3,,III,100,C,100,1,100,,
FJ639810,3III_C.1,10648,37,10684,dengue virus type 3,,III,100,C,100,1,100,,
FJ744739,3II_A,10630,37,10666,dengue virus type 3,,II,100,A,100,Could not assign,,,
FJ639816,3III_C.1,10648,37,10684,dengue virus type 3,,III,100,C,100,1,100,,
FJ639817,3III_C.1,10649,37,10684,dengue virus type 3,,III,100,C,100,1,100,,
FJ639825,3III_C.1,10648,37,10684,dengue virus type 3,,III,100,C,100,1,100,,
FJ639826,3III_C.1,10654,32,10684,dengue virus type 3,,III,100,C,100,1,100,,
FJ639827,3III_C.1,10635,37,10670,dengue virus type 3,,III,100,C,100,1,100,,
JN093513,3III_C.2,10690,16,10707,dengue virus type 3,,III,100,C,100,2,100,,
JN093514,3III_C.2,10580,2,10597,dengue virus type 3,,III,100,C,100,2,100,,
FJ687448,3II_A,10629,35,10663,dengue virus type 3,,II,100,A,100,Could not assign,,,
JN183884,3III_C.2,10539,16,10565,dengue virus type 3,,III,100,C,100,2,100,,
JX669489,3III_C,10709,1,10707,dengue virus type 3,,III,100,C,100,Related to but not part of 2,,,
JX669490,3III_C,10707,1,10707,dengue virus type 3,,III,100,C,100,Related to but not part of 2,,,
JX669491,3III_C,10708,1,10707,dengue virus type 3,,III,100,C,100,Related to but not part of 2,,,
AB189125,3I_A,10707,1,10707,dengue virus type 3,,I,100,A,100,Could not assign,,,
JX669493,3III_C,10709,1,10707,dengue virus type 3,,III,100,C,100,Related to but not part of 2,,,
JX669495,3III_C,10707,1,10707,dengue virus type 3,,III,100,C,100,Related to but not part of 2,,,
JX669497,3III_C,10709,1,10707,dengue virus type 3,,III,100,C,100,Related to but not part of 2,,,
JX669498,3III_C,10707,1,10707,dengue virus type 3,,III,100,C,100,Related to but not part of 2,,,
JX669499,3III_C,10707,1,10707,dengue virus type 3,,III,100,C,100,Related to but not part of 2,,,
JX669501,3III_C,10707,1,10707,dengue virus type 3,,III,100,C,100,Related to but not part of 2,,,
JX669502,3III_C,10705,1,10705,dengue virus type 3,,III,100,C,100,Related to but not part of 2,,,
AB189127,3I_A,10707,1,10707,dengue virus type 3,,I,100,A,100,Could not assign,,,
JX669503,3III_C,10707,1,10707,dengue virus type 3,,III,100,C,100,Related to but not part of 2,,,
JX669504,3III_C,10707,1,10707,dengue virus type 3,,III,100,C,100,Related to but not part of 2,,,
JX669505,3III_C,10707,1,10707,dengue virus type 3,,III,100,C,100,Related to but not part of 2,,,
KF921916,3III_C.2,10534,19,10564,dengue virus type 3,,III,100,C,100,2,100,,
JX669508,3III_C,10708,1,10707,dengue virus type 3,,III,100,C,100,Related to but not part of 2,,,
AB189126,3I_A,10707,1,10707,dengue virus type 3,,I,100,A,100,Could not assign,,,
AB189128,3I_A,10707,1,10707,dengue virus type 3,,I,100,A,100,Could not assign,,,
KM190937,3V,10267,15,10281,dengue virus type 3,,V,100,,,,,,
KF954945,3III_B.3,10686,22,10707,dengue virus type 3,,III,100,B,100,3,100,,
KF954946,3III_B.3,10686,22,10707,dengue virus type 3,,III,100,B,100,3,100,,
KF954949,3III_B.3,10677,17,10693,dengue virus type 3,,III,100,B,100,3,100,,
HM631854,3II_A,10665,22,10684,dengue virus type 3,,II,100,A,100,Related to but not part of 1,,,
KF955332,3II_A,10688,19,10706,dengue virus type 3,,II,100,A,100,Related to but not part of 3,,,
KF955333,3II_A,10502,22,10523,dengue virus type 3,,II,100,A,100,Related to but not part of 1,,,
HM631856,3III_C.2,10495,18,10528,dengue virus type 3,,III,100,C,100,2,100,,
HM631858,3III_C.2,10539,16,10565,dengue virus type 3,,III,100,C,100,2,100,,
HM631857,3III_C.2,10539,16,10565,dengue virus type 3,,III,100,C,100,2,100,,
KF955453,3III_C.1,10511,36,10546,dengue virus type 3,,III,100,C,100,1,100,,
KF955456,3III_C.1,10645,38,10683,dengue virus type 3,,III,100,C,100,1,100,,
KF955457,3II_A.1,10636,38,10684,dengue virus type 3,,II,100,A,100,1,100,,
KF955458,3II_A.1,10640,35,10684,dengue virus type 3,,II,100,A,100,1,100,,
KF955462,3II_A,10810,1,10585,dengue virus type 3,,II,100,A,100,Related to but not part of 3,,,
KF955465,3III_C,10614,70,10683,dengue virus type 3,,III,100,C,100,Related to but not part of 1,,,
HM631859,3III_C.2,10539,16,10565,dengue virus type 3,,III,100,C,100,2,100,,
KF955468,3III_C,10640,71,10707,dengue virus type 3,,III,100,C,100,Related to but not part of 1,,,
KF955471,3III_C.1,10525,22,10546,dengue virus type 3,,III,100,C,100,1,100,,
KF955472,3III_C.1,10639,22,10659,dengue virus type 3,,III,100,C,100,1,100,,
KF955473,3III_C,10459,22,10482,dengue virus type 3,,III,100,C,100,Related to but not part of 2,,,
KF955474,3III,10663,22,10684,dengue virus type 3,,III,100,Could not assign,,,,,
KF955477,3II,10525,22,10546,dengue virus type 3,,II,100,Could not assign,,,,,
HM631860,3III_C.2,10538,17,10565,dengue virus type 3,,III,100,C,100,2,100,,
KF955479,3III_C.1,10638,22,10659,dengue virus type 3,,III,100,C,100,1,100,,
KF955487,3III_C.1,10638,22,10659,dengue virus type 3,,III,100,C,100,1,100,,
HM631861,3III_C,10534,16,10560,dengue virus type 3,,III,100,C,100,Related to but not part of 2,,,
KF955505,3III_C,10653,22,10676,dengue virus type 3,,III,100,C,100,Related to but not part of 2,,,
HM631862,3III_C.2,10539,16,10566,dengue virus type 3,,III,100,C,100,2,100,,
HM631863,3III_C.2,10540,16,10565,dengue virus type 3,,III,100,C,100,2,100,,
HM631864,3III_C.2,10539,16,10565,dengue virus type 3,,III,100,C,100,2,100,,
KF973476,3III_C.2,10696,1,10707,dengue virus type 3,,III,100,C,100,2,100,,
KF973477,3III_C.2,10512,71,10593,dengue virus type 3,,III,100,C,100,2,100,,
KF973478,3III_C.2,10584,1,10595,dengue virus type 3,,III,100,C,100,2,100,,
KF973481,3III_C.2,10644,1,10655,dengue virus type 3,,III,100,C,100,2,100,,
HM631869,3III_C.2,10539,16,10565,dengue virus type 3,,III,100,C,100,2,100,,
KF973482,3III_C.2,10584,1,10595,dengue virus type 3,,III,100,C,100,2,100,,
KF973487,3III_C.2,10569,1,10580,dengue virus type 3,,III,100,C,100,2,100,,
EU482453,3II_A.1,10653,22,10684,dengue virus type 3,,II,100,A,100,1,100,,
EU482454,3II_A,10663,22,10684,dengue virus type 3,,II,100,A,100,Related to but not part of 1,,,
EU482455,3II_A.1,10653,22,10684,dengue virus type 3,,II,100,A,100,1,100,,
EU482457,3II_A,10663,22,10684,dengue virus type 3,,II,100,A,100,Related to but not part of 1,,,
EU482456,3II_A.1,10648,37,10684,dengue virus type 3,,II,100,A,100,1,100,,
EU482555,3III_C,10648,37,10684,dengue virus type 3,,III,100,C,100,Related to but not part of 2,,,
EU482563,3III_C.1,10648,37,10684,dengue virus type 3,,III,100,C,100,1,100,,
EU482564,3III_C,10648,37,10684,dengue virus type 3,,III,100,C,100,Related to but not part of 2,,,
EU482566,3III_C,10648,37,10684,dengue virus type 3,,III,100,C,100,Related to but not part of 1,,,
EU482596,3III_C,10663,22,10684,dengue virus type 3,,III,100,C,100,Related to but not part of 1,,,
EU482612,3III_C.1,10649,36,10684,dengue virus type 3,,III,100,C,100,1,100,,
EU482613,3III_C.1,10648,37,10684,dengue virus type 3,,III,100,C,100,1,100,,
GU363549,3III_B.2,10707,1,10707,dengue virus type 3,,III,100,B,100,2,100,,
KJ189257,3III_C,10693,15,10707,dengue virus type 3,,III,100,C,100,Related to but not part of 2,,,
KJ189258,3III_C,10692,16,10707,dengue virus type 3,,III,100,C,100,Related to but not part of 2,,,
KJ189259,3III_C,10692,16,10707,dengue virus type 3,,III,100,C,100,Related to but not part of 2,,,
KJ189260,3III_C,10692,16,10707,dengue virus type 3,,III,100,C,100,Related to but not part of 2,,,
KJ189261,3III_C,10685,12,10707,dengue virus type 3,,III,100,C,100,Related to but not part of 2,,,
KJ189262,3III_C,10692,16,10707,dengue virus type 3,,III,100,C,100,Related to but not part of 2,,,
KJ189263,3III_C,10693,15,10707,dengue virus type 3,,III,100,C,100,Related to but not part of 2,,,
KJ189264,3III_C,10693,15,10707,dengue virus type 3,,III,100,C,100,Related to but not part of 2,,,
KJ189266,3III_C,10696,12,10707,dengue virus type 3,,III,100,C,100,Related to but not part of 2,,,
KJ189267,3III_C,10693,15,10707,dengue virus type 3,,III,100,C,100,Related to but not part of 2,,,
KJ189270,3III_C,10693,15,10707,dengue virus type 3,,III,100,C,100,Related to but not part of 2,,,
KJ189273,3III_C,10693,15,10707,dengue virus type 3,,III,100,C,100,Related to but not part of 2,,,
KJ189274,3III_C,10695,15,10707,dengue virus type 3,,III,100,C,100,Related to but not part of 2,,,
KJ189275,3III_C,10698,15,10707,dengue virus type 3,,III,100,C,100,Related to but not part of 2,,,
KJ189276,3III_C,10693,15,10707,dengue virus type 3,,III,100,C,100,Related to but not part of 2,,,
KJ189278,3III_C,10694,16,10707,dengue virus type 3,,III,100,C,100,Related to but not part of 2,,,
KJ189279,3III_C,10692,16,10707,dengue virus type 3,,III,100,C,100,Related to but not part of 2,,,
KJ189280,3III_C,10692,16,10707,dengue virus type 3,,III,100,C,100,Related to but not part of 2,,,
KJ189281,3III_C,10692,16,10707,dengue virus type 3,,III,100,C,100,Related to but not part of 2,,,
KJ189282,3III_C,10695,16,10707,dengue virus type 3,,III,100,C,100,Related to but not part of 2,,,
KJ189283,3III_C,10693,15,10707,dengue virus type 3,,III,100,C,100,Related to but not part of 2,,,
KJ189284,3III_C,10693,15,10707,dengue virus type 3,,III,100,C,100,Related to but not part of 2,,,
KJ189285,3III_C,10692,16,10707,dengue virus type 3,,III,100,C,100,Related to but not part of 2,,,
KJ189287,3III_C,10694,15,10707,dengue virus type 3,,III,100,C,100,Related to but not part of 2,,,
KJ189288,3III_C,10697,16,10707,dengue virus type 3,,III,100,C,100,Related to but not part of 2,,,
KJ189290,3III_C,10692,16,10707,dengue virus type 3,,III,100,C,100,Related to but not part of 2,,,
KJ189291,3III_C,10692,16,10707,dengue virus type 3,,III,100,C,100,Related to but not part of 2,,,
KJ189294,3III_C,10692,16,10707,dengue virus type 3,,III,100,C,100,Related to but not part of 2,,,
KJ189295,3III_C,10694,15,10707,dengue virus type 3,,III,100,C,100,Related to but not part of 2,,,
KJ189297,3III_C,10692,16,10707,dengue virus type 3,,III,100,C,100,Related to but not part of 2,,,
KJ189298,3III_C,10692,16,10707,dengue virus type 3,,III,100,C,100,Related to but not part of 2,,,
KJ189299,3III_C,10692,16,10707,dengue virus type 3,,III,100,C,100,Related to but not part of 2,,,
KJ189301,3III_C,10693,15,10707,dengue virus type 3,,III,100,C,100,Related to but not part of 2,,,
EU529683,3III_C.1,10649,37,10684,dengue virus type 3,,III,100,C,100,1,100,,
EU529685,3III_C.1,10648,37,10684,dengue virus type 3,,III,100,C,100,1,100,,
EU529686,3III_C.1,10648,37,10684,dengue virus type 3,,III,100,C,100,1,100,,
EU529687,3III_C.1,10648,37,10684,dengue virus type 3,,III,100,C,100,1,100,,
EU529690,3III_C.1,10648,37,10684,dengue virus type 3,,III,100,C,100,1,100,,
EU529691,3III_C,10648,37,10684,dengue virus type 3,,III,100,C,100,Related to but not part of 2,,,
EU529692,3III_C,10648,37,10684,dengue virus type 3,,III,100,C,100,Related to but not part of 2,,,
EU529696,3III_C,10651,34,10684,dengue virus type 3,,III,100,C,100,Related to but not part of 2,,,
EU529697,3III_C.1,10648,37,10684,dengue virus type 3,,III,100,C,100,1,100,,
EU529698,3III_C.1,10648,37,10684,dengue virus type 3,,III,100,C,100,1,100,,
EU529702,3III_C,10649,37,10684,dengue virus type 3,,III,100,C,100,Related to but not part of 1,,,
EU529704,3III_C,10649,37,10684,dengue virus type 3,,III,100,C,100,Related to but not part of 2,,,
EU529705,3III_C,10648,37,10684,dengue virus type 3,,III,100,C,100,Related to but not part of 1,,,
JN697379,3V,10696,1,10707,dengue virus type 3,,V,100,,,,,,
EU569688,3III_C.1,10648,37,10684,dengue virus type 3,,III,100,C,100,1,100,,
EU569689,3III_C.1,10648,37,10684,dengue virus type 3,,III,100,C,100,1,100,,
EU596492,3III_C.1,10648,37,10684,dengue virus type 3,,III,100,C,100,1,100,,
EU596493,3III_C.1,10648,37,10684,dengue virus type 3,,III,100,C,100,1,100,,
EU596494,3III_C.1,10648,37,10684,dengue virus type 3,,III,100,C,100,1,100,,
AB214879,3I_A,10707,22,10686,dengue virus type 3,,I,100,A,100,Could not assign,,,
AB214880,3I_A,10707,22,10686,dengue virus type 3,,I,100,A,100,Could not assign,,,
AB214882,3I_A,10707,22,10686,dengue virus type 3,,I,100,A,100,Could not assign,,,
EU660408,3II_A.1,10653,22,10684,dengue virus type 3,,II,100,A,100,1,100,,
EU660410,3II_A.1,10653,22,10684,dengue virus type 3,,II,100,A,100,1,100,,
EU660411,3II_A.1,10663,22,10684,dengue virus type 3,,II,100,A,100,1,100,,
AB214881,3I_A,10707,22,10686,dengue virus type 3,,I,100,A,100,Could not assign,,,
EU660420,3III_C.1,10663,22,10684,dengue virus type 3,,III,100,C,100,1,100,,
GU370052,3I_A,10250,95,10343,dengue virus type 3,,I,100,A,100,Could not assign,,,
GU370053,3III_A.2,10248,95,10342,dengue virus type 3,,III,100,A,100,2,100,,
EU687196,3III_C.1,10653,32,10684,dengue virus type 3,,III,100,C,100,1,90,,
EU687197,3III_C,10659,27,10684,dengue virus type 3,,III,100,C,100,Related to but not part of 1,,,
EU687198,3III_C.1,10675,11,10684,dengue virus type 3,,III,100,C,100,1,100,,
EU687233,3III_C.1,10653,35,10684,dengue virus type 3,,III,100,C,100,1,100,,
EU687234,3III_C,10645,37,10684,dengue virus type 3,,III,100,C,100,Related to but not part of 1,,,
EU687239,3III_C.1,10648,37,10684,dengue virus type 3,,III,100,C,100,1,100,,
JQ045690,3II_A.1,10665,22,10685,dengue virus type 3,,II,100,A,100,1,100,,
JQ045691,3II_A.1,10665,22,10685,dengue virus type 3,,II,100,A,100,1,100,,
JQ045692,3II_A.1,10665,22,10685,dengue virus type 3,,II,100,A,100,1,100,,
JQ045693,3II_A.1,10638,22,10672,dengue virus type 3,,II,100,A,100,1,100,,
JQ045694,3II_A.1,10665,22,10685,dengue virus type 3,,II,100,A,100,1,100,,
JQ045695,3II_A.1,10665,22,10685,dengue virus type 3,,II,100,A,100,1,100,,
EU726769,3III_C,10648,37,10684,dengue virus type 3,,III,100,C,100,Related to but not part of 1,,,
EU726773,3III_C,10650,35,10684,dengue virus type 3,,III,100,C,100,Related to but not part of 1,,,
EU726774,3III_C,10648,37,10684,dengue virus type 3,,III,100,C,100,Related to but not part of 1,,,
EU781136,3III_C,10648,37,10684,dengue virus type 3,,III,100,C,100,Related to but not part of 1,,,
EU781137,3III_C,10648,37,10684,dengue virus type 3,,III,100,C,100,Related to but not part of 1,,,
EU854292,3III_C,10648,37,10684,dengue virus type 3,,III,100,C,100,Related to but not part of 2,,,
EU854291,3III_C.1,10648,37,10684,dengue virus type 3,,III,100,C,100,1,100,,
EU854298,3III_C,10640,37,10684,dengue virus type 3,,III,100,C,100,Related to but not part of 1,,,
EU932687,3III_C.1,10664,13,10676,dengue virus type 3,,III,100,C,100,1,100,,
EU932688,3III_C.1,10663,37,10694,dengue virus type 3,,III,100,C,100,1,100,,
JQ920476,3I_B,10671,16,10686,dengue virus type 3,,I,100,B,100,,,,
JQ920477,3I_B,10671,16,10686,dengue virus type 3,,I,100,B,100,,,,
JQ920478,3I_B,10671,16,10686,dengue virus type 3,,I,100,B,100,,,,
JQ920479,3I_B,10671,16,10686,dengue virus type 3,,I,100,B,100,,,,
JQ920480,3I_B,10671,16,10686,dengue virus type 3,,I,100,B,100,,,,
JQ920481,3I_B,10671,16,10686,dengue virus type 3,,I,100,B,100,,,,
JQ920482,3I_B,10671,16,10686,dengue virus type 3,,I,100,B,100,,,,
JQ920483,3I_B,10671,16,10686,dengue virus type 3,,I,100,B,100,,,,
JQ920484,3I_B,10671,16,10686,dengue virus type 3,,I,100,B,100,,,,
JQ920485,3I_B,10663,24,10686,dengue virus type 3,,I,100,B,100,,,,
JQ920486,3I_B,10671,16,10686,dengue virus type 3,,I,100,B,100,,,,
JQ920487,3I_B,10671,16,10686,dengue virus type 3,,I,100,B,100,,,,
JQ920488,3I_B,10671,16,10686,dengue virus type 3,,I,100,B,100,,,,
JQ920489,3I_B,10671,16,10686,dengue virus type 3,,I,100,B,100,,,,
JQ922554,3V,10654,3,10667,dengue virus type 3,,V,100,,,,,,
JQ922555,3III,10663,37,10699,dengue virus type 3,,III,100,Could not assign,,,,,
JQ922556,3III_B.1,10652,22,10673,dengue virus type 3,,III,100,B,100,1,100,,
JQ922557,3III_B.1,10657,37,10693,dengue virus type 3,,III,100,B,100,1,100,,
KJ622191,3II_B,10710,1,10707,dengue virus type 3,,II,100,B,100,,,,
KJ622192,3II_B,10710,1,10707,dengue virus type 3,,II,100,B,100,,,,
KJ622193,3II_B,10706,1,10706,dengue virus type 3,,II,100,B,100,,,,
KJ622194,3II_B,10711,1,10707,dengue virus type 3,,II,100,B,100,,,,
KJ622195,3II_B,10711,1,10707,dengue virus type 3,,II,100,B,100,,,,
KJ622196,3II_B,10710,1,10707,dengue virus type 3,,II,100,B,100,,,,
KJ622197,3II_B,10710,1,10707,dengue virus type 3,,II,100,B,100,,,,
KJ622198,3II_B,10710,1,10707,dengue virus type 3,,II,100,B,100,,,,
KJ622199,3II_B,10710,1,10707,dengue virus type 3,,II,100,B,100,,,,
KJ643590,3III_C,10692,16,10707,dengue virus type 3,,III,100,C,100,Related to but not part of 2,,,
FJ024465,3III_C.1,10648,37,10684,dengue virus type 3,,III,100,C,100,1,100,,
FJ024466,3III_C.1,10650,35,10684,dengue virus type 3,,III,100,C,100,1,100,,
FJ024467,3III_C,10645,37,10684,dengue virus type 3,,III,100,C,100,Related to but not part of 2,,,
FJ024468,3III_C,10648,37,10684,dengue virus type 3,,III,100,C,100,Related to but not part of 2,,,
FJ024469,3III_C,10648,37,10684,dengue virus type 3,,III,100,C,100,Related to but not part of 2,,,
FJ024470,3III_C,10626,37,10661,dengue virus type 3,,III,100,C,100,Related to but not part of 2,,,
FJ024471,3III_C,10649,37,10684,dengue virus type 3,,III,100,C,100,Related to but not part of 2,,,
EF643017,3III_C,10707,1,10707,dengue virus type 3,,III,100,C,100,Related to but not part of 2,,,
FJ182004,3III_C.1,10648,37,10684,dengue virus type 3,,III,100,C,100,1,100,,
FJ182005,3III_C,10650,35,10684,dengue virus type 3,,III,100,C,100,Related to but not part of 1,,,
FJ182006,3III_C,10648,37,10684,dengue virus type 3,,III,100,C,100,Related to but not part of 2,,,
FJ182007,3III_C.1,10648,37,10684,dengue virus type 3,,III,100,C,100,1,100,,
FJ182008,3III_C,10648,37,10684,dengue virus type 3,,III,100,C,100,Related to but not part of 2,,,
FJ182009,3III_C.1,10648,37,10684,dengue virus type 3,,III,100,C,100,1,100,,
FJ182010,3III_C.1,10648,37,10684,dengue virus type 3,,III,100,C,100,1,100,,
FJ182011,3III_C.1,10650,35,10684,dengue virus type 3,,III,100,C,100,1,100,,
FJ182013,3III_C,10648,37,10684,dengue virus type 3,,III,100,C,100,Related to but not part of 1,,,
FJ182015,3III_C.1,10648,37,10684,dengue virus type 3,,III,100,C,100,1,100,,
FJ182037,3III_C.1,10648,37,10684,dengue virus type 3,,III,100,C,100,1,100,,
FJ182038,3III_C,10648,37,10684,dengue virus type 3,,III,100,C,100,Related to but not part of 2,,,
FJ182039,3III_C.1,10648,37,10684,dengue virus type 3,,III,100,C,100,1,100,,
FJ182040,3III_C.1,10652,33,10684,dengue virus type 3,,III,100,C,100,1,100,,
FJ182041,3III_C.1,10648,37,10684,dengue virus type 3,,III,100,C,100,1,100,,
LC379193,3III_B.2,10663,22,10684,dengue virus type 3,,III,100,B,100,2,100,,
LC379194,3III_B.2,10663,22,10684,dengue virus type 3,,III,100,B,100,2,100,,
LC379195,3III_B.2,10663,22,10684,dengue virus type 3,,III,100,B,100,2,100,,
LC379196,3III_B.2,10663,22,10684,dengue virus type 3,,III,100,B,100,2,100,,
HM756274,3III_C.2,10537,16,10563,dengue virus type 3,,III,100,C,100,2,100,,
LC379197,3III_B.2,10641,27,10667,dengue virus type 3,,III,100,B,100,2,100,,
HM756275,3III_C.2,10531,16,10557,dengue virus type 3,,III,100,C,100,2,100,,
HM756276,3III_C.2,10539,16,10565,dengue virus type 3,,III,100,C,100,2,100,,
HM756277,3III_C.2,10540,15,10565,dengue virus type 3,,III,100,C,100,2,100,,
HM756278,3III_C.2,10541,15,10566,dengue virus type 3,,III,100,C,100,2,100,,
HM756279,3III_C.2,10539,15,10564,dengue virus type 3,,III,100,C,100,2,100,,
HM756280,3III_C.2,10540,15,10565,dengue virus type 3,,III,100,C,100,2,100,,
LC410192,3III_B.1,10667,21,10686,dengue virus type 3,,III,100,B,100,1,100,,
LC410193,3III_B.1,10667,21,10686,dengue virus type 3,,III,100,B,100,1,100,,
LC410194,3III_B.1,10668,21,10686,dengue virus type 3,,III,100,B,100,1,100,,
LC410195,3III_B.1,10667,21,10686,dengue virus type 3,,III,100,B,100,1,100,,
HM756281,3III_C.2,10540,15,10565,dengue virus type 3,,III,100,C,100,2,100,,
HM756282,3III_C.2,10539,16,10565,dengue virus type 3,,III,100,C,100,2,100,,
LC436676,3I_A.2,10666,21,10686,dengue virus type 3,,I,100,A,100,2,100,,
LC436677,3I_A.2,10666,21,10686,dengue virus type 3,,I,100,A,100,2,100,,
FJ810413,3II_A,10664,22,10684,dengue virus type 3,,II,100,A,100,Could not assign,,,
FJ810414,3II_A,10663,22,10684,dengue virus type 3,,II,100,A,100,Could not assign,,,
FJ810416,3III_C.1,10649,22,10671,dengue virus type 3,,III,100,C,100,1,100,,
FJ850048,3III_C.2,10652,22,10684,dengue virus type 3,,III,100,C,100,2,100,,
FJ850049,3III_C.2,10652,22,10684,dengue virus type 3,,III,100,C,100,2,100,,
FJ850052,3III_C.2,10652,22,10684,dengue virus type 3,,III,100,C,100,2,100,,
FJ850055,3III_C.1,10648,37,10684,dengue virus type 3,,III,100,C,100,1,100,,
FJ850056,3III_C,10649,37,10684,dengue virus type 3,,III,100,C,100,Related to but not part of 2,,,
FJ850079,3III_C.1,10663,22,10684,dengue virus type 3,,III,100,C,100,1,100,,
FJ850080,3III_C,10663,22,10684,dengue virus type 3,,III,100,C,100,Related to but not part of 2,,,
FJ850083,3III_C,10663,22,10684,dengue virus type 3,,III,100,C,100,Related to but not part of 2,,,
FJ850086,3III_C,10652,22,10673,dengue virus type 3,,III,100,C,100,Related to but not part of 2,,,
FJ850089,3III_C,10652,22,10673,dengue virus type 3,,III,100,C,100,Related to but not part of 2,,,
FJ850092,3III_C,10648,22,10670,dengue virus type 3,,III,100,C,100,Related to but not part of 2,,,
FJ850094,3III_C,10662,22,10684,dengue virus type 3,,III,100,C,100,Related to but not part of 2,,,
MH544647,3III_C,10707,1,10707,dengue virus type 3,,III,100,C,100,Related to but not part of 2,,,
MH544649,3III_C.1,10707,1,10706,dengue virus type 3,,III,100,C,100,1,100,,
MH544650,3III_C.1,10708,1,10707,dengue virus type 3,,III,100,C,100,1,100,,
MH544651,3III_C,10706,1,10707,dengue virus type 3,,III,100,C,100,Related to but not part of 2,,,
FJ850096,3III_C.1,10648,37,10684,dengue virus type 3,,III,100,C,100,1,100,,
KU509280,3II_A.3,10261,45,10305,dengue virus type 3,,II,100,A,100,3,100,,
FJ850097,3III_C.1,10663,22,10684,dengue virus type 3,,III,100,C,100,1,100,,
FJ850098,3III_C.1,10650,22,10671,dengue virus type 3,,III,100,C,100,1,100,,
MK858149,3III_B,10707,1,10707,dengue virus type 3,,III,100,B,100,Could not assign,,,
MK858150,3III_B.3,10709,1,10707,dengue virus type 3,,III,100,B,100,3,100,,
MK858151,3III_B.3,10650,60,10707,dengue virus type 3,,III,100,B,100,3,100,,
MK858152,3III_B.3,10709,1,10707,dengue virus type 3,,III,100,B,100,3,100,,
MK858153,3III_B.3,10708,1,10707,dengue virus type 3,,III,100,B,100,3,100,,
MK858154,3III_B.3,10649,60,10707,dengue virus type 3,,III,100,B,100,3,100,,
MF370226,3III_B.1,10627,40,10666,dengue virus type 3,,III,100,B,100,1,100,,
MN018367,3III_B.1,10708,1,10707,dengue virus type 3,,III,100,B,100,1,100,,
MN018368,3III_B.3,10708,1,10707,dengue virus type 3,,III,100,B,100,3,100,,
MN018369,3II_B,10708,1,10707,dengue virus type 3,,II,100,B,100,,,,
MN018370,3I_A,10708,1,10707,dengue virus type 3,,I,100,A,100,Could not assign,,,
MN018371,3III_B.1,10708,1,10707,dengue virus type 3,,III,100,B,100,1,100,,
MN018372,3III_B.1,10708,1,10707,dengue virus type 3,,III,100,B,100,1,100,,
MN018373,3I_A,10708,1,10707,dengue virus type 3,,I,100,A,100,Could not assign,,,
MN018374,3I_A,10708,1,10707,dengue virus type 3,,I,100,A,100,Could not assign,,,
MN018375,3III_B.1,10708,1,10707,dengue virus type 3,,III,100,B,100,1,100,,
MN018376,3III_B.1,10708,1,10707,dengue virus type 3,,III,100,B,100,1,100,,
MN018377,3I_A.2,10708,1,10707,dengue virus type 3,,I,100,A,100,2,100,,
MN018378,3III_B.1,10708,1,10707,dengue virus type 3,,III,100,B,100,1,100,,
MN018379,3I_C,10708,1,10707,dengue virus type 3,,I,100,C,100,,,,
MN018380,3I_C,10708,1,10707,dengue virus type 3,,I,100,C,100,,,,
MN018381,3III_B.1,10708,1,10707,dengue virus type 3,,III,100,B,100,1,100,,
MN018382,3I_A,10708,1,10707,dengue virus type 3,,I,100,A,100,Could not assign,,,
MN018383,3I_A,10708,1,10707,dengue virus type 3,,I,100,A,100,Could not assign,,,
MN018384,3I_A,10708,1,10707,dengue virus type 3,,I,100,A,100,Could not assign,,,
MN018385,3III_B.3,10708,1,10707,dengue virus type 3,,III,100,B,100,3,100,,
MN018386,3III_B.3,10708,1,10707,dengue virus type 3,,III,100,B,100,3,100,,
MN018387,3I_A.1,10708,1,10707,dengue virus type 3,,I,100,A,100,1,100,,
MN018388,3I_A.2,10708,1,10707,dengue virus type 3,,I,100,A,100,2,100,,
MN018389,3I_C,10708,1,10707,dengue virus type 3,,I,100,C,100,,,,
FJ850109,3III_C.1,10645,22,10666,dengue virus type 3,,III,100,C,100,1,100,,
FJ850110,3III_C.1,10663,22,10684,dengue virus type 3,,III,100,C,100,1,100,,
FJ850111,3III_C.1,10663,22,10684,dengue virus type 3,,III,100,C,100,1,100,,
KF041255,3III_B,10675,1,10675,dengue virus type 3,,III,100,B,100,Could not assign,,,
MN083245,3I_A,10173,95,10267,dengue virus type 3,,I,100,A,100,Could not assign,,,
MN083246,3I_A.1,10173,95,10267,dengue virus type 3,,I,100,A,100,1,100,,
KF041254,3III_B,10675,1,10675,dengue virus type 3,,III,100,B,100,Could not assign,,,
KF041256,3III_B,10675,1,10675,dengue virus type 3,,III,100,B,100,Could not assign,,,
KF041257,3III_B,10675,1,10675,dengue virus type 3,,III,100,B,100,Could not assign,,,
KF041258,3III_B,10675,1,10675,dengue virus type 3,,III,100,B,100,Could not assign,,,
KF041259,3III_B,10675,1,10675,dengue virus type 3,,III,100,B,100,Could not assign,,,
HQ166030,3III_C.2,10540,16,10566,dengue virus type 3,,III,100,C,100,2,100,,
HQ166031,3III_C.2,10539,16,10565,dengue virus type 3,,III,100,C,100,2,100,,
HQ166032,3III_C.2,10538,16,10564,dengue virus type 3,,III,100,C,100,2,100,,
KY670634,3II_A,10652,26,10677,dengue virus type 3,,II,100,A,100,Related to but not part of 1,,,
HQ166033,3III_C.2,10539,16,10565,dengue virus type 3,,III,100,C,100,2,100,,
MT921574,3I_C,10697,11,10707,dengue virus type 3,,I,100,C,100,,,,
HQ166034,3III_C.2,10538,16,10565,dengue virus type 3,,III,100,C,100,2,100,,
MH822957,3III_B,10579,1,10579,dengue virus type 3,,III,100,B,100,Related to but not part of 2,,,
MH823209,3I_A.1,10707,1,10707,dengue virus type 3,,I,100,A,100,1,94,,
KY794786,3I_A,10643,18,10660,dengue virus type 3,,I,100,A,100,Could not assign,,,
KY794787,3I_A,10617,44,10660,dengue virus type 3,,I,100,A,100,Could not assign,,,
KY794788,3I_A,10590,72,10661,dengue virus type 3,,I,100,A,100,Could not assign,,,
KY794789,3I_A,10634,29,10662,dengue virus type 3,,I,100,A,100,Could not assign,,,
KY794790,3I_A,10634,28,10662,dengue virus type 3,,I,100,A,100,Could not assign,,,
FJ873812,3III_C.2,10638,22,10670,dengue virus type 3,,III,100,C,100,2,100,,
FJ873813,3III_C.2,10637,37,10684,dengue virus type 3,,III,100,C,100,2,100,,
FJ882571,3III,10644,22,10665,dengue virus type 3,,III,100,Could not assign,,,,,
FJ882572,3III,10663,22,10684,dengue virus type 3,,III,100,Could not assign,,,,,
FJ882573,3III_A,10663,22,10684,dengue virus type 3,,III,100,A,100,Could not assign,,,
FJ882574,3III,10651,33,10684,dengue virus type 3,,III,100,Could not assign,,,,,
KY849769,3II_B,10645,25,10669,dengue virus type 3,,II,100,B,100,,,,
KY849770,3II_B,10659,25,10683,dengue virus type 3,,II,100,B,100,,,,
KY849771,3II_B,10659,25,10683,dengue virus type 3,,II,100,B,100,,,,
KY849772,3II_B,10659,25,10683,dengue virus type 3,,II,100,B,100,,,,
KY849773,3II_B,10659,25,10683,dengue virus type 3,,II,100,B,100,,,,
KY849774,3II_B,10660,25,10683,dengue virus type 3,,II,100,B,100,,,,
KY849775,3II_B,10659,25,10683,dengue virus type 3,,II,100,B,100,,,,
FJ882575,3III,10663,22,10684,dengue virus type 3,,III,100,Related to but not part of C,,,,,
FJ882576,3III_C,10663,22,10684,dengue virus type 3,,III,100,C,100,Could not assign,,,
FJ882577,3III_C.1,10661,22,10682,dengue virus type 3,,III,100,C,100,1,100,,
FJ882578,3III_C.1,10663,22,10684,dengue virus type 3,,III,100,C,100,1,100,,
KX380839,3I_A,10674,33,10707,dengue virus type 3,,I,100,A,100,Could not assign,,,
KX380840,3I_A,10674,33,10707,dengue virus type 3,,I,100,A,100,Could not assign,,,
KX380841,3III_B.3,10675,34,10707,dengue virus type 3,,III,100,B,100,3,100,,
KX380842,3III_B.3,10676,33,10707,dengue virus type 3,,III,100,B,100,3,100,,
MH888332,3II_B,10659,25,10683,dengue virus type 3,,II,100,B,100,,,,
KY863456,3I_A,10707,1,10707,dengue virus type 3,,I,100,A,100,Could not assign,,,
MH888333,3III_C,10683,1,10683,dengue virus type 3,,III,100,C,100,Related to but not part of 2,,,
MH891766,3III_B.3,10764,1,10662,dengue virus type 3,,III,100,B,100,3,100,,
KY921906,3I_A.1,10675,1,10675,dengue virus type 3,,I,100,A,100,1,100,,
KY921907,3III_B.1,10667,1,10675,dengue virus type 3,,III,100,B,100,1,100,,
HQ235027,3III_C,10707,1,10707,dengue virus type 3,,III,100,C,100,Related to but not part of 2,,,
FJ898440,3III_C,10663,22,10684,dengue virus type 3,,III,100,C,100,Could not assign,,,
LT996904,3III_A.2,10173,95,10267,dengue virus type 3,,III,100,A,100,2,100,,
LT996905,3III_A.2,10173,95,10267,dengue virus type 3,,III,100,A,100,2,100,,
LT996906,3III_A.2,10173,95,10267,dengue virus type 3,,III,100,A,100,2,100,,
LT996907,3III_A.2,10173,95,10267,dengue virus type 3,,III,100,A,100,2,100,,
LT996908,3III_A.2,10173,95,10267,dengue virus type 3,,III,100,A,100,2,100,,
LT996909,3III_A.2,10173,95,10267,dengue virus type 3,,III,100,A,100,2,100,,
LT996910,3III_A.2,10173,95,10267,dengue virus type 3,,III,100,A,100,2,100,,
LT996911,3III_A.2,10173,95,10267,dengue virus type 3,,III,100,A,100,2,100,,
LT996912,3III_A.2,10173,95,10267,dengue virus type 3,,III,100,A,100,2,100,,
FJ898441,3III_C,10663,22,10684,dengue virus type 3,,III,100,C,100,Could not assign,,,
MN253125,3III_B.3,10651,1,10651,dengue virus type 3,,III,100,B,100,3,100,,
FJ898442,3III_C,10663,22,10684,dengue virus type 3,,III,100,C,100,Could not assign,,,
FJ898443,3III_C.1,10663,22,10684,dengue virus type 3,,III,100,C,100,1,100,,
FJ898444,3III_C.1,10663,22,10684,dengue virus type 3,,III,100,C,100,1,100,,
FJ898445,3III_C.1,10664,22,10684,dengue virus type 3,,III,100,C,100,1,100,,
FJ898446,3III_C,10661,22,10682,dengue virus type 3,,III,100,C,100,Related to but not part of 2,,,
FJ898447,3III_C,10663,22,10684,dengue virus type 3,,III,100,C,100,Related to but not part of 2,,,
FJ898455,3I_B,10663,22,10684,dengue virus type 3,,I,100,B,100,,,,
FJ898456,3I_B,10663,22,10684,dengue virus type 3,,I,100,B,100,,,,
FJ898457,3III_C,10663,22,10684,dengue virus type 3,,III,100,C,100,Related to but not part of 2,,,
KT726340,3III_C.1,10663,22,10684,dengue virus type 3,,III,100,C,100,1,100,,
KT726341,3III_C.1,10663,22,10684,dengue virus type 3,,III,100,C,100,1,100,,
FJ898458,3III_C,10663,22,10684,dengue virus type 3,,III,100,C,100,Related to but not part of 2,,,
KT726342,3III_C,10663,22,10684,dengue virus type 3,,III,100,C,100,Related to but not part of 2,,,
KT726343,3III_C,10663,22,10684,dengue virus type 3,,III,100,C,100,Related to but not part of 2,,,
KT726344,3III_C,10663,22,10684,dengue virus type 3,,III,100,C,100,Related to but not part of 2,,,
KT726345,3III_C,10663,22,10684,dengue virus type 3,,III,100,C,100,Related to but not part of 2,,,
KT726346,3III_C,10663,22,10684,dengue virus type 3,,III,100,C,100,Related to but not part of 2,,,
KT726347,3III_C,10663,22,10684,dengue virus type 3,,III,100,C,100,Related to but not part of 2,,,
KT726348,3III_C,10663,22,10684,dengue virus type 3,,III,100,C,100,Related to but not part of 2,,,
KT726349,3III_C,10663,22,10684,dengue virus type 3,,III,100,C,100,Related to but not part of 2,,,
KT726350,3III_C,10663,22,10684,dengue virus type 3,,III,100,C,100,Related to but not part of 2,,,
KT726351,3III_C,10663,22,10684,dengue virus type 3,,III,100,C,100,Related to but not part of 2,,,
FJ898459,3III_C,10663,22,10684,dengue virus type 3,,III,100,C,100,Related to but not part of 2,,,
KT726352,3III_C,10663,22,10684,dengue virus type 3,,III,100,C,100,Related to but not part of 2,,,
KT726353,3III_C,10663,22,10684,dengue virus type 3,,III,100,C,100,Related to but not part of 2,,,
KT726354,3III_C,10663,22,10684,dengue virus type 3,,III,100,C,100,Related to but not part of 2,,,
KT726355,3III_C,10663,22,10684,dengue virus type 3,,III,100,C,100,Related to but not part of 2,,,
KT726356,3III_C,10663,22,10684,dengue virus type 3,,III,100,C,100,Related to but not part of 2,,,
KT726357,3III_C,10663,22,10684,dengue virus type 3,,III,100,C,100,Related to but not part of 2,,,
KT726358,3III_C,10663,22,10684,dengue virus type 3,,III,100,C,100,Related to but not part of 2,,,
KT726359,3III_C,10663,22,10684,dengue virus type 3,,III,100,C,100,Related to but not part of 2,,,
KT726360,3III_C,10663,22,10684,dengue virus type 3,,III,100,C,100,Related to but not part of 2,,,
KT726361,3III_C,10663,22,10684,dengue virus type 3,,III,100,C,100,Related to but not part of 2,,,
FJ898462,3III_C,10663,22,10684,dengue virus type 3,,III,100,C,100,Related to but not part of 2,,,
FJ898463,3III_C,10660,22,10682,dengue virus type 3,,III,100,C,100,Related to but not part of 2,,,
FJ898464,3III_C,10663,22,10684,dengue virus type 3,,III,100,C,100,Related to but not part of 2,,,
KX855927,3III_B,10603,77,10679,dengue virus type 3,,III,100,B,100,Could not assign,,,
FJ898468,3III_C.1,10663,22,10684,dengue virus type 3,,III,100,C,100,1,100,,
FJ898469,3III_C.1,10663,22,10684,dengue virus type 3,,III,100,C,100,1,100,,
FJ898470,3III_C.1,10663,22,10684,dengue virus type 3,,III,100,C,100,1,100,,
FJ898471,3III_C.1,10663,22,10684,dengue virus type 3,,III,100,C,100,1,100,,
FJ898472,3III_C.1,10664,22,10684,dengue virus type 3,,III,100,C,100,1,100,,
FJ898473,3III_C.1,10663,22,10684,dengue virus type 3,,III,100,C,100,1,100,,
FJ898474,3III_C,10664,22,10684,dengue virus type 3,,III,100,C,100,Related to but not part of 2,,,
FJ898475,3III_C.2,10652,22,10684,dengue virus type 3,,III,100,C,100,2,100,,
FJ898476,3III_C.2,10639,22,10671,dengue virus type 3,,III,100,C,100,2,100,,
FJ913015,3III_C,10663,22,10684,dengue virus type 3,,III,100,C,100,Related to but not part of 2,,,
HQ332170,3III_C.1,10707,1,10707,dengue virus type 3,,III,100,C,100,1,100,,
HQ332171,3III_C.1,10707,1,10707,dengue virus type 3,,III,100,C,100,1,100,,
HQ541785,3III_C.2,10539,16,10565,dengue virus type 3,,III,100,C,100,2,100,,
HQ541789,3III_C.2,10718,16,10707,dengue virus type 3,,III,100,C,100,2,100,,
HQ541790,3III_C.2,10694,3,10707,dengue virus type 3,,III,100,C,100,2,100,,
HQ541791,3III_C.2,10708,7,10707,dengue virus type 3,,III,100,C,100,2,100,,
HQ541795,3III_C.2,10539,16,10565,dengue virus type 3,,III,100,C,100,2,100,,
HQ541796,3III_C.2,10539,16,10565,dengue virus type 3,,III,100,C,100,2,100,,
HQ541797,3III_C.2,10565,16,10581,dengue virus type 3,,III,100,C,100,2,100,,
HQ541806,3III_C.2,10627,1,10599,dengue virus type 3,,III,100,C,100,2,100,,
KF973486,3III_C.2,10576,1,10587,dengue virus type 3,,III,100,C,100,2,100,,
KF973485,3III_C.2,10604,1,10614,dengue virus type 3,,III,100,C,100,2,100,,
KF973484,3III_C.2,10578,1,10589,dengue virus type 3,,III,100,C,100,2,100,,
KF973483,3III_C.2,10509,71,10590,dengue virus type 3,,III,100,C,100,2,100,,
KF973480,3III_C.2,10569,1,10580,dengue virus type 3,,III,100,C,100,2,100,,
KF973479,3III_C.2,10569,1,10580,dengue virus type 3,,III,100,C,100,2,100,,
KF971709,3III_C.2,10678,18,10707,dengue virus type 3,,III,100,C,100,2,100,,
JX669507,3III_C,10707,1,10707,dengue virus type 3,,III,100,C,100,Related to but not part of 2,,,
JX669506,3III_C,10708,1,10707,dengue virus type 3,,III,100,C,100,Related to but not part of 2,,,
JX669500,3III_C,10707,1,10707,dengue virus type 3,,III,100,C,100,Related to but not part of 2,,,
JX669496,3III_C,10709,1,10707,dengue virus type 3,,III,100,C,100,Related to but not part of 2,,,
JX669494,3III_C,10710,1,10707,dengue virus type 3,,III,100,C,100,Related to but not part of 2,,,
JX669492,3III_C,10709,1,10707,dengue virus type 3,,III,100,C,100,Related to but not part of 2,,,
KF954948,3III_B.3,10678,17,10694,dengue virus type 3,,III,100,B,100,3,100,,
KF954947,3III_B.3,10675,33,10707,dengue virus type 3,,III,100,B,100,3,100,,
KJ830751,3III_A.2,10635,50,10684,dengue virus type 3,,III,100,A,100,2,100,,
KJ189300,3III_C,10692,16,10707,dengue virus type 3,,III,100,C,100,Related to but not part of 2,,,
KJ189296,3III_C,10697,12,10707,dengue virus type 3,,III,100,C,100,Related to but not part of 2,,,
KJ189293,3III_C,10693,15,10707,dengue virus type 3,,III,100,C,100,Related to but not part of 2,,,
KJ189292,3III_C,10696,14,10707,dengue virus type 3,,III,100,C,100,Related to but not part of 2,,,
KJ189289,3III_C,10692,16,10707,dengue virus type 3,,III,100,C,100,Related to but not part of 2,,,
KJ189286,3III_C,10697,15,10707,dengue virus type 3,,III,100,C,100,Related to but not part of 2,,,
KJ189277,3III_C,10693,15,10707,dengue virus type 3,,III,100,C,100,Related to but not part of 2,,,
KJ189272,3III_C,10693,15,10707,dengue virus type 3,,III,100,C,100,Related to but not part of 2,,,
KJ189271,3III_C,10692,16,10707,dengue virus type 3,,III,100,C,100,Related to but not part of 2,,,
KJ189269,3III_C,10693,15,10707,dengue virus type 3,,III,100,C,100,Related to but not part of 2,,,
KJ189268,3III_C,10692,16,10707,dengue virus type 3,,III,100,C,100,Related to but not part of 2,,,
KJ189265,3III_C,10693,15,10707,dengue virus type 3,,III,100,C,100,Related to but not part of 2,,,
KJ189256,3III_C,10693,15,10707,dengue virus type 3,,III,100,C,100,Related to but not part of 2,,,
KF824903,3II_B,10707,1,10707,dengue virus type 3,,II,100,B,100,,,,
KF824902,3II_B,10707,1,10707,dengue virus type 3,,II,100,B,100,,,,
JQ411814,3III,10707,1,10707,dengue virus type 3,,III,100,Could not assign,,,,,
KF955507,3II_A,10642,22,10664,dengue virus type 3,,II,100,A,100,Related to but not part of 1,,,
KF955486,3III_C.1,10525,22,10546,dengue virus type 3,,III,100,C,100,1,100,,
KF955476,3II,10462,22,10483,dengue virus type 3,,II,100,Could not assign,,,,,
KF955466,3III_C,10596,89,10684,dengue virus type 3,,III,100,C,100,Related to but not part of 1,,,
KF955464,3II_A,10525,22,10546,dengue virus type 3,,II,100,A,100,Related to but not part of 1,,,
KF955463,3II_A,10525,22,10546,dengue virus type 3,,II,100,A,100,Could not assign,,,
KF955461,3II_A,10668,22,10684,dengue virus type 3,,II,100,A,100,Related to but not part of 1,,,
KF955460,3II_A.1,10640,35,10684,dengue virus type 3,,II,100,A,100,1,100,,
KF955459,3II_A.1,10637,37,10684,dengue virus type 3,,II,100,A,100,1,100,,
KF955454,3III_C.1,10510,37,10546,dengue virus type 3,,III,100,C,100,1,100,,
KF955451,3III_C.1,10507,37,10543,dengue virus type 3,,III,100,C,100,1,100,,
KF955449,3III_C.1,10421,37,10457,dengue virus type 3,,III,100,C,100,1,99,,
KC425219,3III_C,10707,1,10707,dengue virus type 3,,III,100,C,100,Related to but not part of 2,,,
KC261634,3II_A.3,10630,26,10655,dengue virus type 3,,II,100,A,100,3,100,,
JQ045689,3II_A.1,10665,22,10685,dengue virus type 3,,II,100,A,100,1,100,,
JQ045688,3II_A.1,10665,22,10685,dengue virus type 3,,II,100,A,100,1,100,,
JQ045687,3II_A.1,10665,22,10685,dengue virus type 3,,II,100,A,100,1,100,,
JN368477,3II_A,10648,17,10663,dengue virus type 3,,II,100,A,100,Related to but not part of 1,,,
JN093517,3III_C.2,10310,15,10327,dengue virus type 3,,III,100,C,100,2,100,,
JN093515,3III_C.2,10679,16,10707,dengue virus type 3,,III,100,C,100,2,100,,
JN000937,3III_C.2,10398,16,10424,dengue virus type 3,,III,100,C,100,2,100,,
HM181978,3III_C.2,10566,16,10581,dengue virus type 3,,III,100,C,100,2,100,,
HM181977,3III_C.2,10536,16,10562,dengue virus type 3,,III,100,C,100,2,100,,
HM181976,3III_C.2,10539,16,10565,dengue virus type 3,,III,100,C,100,2,100,,
HM181933,3II_A,10525,22,10546,dengue virus type 3,,II,100,A,100,Related to but not part of 1,,,
FJ639731,3II_A,10648,37,10684,dengue virus type 3,,II,100,A,100,Related to but not part of 1,,,
FJ639724,3II_A,10648,37,10684,dengue virus type 3,,II,100,A,100,Related to but not part of 1,,,
FJ639722,3II_A,10648,37,10684,dengue virus type 3,,II,100,A,100,Related to but not part of 3,,,
FJ639720,3II_A,10648,37,10684,dengue virus type 3,,II,100,A,100,Related to but not part of 3,,,
FJ639716,3II_A,10648,37,10684,dengue virus type 3,,II,100,A,100,Related to but not part of 1,,,
FJ639712,3II_A,10643,37,10684,dengue virus type 3,,II,100,A,100,Related to but not part of 1,,,
FJ461334,3II_A.1,10638,36,10684,dengue virus type 3,,II,100,A,100,1,100,,
FJ461329,3II_A.1,10638,37,10684,dengue virus type 3,,II,100,A,100,1,100,,
FJ461326,3II_A.1,10638,37,10684,dengue virus type 3,,II,100,A,100,1,100,,
FJ432722,3II_A.1,10648,37,10684,dengue virus type 3,,II,100,A,100,1,100,,
FJ639805,3III_C.1,10626,37,10661,dengue virus type 3,,III,100,C,100,1,100,,
FJ639804,3III_C.1,10648,37,10684,dengue virus type 3,,III,100,C,100,1,100,,
FJ639800,3III_C.1,10648,37,10684,dengue virus type 3,,III,100,C,100,1,100,,
FJ639799,3III_C.1,10653,33,10684,dengue virus type 3,,III,100,C,100,1,100,,
FJ639795,3III_C.1,10647,38,10684,dengue virus type 3,,III,100,C,100,1,100,,
FJ639793,3III_C.1,10648,37,10684,dengue virus type 3,,III,100,C,100,1,100,,
FJ639791,3III_C.1,10647,38,10684,dengue virus type 3,,III,100,C,100,1,100,,
FJ639789,3III_C.1,10650,37,10684,dengue virus type 3,,III,100,C,100,1,100,,
FJ639787,3III_C.1,10648,37,10684,dengue virus type 3,,III,100,C,100,1,100,,
FJ639784,3III_C.1,10648,37,10684,dengue virus type 3,,III,100,C,100,1,100,,
FJ639782,3III_C.1,10654,31,10684,dengue virus type 3,,III,100,C,100,1,100,,
FJ639780,3III_C.1,10649,36,10684,dengue virus type 3,,III,100,C,100,1,100,,
FJ639777,3III_C.1,10638,37,10674,dengue virus type 3,,III,100,C,100,1,100,,
FJ639776,3III_C.1,10648,37,10684,dengue virus type 3,,III,100,C,100,1,100,,
FJ639775,3III_C.1,10629,37,10665,dengue virus type 3,,III,100,C,100,1,100,,
FJ639774,3III_C.1,10647,38,10684,dengue virus type 3,,III,100,C,100,1,100,,
FJ639771,3III_C.1,10647,38,10684,dengue virus type 3,,III,100,C,100,1,100,,
FJ639769,3III_C.1,10647,38,10684,dengue virus type 3,,III,100,C,100,1,100,,
FJ639768,3III_C.1,10648,37,10684,dengue virus type 3,,III,100,C,100,1,100,,
FJ639766,3III_C.1,10648,37,10684,dengue virus type 3,,III,100,C,100,1,100,,
FJ639762,3III_C.1,10651,34,10684,dengue virus type 3,,III,100,C,100,1,100,,
FJ639761,3III_C.1,10648,37,10684,dengue virus type 3,,III,100,C,100,1,100,,
FJ639760,3III_C.1,10649,36,10684,dengue virus type 3,,III,100,C,100,1,100,,
FJ639758,3III_C.1,10648,37,10684,dengue virus type 3,,III,100,C,100,1,100,,
FJ639754,3III_C.1,10648,37,10684,dengue virus type 3,,III,100,C,100,1,100,,
FJ639752,3III_C.1,10648,37,10684,dengue virus type 3,,III,100,C,100,1,100,,
FJ639751,3III_C.1,10632,37,10668,dengue virus type 3,,III,100,C,100,1,100,,
FJ639750,3III_C.1,10648,37,10684,dengue virus type 3,,III,100,C,100,1,100,,
FJ639747,3III_C.1,10648,37,10684,dengue virus type 3,,III,100,C,100,1,100,,
FJ639746,3III_C.1,10648,37,10684,dengue virus type 3,,III,100,C,100,1,100,,
FJ562107,3III_C,10648,37,10684,dengue virus type 3,,III,100,C,100,Related to but not part of 1,,,
FJ562102,3II_A.1,10638,37,10684,dengue virus type 3,,II,100,A,100,1,100,,
FJ562100,3II_A.1,10638,37,10684,dengue virus type 3,,II,100,A,100,1,100,,
FJ547085,3III_C.1,10648,37,10684,dengue virus type 3,,III,100,C,100,1,100,,
FJ547084,3III_C,10648,37,10684,dengue virus type 3,,III,100,C,100,Related to but not part of 1,,,
FJ547082,3III_C.1,10648,37,10684,dengue virus type 3,,III,100,C,100,1,100,,
FJ547079,3III_C,10648,37,10684,dengue virus type 3,,III,100,C,100,Related to but not part of 1,,,
FJ547078,3III_C,10648,37,10684,dengue virus type 3,,III,100,C,100,Related to but not part of 1,,,
FJ547077,3III_C,10648,37,10684,dengue virus type 3,,III,100,C,100,Related to but not part of 1,,,
FJ547075,3III_C,10648,37,10684,dengue virus type 3,,III,100,C,100,Related to but not part of 1,,,
FJ547074,3III_C,10648,37,10684,dengue virus type 3,,III,100,C,100,Related to but not part of 1,,,
FJ547072,3III_C,10649,37,10684,dengue virus type 3,,III,100,C,100,Related to but not part of 1,,,
FJ547069,3III_C.1,10648,37,10684,dengue virus type 3,,III,100,C,100,1,97,,
FJ547062,3II_A.1,10638,37,10684,dengue virus type 3,,II,100,A,100,1,100,,
FJ547061,3II_A.1,10638,37,10684,dengue virus type 3,,II,100,A,100,1,100,,
FJ478456,3III_C.1,10648,37,10684,dengue virus type 3,,III,100,C,100,1,100,,
EU367962,3II_A,10707,1,10707,dengue virus type 3,,II,100,A,100,Related to but not part of 1,,,
FJ410229,3II_A.1,10638,37,10684,dengue virus type 3,,II,100,A,100,1,100,,
FJ410177,3III_C.1,10648,37,10684,dengue virus type 3,,III,100,C,100,1,94,,
FJ410176,3III_C.1,10645,40,10684,dengue virus type 3,,III,100,C,100,1,95,,
FJ390376,3III_C,10669,15,10684,dengue virus type 3,,III,100,C,100,Related to but not part of 1,,,
FJ390375,3III_C,10650,35,10684,dengue virus type 3,,III,100,C,100,Related to but not part of 1,,,
FJ390373,3III_C,10648,37,10684,dengue virus type 3,,III,100,C,100,Related to but not part of 1,,,
FJ390371,3III_C.1,10648,37,10684,dengue virus type 3,,III,100,C,100,1,100,,
EU726772,3III_C,10648,37,10684,dengue virus type 3,,III,100,C,100,Related to but not part of 1,,,
EU726771,3III_C,10648,37,10684,dengue virus type 3,,III,100,C,100,Related to but not part of 1,,,
EU726768,3III_C,10648,37,10684,dengue virus type 3,,III,100,C,100,Related to but not part of 1,,,
EU687226,3III_C,10645,40,10684,dengue virus type 3,,III,100,C,100,Related to but not part of 1,,,
EU687221,3III_C,10648,37,10684,dengue virus type 3,,III,100,C,100,Related to but not part of 1,,,
EU687219,3III_C,10655,30,10684,dengue virus type 3,,III,100,C,100,Related to but not part of 1,,,
EU687218,3III_C,10648,37,10684,dengue virus type 3,,III,100,C,100,Related to but not part of 1,,,
EU660409,3II_A.1,10663,22,10684,dengue virus type 3,,II,100,A,100,1,100,,
EU660407,3II_A.1,10663,22,10684,dengue virus type 3,,II,100,A,100,1,100,,
EU569691,3III_C.1,10651,34,10684,dengue virus type 3,,III,100,C,100,1,100,,
EU569690,3III_C.1,10648,37,10684,dengue virus type 3,,III,100,C,100,1,100,,
EU529703,3III_C,10649,37,10684,dengue virus type 3,,III,100,C,100,Related to but not part of 2,,,
EU529699,3III_C,10648,37,10684,dengue virus type 3,,III,100,C,100,Related to but not part of 1,,,
EU529689,3III_C.1,10648,37,10684,dengue virus type 3,,III,100,C,100,1,100,,
EU529688,3III_C.1,10648,37,10684,dengue virus type 3,,III,100,C,100,1,100,,
EU529684,3III_C.1,10662,23,10684,dengue virus type 3,,III,100,C,100,1,100,,
FJ644564,3III_B,10707,1,10707,dengue virus type 3,,III,100,B,100,Could not assign,,,
GU189648,3II_A,10173,95,10267,dengue virus type 3,,II,100,A,100,Related to but not part of 1,,,
EU482614,3III_C.1,10648,37,10684,dengue virus type 3,,III,100,C,100,1,100,,
EU482595,3III_C,10663,22,10684,dengue virus type 3,,III,100,C,100,Related to but not part of 1,,,
EU482559,3III_C,10648,37,10684,dengue virus type 3,,III,100,C,100,Related to but not part of 1,,,
EU482558,3III_C,10648,37,10684,dengue virus type 3,,III,100,C,100,Related to but not part of 1,,,
EU482462,3II_A.1,10653,22,10684,dengue virus type 3,,II,100,A,100,1,100,,
EU482461,3II_A.1,10649,22,10682,dengue virus type 3,,II,100,A,100,1,100,,
EU482460,3II_A.1,10636,37,10682,dengue virus type 3,,II,100,A,100,1,100,,
EU482459,3II_A.1,10653,22,10684,dengue virus type 3,,II,100,A,100,1,100,,
EU482458,3II_A.1,10653,22,10684,dengue virus type 3,,II,100,A,100,1,100,,
EU482452,3II_A.1,10664,22,10684,dengue virus type 3,,II,100,A,100,1,100,,
MW945430,3II_A.1,10173,95,10267,dengue virus type 3,,II,100,A,100,1,100,,
MW945429,3II_A.1,10173,95,10267,dengue virus type 3,,II,100,A,100,1,100,,
MW945428,3III_C.1,10173,95,10267,dengue virus type 3,,III,100,C,100,1,100,,
MW945427,dengue virus type 3,10173,95,10267,dengue virus type 3,,Related to but not part of V,,,,,,,
MW946985,3II,10173,95,10267,dengue virus type 3,,II,100,Related to but not part of A,,,,,
MW946984,3II_A,10173,95,10267,dengue virus type 3,,II,100,A,100,Related to but not part of 3,,,
MW946983,3II_A,10173,95,10267,dengue virus type 3,,II,100,A,100,Could not assign,,,
MW946982,3II_A,10173,95,10267,dengue virus type 3,,II,100,A,100,Related to but not part of 3,,,
MW946981,3II_A,10173,95,10267,dengue virus type 3,,II,100,A,100,Could not assign,,,
MW946980,3II,10173,95,10267,dengue virus type 3,,II,100,Related to but not part of A,,,,,
MW946979,3III_B.1,10173,95,10267,dengue virus type 3,,III,100,B,100,1,100,,
MW946978,3II_B,10173,95,10267,dengue virus type 3,,II,100,B,100,,,,
MW946977,3II,10173,95,10267,dengue virus type 3,,II,100,Related to but not part of A,,,,,
MW946976,3II_A.3,10173,95,10267,dengue virus type 3,,II,100,A,100,3,100,,
MW946975,3II_A,10173,95,10267,dengue virus type 3,,II,100,A,100,Related to but not part of 3,,,
MW946974,3III_B.1,10173,95,10267,dengue virus type 3,,III,100,B,100,1,100,,
MW946973,3III_B.1,10173,95,10267,dengue virus type 3,,III,100,B,100,1,100,,
MW946972,3II_B,10173,95,10267,dengue virus type 3,,II,100,B,100,,,,
MW946971,3II_A.2,10173,95,10267,dengue virus type 3,,II,100,A,100,2,100,,
MW946970,3II_A,10173,95,10267,dengue virus type 3,,II,100,A,100,Related to but not part of 1,,,
MW946969,3II_A.3,10173,95,10267,dengue virus type 3,,II,100,A,100,3,100,,
MW946968,3II_A,10173,95,10267,dengue virus type 3,,II,100,A,100,Related to but not part of 2,,,
MW946967,3II_A,10173,95,10267,dengue virus type 3,,II,100,A,100,Related to but not part of 1,,,
MW946966,3II_A,10173,95,10267,dengue virus type 3,,II,100,A,100,Related to but not part of 2,,,
MW946965,3II_A.3,10173,95,10267,dengue virus type 3,,II,100,A,100,3,100,,
MW946964,3II_A,10173,95,10267,dengue virus type 3,,II,100,A,100,Could not assign,,,
MW946963,3II_A,10173,95,10267,dengue virus type 3,,II,100,A,100,Could not assign,,,
MW946962,3II_A,10173,95,10267,dengue virus type 3,,II,100,A,100,Could not assign,,,
MW946961,3II_A.3,10173,95,10267,dengue virus type 3,,II,100,A,100,3,100,,
MW946960,3II_A,10173,95,10267,dengue virus type 3,,II,100,A,100,Could not assign,,,
MW946959,3II,10173,95,10267,dengue virus type 3,,II,100,Related to but not part of B,,,,,
MW946958,3III_B.1,10173,95,10267,dengue virus type 3,,III,100,B,100,1,100,,
MW946957,3III_B.1,10173,95,10267,dengue virus type 3,,III,100,B,100,1,100,,
MW946956,3II_A.3,10173,95,10267,dengue virus type 3,,II,100,A,100,3,100,,
MW946955,3I_B,10173,95,10267,dengue virus type 3,,I,100,B,100,,,,
MW946954,3II_A,10173,95,10267,dengue virus type 3,,II,100,A,100,Could not assign,,,
MW946953,3II_A,10173,95,10267,dengue virus type 3,,II,100,A,100,Could not assign,,,
MW946952,3II_A,10173,95,10267,dengue virus type 3,,II,100,A,100,Could not assign,,,
MW946951,3II_A,10173,95,10267,dengue virus type 3,,II,100,A,100,Related to but not part of 1,,,
MW946950,3II,10173,95,10267,dengue virus type 3,,II,100,Related to but not part of A,,,,,
MW946949,3II,10173,95,10267,dengue virus type 3,,II,100,Related to but not part of A,,,,,
MW946948,3II_A,10173,95,10267,dengue virus type 3,,II,100,A,100,Related to but not part of 1,,,
MW946947,3II_A.3,10173,95,10267,dengue virus type 3,,II,100,A,100,3,100,,
MW946946,3II_A,10173,95,10267,dengue virus type 3,,II,100,A,100,Related to but not part of 1,,,
MW946945,3II_A,10173,95,10267,dengue virus type 3,,II,100,A,100,Could not assign,,,
MW946944,3II_B,10173,95,10267,dengue virus type 3,,II,100,B,100,,,,
MW946943,3II_A.2,10173,95,10267,dengue virus type 3,,II,100,A,100,2,100,,
MW946942,3II,10173,95,10267,dengue virus type 3,,II,100,Related to but not part of A,,,,,
MW946941,3II_A,10173,95,10267,dengue virus type 3,,II,100,A,100,Related to but not part of 3,,,
MW946940,3II_A,10173,95,10267,dengue virus type 3,,II,100,A,100,Could not assign,,,
MW946939,3II_A,10173,95,10267,dengue virus type 3,,II,100,A,100,Related to but not part of 2,,,
MW946938,3II_B,10173,95,10267,dengue virus type 3,,II,100,B,100,,,,
MW946937,3II_B,10173,95,10267,dengue virus type 3,,II,100,B,100,,,,
MW946936,3II_A,10173,95,10267,dengue virus type 3,,II,100,A,100,Related to but not part of 2,,,
MW946935,3II,10173,95,10267,dengue virus type 3,,II,100,Related to but not part of A,,,,,
MW946934,3II_A.3,10173,95,10267,dengue virus type 3,,II,100,A,100,3,100,,
MW946933,3II_B,10173,95,10267,dengue virus type 3,,II,100,B,100,,,,
MW946932,3II_B,10173,95,10267,dengue virus type 3,,II,100,B,100,,,,
MW946931,3II_A,10173,95,10267,dengue virus type 3,,II,100,A,100,Could not assign,,,
MW946930,3II_A,10173,95,10267,dengue virus type 3,,II,100,A,100,Related to but not part of 3,,,
MW946929,3II_A,10173,95,10267,dengue virus type 3,,II,100,A,100,Could not assign,,,
MW946928,3II,10173,95,10267,dengue virus type 3,,II,100,Related to but not part of A,,,,,
MW946927,3II_A,10173,95,10267,dengue virus type 3,,II,100,A,100,Could not assign,,,
MW946926,3II_A.3,10173,95,10267,dengue virus type 3,,II,100,A,100,3,100,,
MW946925,3II_A,10173,95,10267,dengue virus type 3,,II,100,A,99,Could not assign,,,
MW946924,3II_A,10173,95,10267,dengue virus type 3,,II,100,A,100,Related to but not part of 3,,,
MW946923,3II_A,10173,95,10267,dengue virus type 3,,II,100,A,100,Could not assign,,,
MW946922,3II_A,10173,95,10267,dengue virus type 3,,II,100,A,99,Could not assign,,,
MW946921,3II_A,10173,95,10267,dengue virus type 3,,II,100,A,100,Related to but not part of 3,,,
MW946920,3II_A.3,10173,95,10267,dengue virus type 3,,II,100,A,100,3,100,,
MW946919,3II_A,10173,95,10267,dengue virus type 3,,II,100,A,100,Could not assign,,,
MW946918,3III_C.2,10173,95,10267,dengue virus type 3,,III,100,C,100,2,100,,
MW946917,3II_A,10173,95,10267,dengue virus type 3,,II,100,A,100,Could not assign,,,
MW946916,3II_A,10173,95,10267,dengue virus type 3,,II,100,A,100,Could not assign,,,
MW946915,3II_A.3,10173,95,10267,dengue virus type 3,,II,100,A,100,3,100,,
MW946914,3II_A,10173,95,10267,dengue virus type 3,,II,100,A,100,Could not assign,,,
MW946913,3II_A.3,10173,95,10267,dengue virus type 3,,II,100,A,100,3,100,,
MW946912,3II_A,10173,95,10267,dengue virus type 3,,II,100,A,100,Related to but not part of 1,,,
MW946911,3II_A,10173,95,10267,dengue virus type 3,,II,100,A,100,Related to but not part of 2,,,
MW946910,3II_A.3,10173,95,10267,dengue virus type 3,,II,100,A,100,3,100,,
MW946909,3II_A,10173,95,10267,dengue virus type 3,,II,100,A,100,Could not assign,,,
MW946908,3II_A,10173,95,10267,dengue virus type 3,,II,100,A,100,Related to but not part of 3,,,
MW946906,3II_A,10173,95,10267,dengue virus type 3,,II,100,A,99,Could not assign,,,
MW946907,3II_A,10173,95,10267,dengue virus type 3,,II,100,A,100,Related to but not part of 2,,,
MW946905,3II_A,10173,95,10267,dengue virus type 3,,II,100,A,100,Could not assign,,,
MW946904,3II_A,10173,95,10267,dengue virus type 3,,II,100,A,100,Related to but not part of 2,,,
MW946902,3II_B,10173,95,10267,dengue virus type 3,,II,100,B,100,,,,
MW946903,3II_A,10173,95,10267,dengue virus type 3,,II,100,A,100,Could not assign,,,
MW946901,3II_B,10173,95,10267,dengue virus type 3,,II,100,B,100,,,,
MW946900,3II_A,10173,95,10267,dengue virus type 3,,II,100,A,100,Related to but not part of 2,,,
MW946899,3II_A,10173,95,10267,dengue virus type 3,,II,100,A,100,Could not assign,,,
MW946898,3II_A,10173,95,10267,dengue virus type 3,,II,100,A,100,Related to but not part of 3,,,
MW946897,3II_A,10173,95,10267,dengue virus type 3,,II,100,A,100,Related to but not part of 2,,,
MW946896,3II_A,10173,95,10267,dengue virus type 3,,II,100,A,100,Could not assign,,,
MW946895,3II_B,10173,95,10267,dengue virus type 3,,II,100,B,100,,,,
MW946894,3II_A,10173,95,10267,dengue virus type 3,,II,100,A,100,Related to but not part of 1,,,
MW946893,3II_A,10173,95,10267,dengue virus type 3,,II,100,A,100,Could not assign,,,
MW946892,3II_A.2,10173,95,10267,dengue virus type 3,,II,100,A,100,2,100,,
MW946891,3III_B.1,10173,95,10267,dengue virus type 3,,III,100,B,100,1,100,,
MW946890,3II_A,10173,95,10267,dengue virus type 3,,II,100,A,100,Related to but not part of 2,,,
MW946889,3II_B,10173,95,10267,dengue virus type 3,,II,100,B,100,,,,
MW946888,3II_B,10173,95,10267,dengue virus type 3,,II,100,B,100,,,,
MW946887,3II_A,10173,95,10267,dengue virus type 3,,II,100,A,100,Could not assign,,,
MW946886,3II_A,10173,95,10267,dengue virus type 3,,II,100,A,100,Could not assign,,,
MW946885,3II_A,10173,95,10267,dengue virus type 3,,II,100,A,100,Related to but not part of 2,,,
MW946884,3II_A.3,10173,95,10267,dengue virus type 3,,II,100,A,100,3,100,,
MW946883,3II,10173,95,10267,dengue virus type 3,,II,100,Related to but not part of A,,,,,
MW946882,3II_A,10173,95,10267,dengue virus type 3,,II,100,A,100,Could not assign,,,
MW946881,3III_B.1,10173,95,10267,dengue virus type 3,,III,100,B,100,1,100,,
MW946880,3II_A.3,10173,95,10267,dengue virus type 3,,II,100,A,100,3,100,,
MW946879,3II_A,10173,95,10267,dengue virus type 3,,II,100,A,100,Related to but not part of 2,,,
MW946878,3II,10173,95,10267,dengue virus type 3,,II,100,Related to but not part of A,,,,,
MW946877,3II_A,10173,95,10267,dengue virus type 3,,II,100,A,100,Related to but not part of 3,,,
MW946876,3II_A,10173,95,10267,dengue virus type 3,,II,100,A,100,Could not assign,,,
MW946875,3II,10173,95,10267,dengue virus type 3,,II,100,Related to but not part of A,,,,,
MW946874,3II_A,10173,95,10267,dengue virus type 3,,II,100,A,100,Could not assign,,,
MW946873,3II_A,10173,95,10267,dengue virus type 3,,II,100,A,100,Related to but not part of 2,,,
MW946872,3III_B.1,10173,95,10267,dengue virus type 3,,III,100,B,100,1,100,,
MW946871,3II_A,10173,95,10267,dengue virus type 3,,II,100,A,100,Could not assign,,,
MW946870,3III_B.1,10173,95,10267,dengue virus type 3,,III,100,B,100,1,100,,
MW946869,3II_A,10173,95,10267,dengue virus type 3,,II,100,A,100,Related to but not part of 3,,,
MW946868,3II_B,10173,95,10267,dengue virus type 3,,II,100,B,100,,,,
MW946867,3II_A.3,10173,95,10267,dengue virus type 3,,II,100,A,100,3,100,,
MW946866,3II_A,10173,95,10267,dengue virus type 3,,II,100,A,100,Related to but not part of 1,,,
MW946865,3II_A,10173,95,10267,dengue virus type 3,,II,100,A,100,Related to but not part of 3,,,
MW946864,3II_A,10173,95,10267,dengue virus type 3,,II,100,A,100,Could not assign,,,
MW946863,3II_A.2,10173,95,10267,dengue virus type 3,,II,100,A,100,2,100,,
MW946862,3II_A,10173,95,10267,dengue virus type 3,,II,100,A,100,Related to but not part of 3,,,
MW946861,3II_B,10173,95,10267,dengue virus type 3,,II,100,B,100,,,,
MW946860,3II_A,10173,95,10267,dengue virus type 3,,II,100,A,100,Related to but not part of 3,,,
MW946859,3II_A,10173,95,10267,dengue virus type 3,,II,100,A,100,Could not assign,,,
MW946858,3II_A,10173,95,10267,dengue virus type 3,,II,100,A,100,Related to but not part of 1,,,
MW946857,3II_A.3,10173,95,10267,dengue virus type 3,,II,100,A,100,3,100,,
MW946856,3II_A,10173,95,10267,dengue virus type 3,,II,100,A,100,Related to but not part of 3,,,
MW946855,3II_B,10173,95,10267,dengue virus type 3,,II,100,B,100,,,,
MW946854,3II_A,10173,95,10267,dengue virus type 3,,II,100,A,100,Related to but not part of 2,,,
MW946853,3II_A,10173,95,10267,dengue virus type 3,,II,100,A,100,Could not assign,,,
MW946852,3II_B,10173,95,10267,dengue virus type 3,,II,100,B,100,,,,
MW946851,3II_A,10173,95,10267,dengue virus type 3,,II,100,A,100,Could not assign,,,
MW946850,3II_A,10173,95,10267,dengue virus type 3,,II,100,A,99,Could not assign,,,
MW946849,3II_B,10173,95,10267,dengue virus type 3,,II,100,B,100,,,,
MW946848,3II_A.3,10173,95,10267,dengue virus type 3,,II,100,A,100,3,100,,
MW946847,3II_A,10173,95,10267,dengue virus type 3,,II,100,A,100,Could not assign,,,
MW946846,3II,10173,95,10267,dengue virus type 3,,II,100,Related to but not part of A,,,,,
MW946845,3II_A.3,10173,95,10267,dengue virus type 3,,II,100,A,100,3,100,,
MW946844,3II_A,10173,95,10267,dengue virus type 3,,II,100,A,100,Could not assign,,,
MW946842,3II_A,10173,95,10267,dengue virus type 3,,II,100,A,100,Related to but not part of 1,,,
MW946843,3III_B.1,10173,95,10267,dengue virus type 3,,III,100,B,100,1,100,,
MW946841,3III_B.1,10173,95,10267,dengue virus type 3,,III,100,B,100,1,100,,
MW946840,3II,10173,95,10267,dengue virus type 3,,II,100,Related to but not part of A,,,,,
MW946838,3II_A.2,10173,95,10267,dengue virus type 3,,II,100,A,100,2,100,,
MW946839,3III_B.1,10173,95,10267,dengue virus type 3,,III,100,B,100,1,100,,
MW946837,3II_A,10173,95,10267,dengue virus type 3,,II,100,A,100,Could not assign,,,
MW946836,3II,10173,95,10267,dengue virus type 3,,II,100,Related to but not part of A,,,,,
MW946835,3II_A,10173,95,10267,dengue virus type 3,,II,100,A,100,Could not assign,,,
MW946834,3II_A,10173,95,10267,dengue virus type 3,,II,100,A,99,Could not assign,,,
MW946833,3II_A,10173,95,10267,dengue virus type 3,,II,100,A,100,Could not assign,,,
MW946832,3II_A,10173,95,10267,dengue virus type 3,,II,100,A,100,Related to but not part of 2,,,
MW946831,3II_A.3,10173,95,10267,dengue virus type 3,,II,100,A,100,3,100,,
MW946830,3II_A,10173,95,10267,dengue virus type 3,,II,100,A,100,Could not assign,,,
MW946829,3II_B,10173,95,10267,dengue virus type 3,,II,100,B,100,,,,
MW946828,3II_A,10173,95,10267,dengue virus type 3,,II,100,A,100,Could not assign,,,
MW946827,3II,10173,95,10267,dengue virus type 3,,II,100,Related to but not part of A,,,,,
MW946826,3II_A,10173,95,10267,dengue virus type 3,,II,100,A,100,Could not assign,,,
MW946825,3II_B,10173,95,10267,dengue virus type 3,,II,100,B,100,,,,
MW946824,3II_B,10173,95,10267,dengue virus type 3,,II,100,B,100,,,,
MW946823,3II_A,10173,95,10267,dengue virus type 3,,II,100,A,100,Could not assign,,,
MW946822,3II_A,10173,95,10267,dengue virus type 3,,II,100,A,100,Related to but not part of 3,,,
MW946821,3II_A,10173,95,10267,dengue virus type 3,,II,100,A,100,Related to but not part of 2,,,
MW946820,3II_A,10173,95,10267,dengue virus type 3,,II,100,A,100,Related to but not part of 2,,,
MW946819,3II_A.2,10173,95,10267,dengue virus type 3,,II,100,A,100,2,100,,
MW946818,3II_A,10173,95,10267,dengue virus type 3,,II,100,A,100,Could not assign,,,
MW946816,3II_A,10173,95,10267,dengue virus type 3,,II,100,A,100,Could not assign,,,
MW946815,3III_B.1,10173,95,10267,dengue virus type 3,,III,100,B,100,1,100,,
MW946814,3II_A,10173,95,10267,dengue virus type 3,,II,100,A,100,Related to but not part of 3,,,
MW946813,3II_A.3,10173,95,10267,dengue virus type 3,,II,100,A,100,3,100,,
MW946812,3II_A,10173,95,10267,dengue virus type 3,,II,100,A,100,Related to but not part of 3,,,
MW946811,3II_A.3,10173,95,10267,dengue virus type 3,,II,100,A,100,3,100,,
MW946810,3III_B.1,10173,95,10267,dengue virus type 3,,III,100,B,100,1,100,,
MW946809,3II_A,10173,95,10267,dengue virus type 3,,II,100,A,100,Could not assign,,,
MW946808,3III_B.1,10173,95,10267,dengue virus type 3,,III,100,B,100,1,100,,
MW946807,3II_A.3,10173,95,10267,dengue virus type 3,,II,100,A,100,3,100,,
MW946806,3II_A,10173,95,10267,dengue virus type 3,,II,100,A,100,Could not assign,,,
MW946805,3II_A.2,10173,95,10267,dengue virus type 3,,II,100,A,100,2,100,,
MW946804,3II_A,10173,95,10267,dengue virus type 3,,II,100,A,100,Could not assign,,,
MW946803,3II_A,10173,95,10267,dengue virus type 3,,II,100,A,100,Could not assign,,,
MW946802,3III_B.1,10173,95,10267,dengue virus type 3,,III,100,B,100,1,100,,
MW946801,3III_B.1,10173,95,10267,dengue virus type 3,,III,100,B,100,1,100,,
MW946800,3III_B.1,10173,95,10267,dengue virus type 3,,III,100,B,100,1,100,,
MW946797,3II_A,10173,95,10267,dengue virus type 3,,II,100,A,100,Could not assign,,,
MW946798,3III_B.1,10173,95,10267,dengue virus type 3,,III,100,B,100,1,100,,
MW946799,3III_B.1,10173,95,10267,dengue virus type 3,,III,100,B,100,1,100,,
MW946796,3II_B,10173,95,10267,dengue virus type 3,,II,100,B,100,,,,
MW946795,3II_A,10173,95,10267,dengue virus type 3,,II,100,A,100,Related to but not part of 2,,,
MW946792,3II_A,10173,95,10267,dengue virus type 3,,II,100,A,100,Related to but not part of 1,,,
MW946794,3II,10173,95,10267,dengue virus type 3,,II,100,Related to but not part of A,,,,,
MW946793,3II_B,10173,95,10267,dengue virus type 3,,II,100,B,100,,,,
MW946791,3II_B,10173,95,10267,dengue virus type 3,,II,100,B,100,,,,
MW946790,3II_A.2,10173,95,10267,dengue virus type 3,,II,100,A,100,2,100,,
MW946789,3II_B,10173,95,10267,dengue virus type 3,,II,100,B,100,,,,
MW946788,3II,10173,95,10267,dengue virus type 3,,II,100,Related to but not part of A,,,,,
MW946787,3II_A,10173,95,10267,dengue virus type 3,,II,100,A,100,Related to but not part of 3,,,
MW946786,3II_A,10173,95,10267,dengue virus type 3,,II,100,A,100,Could not assign,,,
MW946785,3II_A.3,10173,95,10267,dengue virus type 3,,II,100,A,100,3,100,,
MW946784,3II_A.3,10173,95,10267,dengue virus type 3,,II,100,A,100,3,100,,
MW946783,3III_B.1,10173,95,10267,dengue virus type 3,,III,100,B,100,1,100,,
MW946782,3II_A,10173,95,10267,dengue virus type 3,,II,100,A,100,Could not assign,,,
MW946781,3II_A,10173,95,10267,dengue virus type 3,,II,100,A,100,Related to but not part of 1,,,
MW946780,3II_A,10173,95,10267,dengue virus type 3,,II,100,A,100,Could not assign,,,
MW946779,3II_B,10173,95,10267,dengue virus type 3,,II,100,B,100,,,,
MW946777,3II,10173,95,10267,dengue virus type 3,,II,100,Related to but not part of A,,,,,
MW946776,3II_A,10173,95,10267,dengue virus type 3,,II,100,A,100,Related to but not part of 1,,,
MW946778,3III_B.1,10173,95,10267,dengue virus type 3,,III,100,B,100,1,100,,
MW946775,3III_B.1,10173,95,10267,dengue virus type 3,,III,100,B,100,1,100,,
MW946774,3II_A,10173,95,10267,dengue virus type 3,,II,100,A,100,Could not assign,,,
MW946773,3II_B,10173,95,10267,dengue virus type 3,,II,100,B,101,,,,
MW946772,3II_A,10173,95,10267,dengue virus type 3,,II,100,A,100,Related to but not part of 1,,,
MW946771,3II_B,10173,95,10267,dengue virus type 3,,II,100,B,100,,,,
MW946770,3II_A,10173,95,10267,dengue virus type 3,,II,100,A,100,Related to but not part of 3,,,
MW946769,3II_A,10173,95,10267,dengue virus type 3,,II,100,A,100,Related to but not part of 2,,,
MW946768,3II_B,10173,95,10267,dengue virus type 3,,II,100,B,100,,,,
MW946767,3III_B.1,10173,95,10267,dengue virus type 3,,III,100,B,100,1,100,,
MW946766,3II,10173,95,10267,dengue virus type 3,,II,100,Related to but not part of A,,,,,
MW946765,3II_A,10173,95,10267,dengue virus type 3,,II,100,A,99,Could not assign,,,
MW946764,3II_B,10173,95,10267,dengue virus type 3,,II,100,B,100,,,,
MW946763,3III_B.1,10173,95,10267,dengue virus type 3,,III,100,B,100,1,100,,
MW946762,3II_A.3,10173,95,10267,dengue virus type 3,,II,100,A,100,3,100,,
MW946761,3II_A.2,10173,95,10267,dengue virus type 3,,II,100,A,100,2,100,,
MW946760,3II_A,10173,95,10267,dengue virus type 3,,II,100,A,100,Related to but not part of 3,,,
MW946759,3II_A.3,10173,95,10267,dengue virus type 3,,II,100,A,100,3,100,,
MW946758,3II_A,10173,95,10267,dengue virus type 3,,II,100,A,100,Related to but not part of 2,,,
MW946757,3II_A,10173,95,10267,dengue virus type 3,,II,100,A,100,Related to but not part of 3,,,
MW946756,3II,10173,95,10267,dengue virus type 3,,II,100,Related to but not part of A,,,,,
MW946755,3II_A,10173,95,10267,dengue virus type 3,,II,100,A,100,Could not assign,,,
MW946754,3II_A,10173,95,10267,dengue virus type 3,,II,100,A,100,Related to but not part of 2,,,
MW946753,3II_A,10173,95,10267,dengue virus type 3,,II,100,A,100,Related to but not part of 2,,,
MW946752,3II_A,10173,95,10267,dengue virus type 3,,II,100,A,100,Could not assign,,,
MW946751,3I_A,10173,95,10267,dengue virus type 3,,I,100,A,100,Could not assign,,,
MW946750,3II,10173,95,10267,dengue virus type 3,,II,100,Related to but not part of A,,,,,
MW946749,3II_A,10173,95,10267,dengue virus type 3,,II,100,A,100,Could not assign,,,
MW946748,3II,10173,95,10267,dengue virus type 3,,II,100,Related to but not part of A,,,,,
MW946747,3II_B,10173,95,10267,dengue virus type 3,,II,100,B,100,,,,
MW946746,3II_A,10173,95,10267,dengue virus type 3,,II,100,A,100,Could not assign,,,
MW946745,3II_A,10173,95,10267,dengue virus type 3,,II,100,A,100,Related to but not part of 2,,,
MW946744,3II_A,10173,95,10267,dengue virus type 3,,II,100,A,100,Could not assign,,,
MW946743,3II_A.3,10173,95,10267,dengue virus type 3,,II,100,A,100,3,100,,
MW946742,3II_B,10173,95,10267,dengue virus type 3,,II,100,B,100,,,,
MW946741,3III_B.1,10173,95,10267,dengue virus type 3,,III,100,B,100,1,100,,
MW946740,3II_A,10173,95,10267,dengue virus type 3,,II,100,A,100,Related to but not part of 3,,,
MW946739,3II,10173,95,10267,dengue virus type 3,,II,100,Related to but not part of A,,,,,
MW946738,3II_A,10173,95,10267,dengue virus type 3,,II,100,A,100,Related to but not part of 2,,,
MW946737,3II_A,10173,95,10267,dengue virus type 3,,II,100,A,100,Could not assign,,,
MW946736,3II_A,10173,95,10267,dengue virus type 3,,II,100,A,100,Could not assign,,,
MW946735,3II_A.3,10173,95,10267,dengue virus type 3,,II,100,A,100,3,100,,
MW946734,3II,10173,95,10267,dengue virus type 3,,II,100,Related to but not part of A,,,,,
MW946733,3II,10173,95,10267,dengue virus type 3,,II,100,Related to but not part of A,,,,,
MW946732,3II_A,10173,95,10267,dengue virus type 3,,II,100,A,100,Related to but not part of 1,,,
MW946731,3II_A.3,10173,95,10267,dengue virus type 3,,II,100,A,100,3,100,,
MW946730,3II_A,10173,95,10267,dengue virus type 3,,II,100,A,100,Could not assign,,,
MW946729,3II_A.3,10173,95,10267,dengue virus type 3,,II,100,A,100,3,100,,
MW946728,3II_A.3,10173,95,10267,dengue virus type 3,,II,100,A,100,3,100,,
MW946727,3II_A,10173,95,10267,dengue virus type 3,,II,100,A,100,Could not assign,,,
MW946726,3II_A,10173,95,10267,dengue virus type 3,,II,100,A,100,Related to but not part of 3,,,
MW946725,3II_A,10173,95,10267,dengue virus type 3,,II,100,A,100,Could not assign,,,
MW946724,3II_A.3,10173,95,10267,dengue virus type 3,,II,100,A,100,3,100,,
MW946723,3II_A,10173,95,10267,dengue virus type 3,,II,100,A,100,Could not assign,,,
MW946722,3II_A,10173,95,10267,dengue virus type 3,,II,100,A,100,Related to but not part of 2,,,
MW946721,3III_B.1,10173,95,10267,dengue virus type 3,,III,100,B,100,1,100,,
MW946720,3II_A.3,10173,95,10267,dengue virus type 3,,II,100,A,100,3,100,,
MW946719,3II_A,10173,95,10267,dengue virus type 3,,II,100,A,100,Could not assign,,,
MW946718,3II_A.2,10173,95,10267,dengue virus type 3,,II,100,A,100,2,100,,
MW946717,3II,10173,95,10267,dengue virus type 3,,II,100,Related to but not part of A,,,,,
MW946716,3II_A,10173,95,10267,dengue virus type 3,,II,100,A,100,Could not assign,,,
MW946715,3II_A,10173,95,10267,dengue virus type 3,,II,100,A,100,Could not assign,,,
MW946714,3II_A,10173,95,10267,dengue virus type 3,,II,100,A,100,Related to but not part of 2,,,
MW946713,3II_A,10173,95,10267,dengue virus type 3,,II,100,A,100,Could not assign,,,
MW946712,3II_A,10173,95,10267,dengue virus type 3,,II,100,A,100,Could not assign,,,
MW946711,3III_B.1,10173,95,10267,dengue virus type 3,,III,100,B,100,1,100,,
MW946710,3II_A,10173,95,10267,dengue virus type 3,,II,100,A,100,Could not assign,,,
MW946709,3II_A,10173,95,10267,dengue virus type 3,,II,100,A,100,Related to but not part of 2,,,
MW946708,3II_A,10173,95,10267,dengue virus type 3,,II,100,A,100,Could not assign,,,
MW946707,3II_A,10173,95,10267,dengue virus type 3,,II,100,A,100,Could not assign,,,
MW946706,3II_A.3,10173,95,10267,dengue virus type 3,,II,100,A,100,3,100,,
MW946705,3II_A.3,10173,95,10267,dengue virus type 3,,II,100,A,100,3,100,,
MW946704,3III_B.1,10173,95,10267,dengue virus type 3,,III,100,B,100,1,100,,
MW946703,3II_A,10173,95,10267,dengue virus type 3,,II,100,A,100,Could not assign,,,
MW946702,3II,10173,95,10267,dengue virus type 3,,II,100,Related to but not part of A,,,,,
MW946701,3II_A,10173,95,10267,dengue virus type 3,,II,100,A,100,Could not assign,,,
MW946700,3II_A,10173,95,10267,dengue virus type 3,,II,100,A,100,Related to but not part of 3,,,
MW946699,3II_A,10173,95,10267,dengue virus type 3,,II,100,A,100,Related to but not part of 3,,,
MW946698,3II_A,10173,95,10267,dengue virus type 3,,II,100,A,100,Related to but not part of 2,,,
MW946697,3II_A,10173,95,10267,dengue virus type 3,,II,100,A,100,Could not assign,,,
MW946696,3II_A,10173,95,10267,dengue virus type 3,,II,100,A,100,Could not assign,,,
MW946695,3II_A,10173,95,10267,dengue virus type 3,,II,100,A,100,Could not assign,,,
MW946694,3III_B.1,10173,95,10267,dengue virus type 3,,III,100,B,100,1,100,,
MW946693,3III_B.1,10173,95,10267,dengue virus type 3,,III,100,B,100,1,100,,
MW946692,3II_A.3,10173,95,10267,dengue virus type 3,,II,100,A,100,3,100,,
MW946691,3I_B,10173,95,10267,dengue virus type 3,,I,100,B,100,,,,
MW946690,3III_B.1,10173,95,10267,dengue virus type 3,,III,100,B,100,1,100,,
MW946689,3II_A.3,10173,95,10267,dengue virus type 3,,II,100,A,100,3,100,,
MW946688,3II_B,10173,95,10267,dengue virus type 3,,II,100,B,100,,,,
MW946687,3II_A.2,10173,95,10267,dengue virus type 3,,II,100,A,100,2,100,,
MW946686,3II_A,10173,95,10267,dengue virus type 3,,II,100,A,100,Related to but not part of 2,,,
MW946685,3II_A.3,10173,95,10267,dengue virus type 3,,II,100,A,100,3,100,,
MW946684,3II,10173,95,10267,dengue virus type 3,,II,100,Related to but not part of A,,,,,
MW946683,3II_A,10173,95,10267,dengue virus type 3,,II,100,A,100,Could not assign,,,
MW946682,3II_A,10173,95,10267,dengue virus type 3,,II,100,A,100,Could not assign,,,
MW946681,3II_A,10173,95,10267,dengue virus type 3,,II,100,A,100,Could not assign,,,
MW946680,3II,10173,95,10267,dengue virus type 3,,II,100,Related to but not part of A,,,,,
MW946679,3III_B.1,10173,95,10267,dengue virus type 3,,III,100,B,100,1,100,,
MW946678,3II_A,10173,95,10267,dengue virus type 3,,II,100,A,100,Related to but not part of 2,,,
MW946677,3II_A,10173,95,10267,dengue virus type 3,,II,100,A,100,Related to but not part of 1,,,
MW946676,3II_A,10173,95,10267,dengue virus type 3,,II,100,A,100,Could not assign,,,
MW946675,3II_A,10173,95,10267,dengue virus type 3,,II,100,A,100,Related to but not part of 3,,,
MW946674,3II_A,10173,95,10267,dengue virus type 3,,II,100,A,100,Related to but not part of 3,,,
MW946673,3II_A,10173,95,10267,dengue virus type 3,,II,100,A,100,Could not assign,,,
MW946671,3II_A,10173,95,10267,dengue virus type 3,,II,100,A,100,Could not assign,,,
MW946672,3II_A,10173,95,10267,dengue virus type 3,,II,100,A,100,Related to but not part of 3,,,
MW946670,3II_A,10173,95,10267,dengue virus type 3,,II,100,A,100,Related to but not part of 3,,,
MW946669,3II_A,10173,95,10267,dengue virus type 3,,II,100,A,100,Related to but not part of 3,,,
MW946668,3II_B,10173,95,10267,dengue virus type 3,,II,100,B,101,,,,
MW946667,3II,10173,95,10267,dengue virus type 3,,II,100,Related to but not part of A,,,,,
MW946666,3II_A,10173,95,10267,dengue virus type 3,,II,100,A,100,Could not assign,,,
MW946665,3II_A,10173,95,10267,dengue virus type 3,,II,100,A,100,Related to but not part of 2,,,
MW946664,3II_B,10173,95,10267,dengue virus type 3,,II,100,B,100,,,,
MW946663,3II_A,10173,95,10267,dengue virus type 3,,II,100,A,100,Related to but not part of 2,,,
MW946662,3III_B.1,10173,95,10267,dengue virus type 3,,III,100,B,100,1,100,,
MW946661,3II_B,10173,95,10267,dengue virus type 3,,II,100,B,100,,,,
MW946660,3II,10173,95,10267,dengue virus type 3,,II,100,Related to but not part of B,,,,,
MW946659,3III_B.1,10173,95,10267,dengue virus type 3,,III,100,B,100,1,100,,
MW946658,3II_A,10173,95,10267,dengue virus type 3,,II,100,A,100,Could not assign,,,
MW946657,3II_A.3,10173,95,10267,dengue virus type 3,,II,100,A,100,3,100,,
MW946656,3II_A,10173,95,10267,dengue virus type 3,,II,100,A,100,Related to but not part of 1,,,
MW946655,3II_A,10173,95,10267,dengue virus type 3,,II,100,A,100,Related to but not part of 1,,,
MW946654,3II_A,10173,95,10267,dengue virus type 3,,II,100,A,100,Related to but not part of 3,,,
MW946653,3II_A,10173,95,10267,dengue virus type 3,,II,100,A,100,Related to but not part of 3,,,
MW946652,3II_B,10173,95,10267,dengue virus type 3,,II,100,B,100,,,,
MW946651,3II_A.2,10173,95,10267,dengue virus type 3,,II,100,A,100,2,100,,
MW946650,3II_A,10173,95,10267,dengue virus type 3,,II,100,A,100,Related to but not part of 1,,,
MW946649,3II_A,10173,95,10267,dengue virus type 3,,II,100,A,100,Could not assign,,,
MW946648,3II,10173,95,10267,dengue virus type 3,,II,100,Related to but not part of A,,,,,
MW946647,3II_A,10173,95,10267,dengue virus type 3,,II,100,A,99,Could not assign,,,
MW946646,3II_A,10173,95,10267,dengue virus type 3,,II,100,A,100,Could not assign,,,
MW946645,3II_B,10173,95,10267,dengue virus type 3,,II,100,B,100,,,,
MW946644,3II_A,10173,95,10267,dengue virus type 3,,II,100,A,100,Could not assign,,,
MW946643,3II,10173,95,10267,dengue virus type 3,,II,100,Related to but not part of A,,,,,
MW946642,3II,10173,95,10267,dengue virus type 3,,II,100,Related to but not part of A,,,,,
MW946641,3II_A,10173,95,10267,dengue virus type 3,,II,100,A,100,Could not assign,,,
MW946640,3II_B,10173,95,10267,dengue virus type 3,,II,100,B,100,,,,
MW946639,3II_B,10173,95,10267,dengue virus type 3,,II,100,B,100,,,,
MW946638,3II_A,10173,95,10267,dengue virus type 3,,II,100,A,100,Could not assign,,,
MW946637,3II_A,10173,95,10267,dengue virus type 3,,II,100,A,100,Could not assign,,,
MW946636,3II_A,10173,95,10267,dengue virus type 3,,II,100,A,100,Could not assign,,,
MW946635,3II,10173,95,10267,dengue virus type 3,,II,100,Related to but not part of A,,,,,
MW946634,3II_A,10173,95,10267,dengue virus type 3,,II,100,A,100,Related to but not part of 2,,,
MW946633,3III_B.1,10173,95,10267,dengue virus type 3,,III,100,B,100,1,100,,
MW946632,3II_A,10173,95,10267,dengue virus type 3,,II,100,A,100,Related to but not part of 1,,,
MW946631,3II_A,10173,95,10267,dengue virus type 3,,II,100,A,100,Could not assign,,,
MW946630,3II_A.3,10173,95,10267,dengue virus type 3,,II,100,A,100,3,100,,
MW946629,3II_A,10173,95,10267,dengue virus type 3,,II,100,A,100,Related to but not part of 2,,,
MW946628,3II_A,10173,95,10267,dengue virus type 3,,II,100,A,100,Related to but not part of 1,,,
MW946627,3II_B,10173,95,10267,dengue virus type 3,,II,100,B,100,,,,
MW946626,3II_A,10173,95,10267,dengue virus type 3,,II,100,A,100,Related to but not part of 2,,,
MW946625,3II_A,10173,95,10267,dengue virus type 3,,II,100,A,100,Related to but not part of 1,,,
MW946624,3II_A.3,10173,95,10267,dengue virus type 3,,II,100,A,100,3,100,,
MW946623,3II_A,10173,95,10267,dengue virus type 3,,II,100,A,100,Related to but not part of 1,,,
MW946622,3II_A,10173,95,10267,dengue virus type 3,,II,100,A,100,Related to but not part of 2,,,
MW946621,3II_A,10173,95,10267,dengue virus type 3,,II,100,A,99,Could not assign,,,
MW946620,3II_B,10173,95,10267,dengue virus type 3,,II,100,B,100,,,,
MW946619,3II_A,10173,95,10267,dengue virus type 3,,II,100,A,100,Related to but not part of 1,,,
MW946618,3II_B,10173,95,10267,dengue virus type 3,,II,100,B,100,,,,
MW946617,3II_A,10173,95,10267,dengue virus type 3,,II,100,A,100,Related to but not part of 2,,,
MW946616,3II,10173,95,10267,dengue virus type 3,,II,100,Related to but not part of A,,,,,
MW946614,3II_A,10173,95,10267,dengue virus type 3,,II,100,A,100,Could not assign,,,
MW946615,3III_B.1,10173,95,10267,dengue virus type 3,,III,100,B,100,1,100,,
MW946613,3II_A.3,10173,95,10267,dengue virus type 3,,II,100,A,100,3,100,,
MW946612,3III_B.1,10173,95,10267,dengue virus type 3,,III,100,B,100,1,100,,
MW946610,3II_A.3,10173,95,10267,dengue virus type 3,,II,100,A,100,3,100,,
MW946611,3II_A,10173,95,10267,dengue virus type 3,,II,100,A,100,Could not assign,,,
MW946609,3II_A,10173,95,10267,dengue virus type 3,,II,100,A,100,Related to but not part of 2,,,
MW946608,3II_A,10173,95,10267,dengue virus type 3,,II,100,A,100,Related to but not part of 2,,,
MW946607,3II_A,10173,95,10267,dengue virus type 3,,II,100,A,100,Related to but not part of 3,,,
MW426463,3II_B,10702,8,10707,dengue virus type 3,,II,100,B,100,,,,
MW192824,3III,10571,137,10707,dengue virus type 3,,III,100,Related to but not part of B,,,,,
MW192823,3III,10571,137,10707,dengue virus type 3,,III,100,Related to but not part of B,,,,,
MW192822,3III,10571,137,10707,dengue virus type 3,,III,100,Related to but not part of B,,,,,
MZ285732,1IV_B,10735,1,10735,dengue virus type 1,,IV,100,B,100,Could not assign,,,
MZ284953,1IV_B,10735,1,10735,dengue virus type 1,,IV,100,B,100,Could not assign,,,
OK605762,3III_C,10707,1,10707,dengue virus type 3,,III,100,C,100,Related to but not part of 2,,,
OK605763,3I_A,10707,1,10707,dengue virus type 3,,I,100,A,100,Could not assign,,,
OK605764,3II,10707,1,10707,dengue virus type 3,,II,100,Related to but not part of B,,,,,
OK605765,3III_C,10707,1,10707,dengue virus type 3,,III,100,C,100,Related to but not part of 2,,,
OK605766,3III,10707,1,10707,dengue virus type 3,,III,100,Could not assign,,,,,
AY744677,3I_B,10707,1,10707,dengue virus type 3,,I,100,B,100,,,,
AY744678,3I_B,10707,1,10707,dengue virus type 3,,I,100,B,100,,,,
AY744679,3I_B,10707,1,10707,dengue virus type 3,,I,100,B,100,,,,
AY744680,3I_B,10707,1,10707,dengue virus type 3,,I,100,B,100,,,,
AY744681,3I_B,10707,1,10707,dengue virus type 3,,I,100,B,100,,,,
AY744682,3I_B,10707,1,10707,dengue virus type 3,,I,100,B,100,,,,
AY744683,3I_B,10707,1,10707,dengue virus type 3,,I,100,B,100,,,,
AY744684,3I_B,10707,1,10707,dengue virus type 3,,I,100,B,100,,,,
AY744685,3I_B,10707,1,10707,dengue virus type 3,,I,100,B,100,,,,
ON123655,3III_B.3,10707,1,10707,dengue virus type 3,,III,100,B,100,3,100,,
ON123658,3III_B.3,10707,1,10707,dengue virus type 3,,III,100,B,100,3,100,,
ON123660,3III_B.3,10707,1,10707,dengue virus type 3,,III,100,B,100,3,100,,
ON123659,3III_B.3,10707,1,10707,dengue virus type 3,,III,100,B,100,3,100,,
ON123662,3III_B.3,10707,1,10707,dengue virus type 3,,III,100,B,100,3,100,,
ON123665,3III_B.3,10707,1,10707,dengue virus type 3,,III,100,B,100,3,100,,
ON123669,3III_B.3,10707,1,10707,dengue virus type 3,,III,100,B,100,3,100,,
ON123670,3III_B.3,10707,1,10707,dengue virus type 3,,III,100,B,100,3,100,,
HQ671176,3III_C.2,10681,16,10707,dengue virus type 3,,III,100,C,100,2,100,,
HQ671177,3III_C.2,10681,16,10707,dengue virus type 3,,III,100,C,100,2,100,,
HQ671178,3III_C.2,10583,1,10565,dengue virus type 3,,III,100,C,100,2,100,,
HQ705609,3III_C.2,10681,16,10707,dengue virus type 3,,III,100,C,100,2,100,,
HQ705610,3III_C.2,10681,16,10707,dengue virus type 3,,III,100,C,100,2,100,,
HQ705611,3III_C.2,10685,14,10707,dengue virus type 3,,III,100,C,100,2,100,,
HQ705612,3III_C.2,10681,16,10707,dengue virus type 3,,III,100,C,100,2,100,,
HQ705613,3III_C.2,10681,16,10707,dengue virus type 3,,III,100,C,100,2,100,,
HQ705614,3III_C.2,10681,16,10707,dengue virus type 3,,III,100,C,100,2,100,,
HQ705615,3III_C.2,10431,10,10451,dengue virus type 3,,III,100,C,100,2,100,,
HQ705616,3III_C.2,10682,15,10707,dengue virus type 3,,III,100,C,100,2,100,,
HQ705617,3III_C.2,10682,16,10707,dengue virus type 3,,III,100,C,100,2,100,,
HQ705618,3III_C.2,10680,17,10707,dengue virus type 3,,III,100,C,100,2,100,,
HQ705619,3III_C.2,10680,15,10705,dengue virus type 3,,III,100,C,100,2,100,,
HQ705620,3III_C.2,10681,16,10707,dengue virus type 3,,III,100,C,100,2,100,,
HQ705621,3III_C.2,10681,16,10707,dengue virus type 3,,III,100,C,100,2,100,,
HQ705622,3III_C.2,10681,16,10707,dengue virus type 3,,III,100,C,100,2,100,,
HQ705623,3III_C.2,10681,16,10707,dengue virus type 3,,III,100,C,100,2,100,,
HQ891025,3III_C.2,10287,16,10313,dengue virus type 3,,III,100,C,100,2,100,,
MW396465,3I_A.2,10707,1,10707,dengue virus type 3,,I,100,A,100,2,100,,
MW396468,3I_A.2,10707,1,10707,dengue virus type 3,,I,100,A,100,2,100,,
MW396466,3I_A.2,10702,6,10707,dengue virus type 3,,I,100,A,100,2,100,,
OP895705,3III_B.3,10695,13,10707,dengue virus type 3,,III,100,B,100,3,100,,
OQ721962,3III_B.3,10695,13,10707,dengue virus type 3,,III,100,B,100,3,100,,
OQ721963,3III_B.3,10703,5,10707,dengue virus type 3,,III,100,B,100,3,100,,
AY858037,3I_A,10707,1,10707,dengue virus type 3,,I,100,A,100,Could not assign,,,
AY858038,3I_A,10707,1,10707,dengue virus type 3,,I,100,A,100,Could not assign,,,
AY858039,3I_A,10707,1,10707,dengue virus type 3,,I,100,A,100,Could not assign,,,
AY858040,3I_A,10706,1,10706,dengue virus type 3,,I,100,A,100,Could not assign,,,
AY858041,3I_A,10707,1,10707,dengue virus type 3,,I,100,A,100,Could not assign,,,
AY858042,3I_A,10707,1,10707,dengue virus type 3,,I,100,A,100,Could not assign,,,
AY858043,3I_A,10706,1,10707,dengue virus type 3,,I,100,A,100,Could not assign,,,
AY858044,3I_A,10707,1,10707,dengue virus type 3,,I,100,A,100,Could not assign,,,
AY858045,3I_A,10707,1,10707,dengue virus type 3,,I,100,A,100,Could not assign,,,
AY858046,3I_A,10707,1,10707,dengue virus type 3,,I,100,A,100,Could not assign,,,
AY858047,3I_A,10688,1,10688,dengue virus type 3,,I,100,A,100,Could not assign,,,
AY858048,3I_A,10707,1,10707,dengue virus type 3,,I,100,A,100,Could not assign,,,
OQ603308,3III_C,10706,1,10707,dengue virus type 3,,III,100,C,100,Related to but not part of 2,,,
OQ603304,3III_C,10706,1,10707,dengue virus type 3,,III,100,C,100,Related to but not part of 2,,,
OQ603306,3III_C.1,10708,1,10707,dengue virus type 3,,III,100,C,100,1,100,,
OQ603307,3III_C.1,10707,1,10707,dengue virus type 3,,III,100,C,100,1,100,,
OQ603305,3III_C,10706,1,10707,dengue virus type 3,,III,100,C,100,Related to but not part of 2,,,
OQ603314,3III_C,10682,26,10707,dengue virus type 3,,III,100,C,100,Related to but not part of 2,,,
OQ948474,3III_B.3,10707,1,10707,dengue virus type 3,,III,100,B,100,3,100,,
OR418423,3III_B.1,10700,1,10707,dengue virus type 3,,III,100,B,100,1,100,,
OR821726,3III_B.3,10708,1,10707,dengue virus type 3,,III,100,B,100,3,100,,
GQ199860,3III_C.2,10652,22,10684,dengue virus type 3,,III,100,C,100,2,100,,
GQ199861,3III_C.2,10652,22,10684,dengue virus type 3,,III,100,C,100,2,100,,
GQ199862,3III_C.2,10652,22,10684,dengue virus type 3,,III,100,C,100,2,100,,
GQ199863,3III_C.2,10652,22,10684,dengue virus type 3,,III,100,C,100,2,100,,
GQ199864,3III_C.2,10652,22,10684,dengue virus type 3,,III,100,C,100,2,100,,
GQ199865,3III_C.2,10652,22,10684,dengue virus type 3,,III,100,C,100,2,100,,
GQ199870,3III_C.2,10652,22,10684,dengue virus type 3,,III,100,C,100,2,100,,
GQ199871,3III_C.2,10637,37,10684,dengue virus type 3,,III,100,C,100,2,100,,
GQ199886,3III_C,10646,22,10667,dengue virus type 3,,III,100,C,100,Could not assign,,,
GQ199888,3III,10663,22,10684,dengue virus type 3,,III,100,Could not assign,,,,,
OR977095,3III_B.3,10672,36,10707,dengue virus type 3,,III,100,B,100,3,100,,
GQ199887,3III,10663,22,10684,dengue virus type 3,,III,100,Could not assign,,,,,
GQ199889,3III,10645,22,10666,dengue virus type 3,,III,100,Could not assign,,,,,
GQ199891,3III_C.1,10663,22,10684,dengue virus type 3,,III,100,C,100,1,100,,
GQ252674,3III,10682,22,10703,dengue virus type 3,,III,100,Could not assign,,,,,
GQ252678,3III_C.1,10641,22,10662,dengue virus type 3,,III,100,C,100,1,100,,
PP563771,3III_B.3,10707,1,10707,dengue virus type 3,,III,100,B,100,3,100,,
JF295012,3II_A,10510,22,10531,dengue virus type 3,,II,100,A,100,Related to but not part of 1,,,
JF504679,3III_B.2,10685,1,10685,dengue virus type 3,,III,100,B,100,2,100,,
JF808118,3III_C,10707,1,10707,dengue virus type 3,,III,100,C,100,Related to but not part of 2,,,
JF808119,3III_C,10707,1,10707,dengue virus type 3,,III,100,C,100,Related to but not part of 2,,,
JF808120,3III_C,10707,1,10707,dengue virus type 3,,III,100,C,100,Related to but not part of 2,,,
JF808121,3III_C,10707,1,10707,dengue virus type 3,,III,100,C,100,Related to but not part of 2,,,
JF808122,3III_C,10707,1,10707,dengue virus type 3,,III,100,C,100,Related to but not part of 2,,,
JF808123,3III_C,10707,1,10707,dengue virus type 3,,III,100,C,100,Related to but not part of 2,,,
JF808124,3III_C,10699,1,10707,dengue virus type 3,,III,100,C,100,Related to but not part of 2,,,
JF808125,3III_C,10707,1,10707,dengue virus type 3,,III,100,C,100,Related to but not part of 2,,,
JF808126,3III_C,10707,1,10707,dengue virus type 3,,III,100,C,100,Related to but not part of 2,,,
JF808127,3III_C,10707,1,10707,dengue virus type 3,,III,100,C,100,Related to but not part of 2,,,
JF808128,3III_C,10707,1,10707,dengue virus type 3,,III,100,C,100,Related to but not part of 2,,,
JF808129,3III_C,10707,1,10707,dengue virus type 3,,III,100,C,100,Related to but not part of 2,,,
MG272272,4I_B.1,10652,1,10649,dengue virus type 4,,I,100,B,100,1,100,,
JQ922559,4I_B,10616,18,10632,dengue virus type 4,,I,100,B,100,Could not assign,,,
JQ922560,4I_B,10739,6,10649,dengue virus type 4,,I,100,B,100,Related to but not part of 2,,,
MG272273,4I_B.1,10652,1,10649,dengue virus type 4,,I,100,B,100,1,100,,
MG272274,4I,10652,1,10649,dengue virus type 4,,I,100,Related to but not part of B,,,,,
FJ024424,4II_B,10606,22,10627,dengue virus type 4,,II,100,B,100,,,,
FJ024476,4II_B,10606,22,10627,dengue virus type 4,,II,100,B,100,,,,
FJ182016,4II_B,10606,22,10627,dengue virus type 4,,II,100,B,100,,,,
FJ182017,4II_B,10606,22,10627,dengue virus type 4,,II,100,B,100,,,,
JX024757,4II_A,10653,1,10649,dengue virus type 4,,II,100,A,100,Could not assign,,,
JX024758,4II_A,10653,1,10649,dengue virus type 4,,II,100,A,100,Could not assign,,,
LC410196,4I_A.3,10604,27,10628,dengue virus type 4,,I,100,A,100,3,100,,
LC410197,4I_A.3,10604,27,10628,dengue virus type 4,,I,100,A,100,3,100,,
LC410198,4I_A.3,10604,27,10628,dengue virus type 4,,I,100,A,100,3,100,,
LC410199,4I_A.3,10604,27,10628,dengue virus type 4,,I,100,A,100,3,100,,
LC410200,4I_A.3,10604,27,10628,dengue virus type 4,,I,100,A,100,3,100,,
LC410201,4I_A.3,10605,27,10628,dengue virus type 4,,I,100,A,100,3,100,,
LC410202,4I_A.3,10604,27,10628,dengue virus type 4,,I,100,A,100,3,100,,
LC410203,4I_A.3,10604,27,10628,dengue virus type 4,,I,100,A,100,3,100,,
KR922405,4I_A.2,10164,102,10265,dengue virus type 4,,I,100,A,100,2,100,,
KT794007,4II_B,10649,1,10649,dengue virus type 4,,II,100,B,100,,,,
MH382789,4II_A,10653,1,10649,dengue virus type 4,,II,100,A,100,Related to but not part of 1,,,
MK514144,4II_B,10649,1,10649,dengue virus type 4,,II,100,B,100,,,,
FJ810417,4II_B,10606,22,10627,dengue virus type 4,,II,100,B,100,,,,
FJ850057,4II_B,10606,22,10627,dengue virus type 4,,II,100,B,100,,,,
FJ850058,4II_B,10606,22,10627,dengue virus type 4,,II,100,B,100,,,,
FJ850059,4II_B,10606,22,10627,dengue virus type 4,,II,100,B,100,,,,
FJ850095,4II_B,10558,22,10580,dengue virus type 4,,II,100,B,100,,,,
KF041260,4I_B.1,10652,1,10649,dengue virus type 4,,I,100,B,100,1,100,,
FJ882580,4II_B,10596,32,10627,dengue virus type 4,,II,100,B,100,,,,
FJ882581,4II_B,10606,22,10627,dengue virus type 4,,II,100,B,100,,,,
FJ882582,4II_B,10603,22,10627,dengue virus type 4,,II,100,B,100,,,,
FJ882583,4II_B,10592,36,10627,dengue virus type 4,,II,100,B,100,,,,
FJ882584,4II_B,10595,33,10627,dengue virus type 4,,II,100,B,100,,,,
FJ882585,4II_B,10594,34,10627,dengue virus type 4,,II,100,B,100,,,,
FJ882586,4II_B,10606,22,10627,dengue virus type 4,,II,100,B,100,,,,
FJ882587,4II_B,10554,36,10589,dengue virus type 4,,II,100,B,100,,,,
FJ882588,4II_B,10594,34,10627,dengue virus type 4,,II,100,B,100,,,,
FJ882589,4II_B,10595,33,10627,dengue virus type 4,,II,100,B,100,,,,
FJ882590,4II_B,10594,34,10627,dengue virus type 4,,II,100,B,100,,,,
FJ882591,4II_B,10593,35,10627,dengue virus type 4,,II,100,B,100,,,,
FJ882592,4II_B,10606,22,10627,dengue virus type 4,,II,100,B,100,,,,
FJ882595,4II_B,10606,22,10627,dengue virus type 4,,II,100,B,100,,,,
FJ882596,4II_B,10606,22,10627,dengue virus type 4,,II,100,B,100,,,,
FJ882598,4II_B,10606,22,10627,dengue virus type 4,,II,100,B,100,,,,
FJ882597,4II_B,10606,22,10627,dengue virus type 4,,II,100,B,100,,,,
FJ882599,4II_B,10595,33,10627,dengue virus type 4,,II,100,B,100,,,,
FJ882600,4II_B,10606,22,10627,dengue virus type 4,,II,100,B,100,,,,
MK614088,4I_A.3,10350,30,10377,dengue virus type 4,,I,100,A,100,3,100,,
MK614089,4II_A,10350,30,10377,dengue virus type 4,,II,100,A,100,Could not assign,,,
MK614090,4I_A.1.1,10350,30,10377,dengue virus type 4,,I,100,A,100,1,100,,
MK614091,4I_A.1.1,10350,30,10377,dengue virus type 4,,I,100,A,100,1,100,1,100
FJ882601,4II_B,10606,22,10627,dengue virus type 4,,II,100,B,100,,,1,100
MK614092,4I_A.1.1,10350,30,10377,dengue virus type 4,,I,100,A,100,1,100,,
MK614093,4I_A.1.1,10350,30,10377,dengue virus type 4,,I,100,A,100,1,100,1,100
KY474335,4II_B,10642,8,10649,dengue virus type 4,,II,100,B,100,,,1,100
MK640208,4II_A,10304,37,10337,dengue virus type 4,,II,100,A,100,Could not assign,,,
MK654681,4I_B.1,10435,60,10495,dengue virus type 4,,I,100,B,100,1,100,,
KP723482,4II_A.2,10653,1,10649,dengue virus type 4,,II,100,A,100,2,100,,
MT076955,4II_B,10648,1,10649,dengue virus type 4,,II,100,B,100,,,,
HQ332172,4II_B,10649,1,10649,dengue virus type 4,,II,100,B,100,,,,
HQ332173,4II_B,10649,1,10649,dengue virus type 4,,II,100,B,100,,,,
HQ332174,4II_B,10649,1,10649,dengue virus type 4,,II,100,B,100,,,,
HQ332175,4II_B,10649,1,10649,dengue virus type 4,,II,100,B,100,,,,
HQ332176,4II_B,10649,1,10649,dengue virus type 4,,II,100,B,100,,,,
MN018390,4I_B.2,10652,1,10649,dengue virus type 4,,I,100,B,99,2,100,,
MN018391,4I_A.3,10652,1,10649,dengue virus type 4,,I,100,A,100,3,100,,
MN018392,4I_A.2,10652,1,10649,dengue virus type 4,,I,100,A,100,2,100,,
MN018393,4II_A,10652,1,10649,dengue virus type 4,,II,100,A,100,Could not assign,,,
MN018394,4I_A.1.2,10652,1,10649,dengue virus type 4,,I,100,A,100,1,100,,
MN018395,4I_A.2,10652,1,10649,dengue virus type 4,,I,100,A,100,2,100,2,100
MN018396,4II_A,10652,1,10649,dengue virus type 4,,II,100,A,100,Could not assign,,,
MN018397,4I_A.3,10652,1,10649,dengue virus type 4,,I,100,A,100,3,100,,
MN018398,4I_B.1,10652,1,10649,dengue virus type 4,,I,100,B,100,1,100,,
KP792537,4I_A.1,10651,1,10649,dengue virus type 4,,I,100,A,100,1,100,,
KR011349,4I,10664,1,10649,dengue virus type 4,,I,100,Could not assign,,,,Related to but not part of 2,
KY670635,4I,10617,23,10625,dengue virus type 4,,I,100,Could not assign,,,,,
KY672956,4I_A.3,10661,1,10649,dengue virus type 4,,I,100,A,100,3,100,,
KY672957,4I_A.3,10661,1,10649,dengue virus type 4,,I,100,A,100,3,100,,
KY672958,4I_A.3,10661,1,10649,dengue virus type 4,,I,100,A,100,3,100,,
KY672959,4I_A.3,10661,1,10649,dengue virus type 4,,I,100,A,100,3,100,,
KY672960,4I_A.3,10661,1,10649,dengue virus type 4,,I,100,A,100,3,100,,
KX224312,4I_A.3,10652,1,10649,dengue virus type 4,,I,100,A,100,3,100,,
MH823210,4II_A,10648,1,10649,dengue virus type 4,,II,100,A,100,Could not assign,,,
MH888334,4II_A,10605,25,10625,dengue virus type 4,,II,100,A,100,Related to but not part of 2,,,
MH891769,4I_B.1,10403,45,10447,dengue virus type 4,,I,100,B,100,1,100,,
KT276273,4II_B,10649,1,10649,dengue virus type 4,,II,100,B,100,,,,
KY921909,4II_A,10605,1,10601,dengue virus type 4,,II,100,A,100,Related to but not part of 1,,,
KY921910,4II_A,10602,1,10598,dengue virus type 4,,II,100,A,100,Related to but not part of 1,,,
KX845005,4I_B.2,10647,6,10649,dengue virus type 4,,I,100,B,100,2,100,,
LC069810,4II_A,10623,16,10633,dengue virus type 4,,II,100,A,100,Related to but not part of 2,,,
KP140942,4II_B,10565,22,10587,dengue virus type 4,,II,100,B,100,,,,
JN559741,4II_B,10604,24,10627,dengue virus type 4,,II,100,B,100,,,,
JQ513345,4I_A,10604,24,10628,dengue virus type 4,,I,100,A,99,Related to but not part of 1,,,
JQ513344,4II_B,10604,24,10627,dengue virus type 4,,II,100,B,100,,,,
JQ513343,4II_B,10604,24,10627,dengue virus type 4,,II,100,B,100,,,,
JQ513340,4II_B,10604,24,10627,dengue virus type 4,,II,100,B,100,,,,
JQ513339,4II_B,10604,24,10627,dengue virus type 4,,II,100,B,100,,,,
JQ513338,4II_B,10604,24,10627,dengue virus type 4,,II,100,B,100,,,,
JQ513336,4II_B,10604,24,10627,dengue virus type 4,,II,100,B,100,,,,
JQ513333,4II_B,10604,24,10627,dengue virus type 4,,II,100,B,100,,,,
JQ513332,4II_B,10604,24,10627,dengue virus type 4,,II,100,B,100,,,,
KF955510,4I_A,10586,43,10627,dengue virus type 4,,I,100,A,100,Related to but not part of 1,,,
GU289913,4II_B,10649,1,10649,dengue virus type 4,,II,100,B,100,,,,
JN819409,4II_B,10558,55,10614,dengue virus type 4,,II,100,B,100,,,,
FJ639773,4II_B,10606,22,10627,dengue virus type 4,,II,100,B,100,,,,
FJ639745,4II_B,10566,22,10587,dengue virus type 4,,II,100,B,100,,,,
FJ639744,4II_B,10606,22,10627,dengue virus type 4,,II,100,B,100,,,,
FJ639742,4II_B,10593,22,10614,dengue virus type 4,,II,100,B,100,,,,
FJ639737,4II_B,10567,22,10587,dengue virus type 4,,II,100,B,100,,,,
MW945763,4I_A.2,10164,102,10265,dengue virus type 4,,I,100,A,100,2,100,,
MW945762,4I_A.3,10164,102,10265,dengue virus type 4,,I,100,A,100,3,100,,
MW945761,4I_A,10164,102,10265,dengue virus type 4,,I,100,A,100,Related to but not part of 3,,,
MW945760,4I_A.2,10164,102,10265,dengue virus type 4,,I,100,A,100,2,100,,
MW945759,4I_A.3,10164,102,10265,dengue virus type 4,,I,100,A,100,3,100,,
MW945758,4III,10164,102,10265,dengue virus type 4,,III,100,,,,,,
MW945757,4I_A,10164,102,10265,dengue virus type 4,,I,100,A,100,Could not assign,,,
MW945756,4I_A,10164,102,10265,dengue virus type 4,,I,100,A,99,Related to but not part of 2,,,
MW945755,4I,10164,102,10265,dengue virus type 4,,I,100,Related to but not part of A,,,,,
MW945754,4I_A.2,10164,102,10265,dengue virus type 4,,I,100,A,100,2,100,,
MW945753,4I_A,10164,102,10265,dengue virus type 4,,I,100,A,100,Could not assign,,,
MW945752,4I_A.2,10164,102,10265,dengue virus type 4,,I,100,A,100,2,100,,
MW945751,4I_A.2,10164,102,10265,dengue virus type 4,,I,100,A,100,2,100,,
MW945750,4I_A.2,10164,102,10265,dengue virus type 4,,I,100,A,100,2,100,,
MW945749,4I_A.2,10164,102,10265,dengue virus type 4,,I,100,A,100,2,100,,
MW945748,4I_A.2,10164,102,10265,dengue virus type 4,,I,100,A,100,2,100,,
MW945747,4I_A.2,10164,102,10265,dengue virus type 4,,I,100,A,100,2,100,,
MW945746,4I_A.2,10164,102,10265,dengue virus type 4,,I,100,A,100,2,100,,
MW945745,4I_A.2,10164,102,10265,dengue virus type 4,,I,100,A,100,2,100,,
MW945744,4I_A,10164,102,10265,dengue virus type 4,,I,100,A,99,Related to but not part of 1,,,
MW945743,4I_A.2,10164,102,10265,dengue virus type 4,,I,100,A,100,2,100,,
MW945742,4I_A.2,10164,102,10265,dengue virus type 4,,I,100,A,100,2,100,,
MW945741,4I_A,10164,102,10265,dengue virus type 4,,I,100,A,100,Related to but not part of 3,,,
MW945740,4II_B,10167,102,10268,dengue virus type 4,,II,100,B,100,,,,
MW945739,4I_A.2,10164,102,10265,dengue virus type 4,,I,100,A,100,2,100,,
MW945738,4I_A.3,10164,102,10265,dengue virus type 4,,I,100,A,100,3,100,,
MW945737,4I_A.2,10164,102,10265,dengue virus type 4,,I,100,A,100,2,100,,
MW945736,4I_A.2,10164,102,10265,dengue virus type 4,,I,100,A,100,2,100,,
MW945735,4I_A.2,10164,102,10265,dengue virus type 4,,I,100,A,100,2,100,,
MW945734,4I_A.3,10164,102,10265,dengue virus type 4,,I,100,A,100,3,100,,
MW945733,4I_A.3,10164,102,10265,dengue virus type 4,,I,100,A,100,3,100,,
MW945732,4I_A.3,10164,102,10265,dengue virus type 4,,I,100,A,100,3,100,,
MW945731,4I_A.2,10164,102,10265,dengue virus type 4,,I,100,A,100,2,100,,
MW945730,4I_A,10164,102,10265,dengue virus type 4,,I,100,A,100,Related to but not part of 2,,,
MW945729,4I_A,10164,102,10265,dengue virus type 4,,I,100,A,100,Related to but not part of 2,,,
MW945728,4I_A.2,10164,102,10265,dengue virus type 4,,I,100,A,100,2,100,,
MW945727,4III,10164,102,10265,dengue virus type 4,,III,100,,,,,,
MW945726,4I_A.2,10164,102,10265,dengue virus type 4,,I,100,A,100,2,100,,
MW945725,4I_A.2,10164,102,10265,dengue virus type 4,,I,100,A,100,2,100,,
MW945724,4I_A.2,10164,102,10265,dengue virus type 4,,I,100,A,100,2,100,,
MW945723,4I_A.2,10164,102,10265,dengue virus type 4,,I,100,A,100,2,100,,
MW945722,4I_A.2,10164,102,10265,dengue virus type 4,,I,100,A,100,2,100,,
MW945721,4I_A,10164,102,10265,dengue virus type 4,,I,100,A,99,Related to but not part of 3,,,
MW945720,4II_B,10167,102,10268,dengue virus type 4,,II,100,B,100,,,,
MW945719,4I_A.2,10164,102,10265,dengue virus type 4,,I,100,A,100,2,100,,
MW945718,4I_A.2,10164,102,10265,dengue virus type 4,,I,100,A,100,2,100,,
MW945717,4I_A.2,10164,102,10265,dengue virus type 4,,I,100,A,100,2,100,,
MW945716,4I_A,10164,102,10265,dengue virus type 4,,I,100,A,100,Related to but not part of 1,,,
MW945715,4I_A.2,10164,102,10265,dengue virus type 4,,I,100,A,100,2,100,,
MW945714,4I_A,10164,102,10265,dengue virus type 4,,I,100,A,100,Related to but not part of 2,,,
MW945713,4I_A,10164,102,10265,dengue virus type 4,,I,100,A,100,Related to but not part of 2,,,
MW945712,4I_A.2,10164,102,10265,dengue virus type 4,,I,100,A,100,2,100,,
MW945711,4I_A.2,10164,102,10265,dengue virus type 4,,I,100,A,100,2,100,,
MW945710,4I_A,10164,102,10265,dengue virus type 4,,I,100,A,100,Related to but not part of 2,,,
MW945709,4I_A,10164,102,10265,dengue virus type 4,,I,100,A,100,Could not assign,,,
MW945708,4I_A.3,10164,102,10265,dengue virus type 4,,I,100,A,100,3,100,,
MW945707,4I_A.2,10164,102,10265,dengue virus type 4,,I,100,A,100,2,100,,
MW945706,4I_A.2,10164,102,10265,dengue virus type 4,,I,100,A,100,2,100,,
MW945705,4I_A.2,10164,102,10265,dengue virus type 4,,I,100,A,100,2,100,,
MW945704,4I_A,10164,102,10265,dengue virus type 4,,I,100,A,100,Related to but not part of 2,,,
MW945703,4I_A.2,10164,102,10265,dengue virus type 4,,I,100,A,100,2,100,,
MW945702,4I_A.2,10164,102,10265,dengue virus type 4,,I,100,A,100,2,100,,
MW945701,4I_A.2,10164,102,10265,dengue virus type 4,,I,100,A,100,2,100,,
MW945700,4I_A,10164,102,10265,dengue virus type 4,,I,100,A,100,Related to but not part of 2,,,
MW945699,4I_A.2,10164,102,10265,dengue virus type 4,,I,100,A,100,2,100,,
MW945698,4I_A,10164,102,10265,dengue virus type 4,,I,100,A,100,Related to but not part of 2,,,
MW945697,4I_A.3,10164,102,10265,dengue virus type 4,,I,100,A,100,3,100,,
MW945696,4I_A.2,10164,102,10265,dengue virus type 4,,I,100,A,100,2,100,,
MW945695,4I_A.2,10164,102,10265,dengue virus type 4,,I,100,A,100,2,100,,
MW945694,4I_A.2,10164,102,10265,dengue virus type 4,,I,100,A,100,2,100,,
MW945693,4I_A.2,10164,102,10265,dengue virus type 4,,I,100,A,100,2,100,,
MW945692,4I_A.2,10164,102,10265,dengue virus type 4,,I,100,A,100,2,100,,
MW945691,4I_A.2,10164,102,10265,dengue virus type 4,,I,100,A,100,2,100,,
MW945690,4I_A,10164,102,10265,dengue virus type 4,,I,100,A,100,Related to but not part of 3,,,
MW945689,4I_A.2,10164,102,10265,dengue virus type 4,,I,100,A,100,2,100,,
MW945688,4I_A,10164,102,10265,dengue virus type 4,,I,100,A,100,Related to but not part of 2,,,
MW945687,4I_A,10164,102,10265,dengue virus type 4,,I,100,A,99,Related to but not part of 1,,,
MW945686,4I_A.2,10164,102,10265,dengue virus type 4,,I,100,A,100,2,100,,
MW945685,4I_A.2,10164,102,10265,dengue virus type 4,,I,100,A,100,2,100,,
MW945684,4I_A.3,10164,102,10265,dengue virus type 4,,I,100,A,100,3,100,,
MW945683,4I_A.2,10164,102,10265,dengue virus type 4,,I,100,A,100,2,100,,
MW945682,4I_A,10164,102,10265,dengue virus type 4,,I,100,A,100,Related to but not part of 2,,,
MW945681,4I_A.2,10164,102,10265,dengue virus type 4,,I,100,A,100,2,100,,
MW945680,4I_A.2,10164,102,10265,dengue virus type 4,,I,100,A,100,2,100,,
MW945679,4I_A,10164,102,10265,dengue virus type 4,,I,100,A,100,Related to but not part of 3,,,
MW945678,4I_A.2,10164,102,10265,dengue virus type 4,,I,100,A,100,2,100,,
MW945677,4I_A,10164,102,10265,dengue virus type 4,,I,100,A,100,Related to but not part of 1,,,
MW945676,4I_A.2,10164,102,10265,dengue virus type 4,,I,100,A,100,2,100,,
MW945675,4I_A.2,10164,102,10265,dengue virus type 4,,I,100,A,100,2,100,,
MW945674,4I_A.2,10164,102,10265,dengue virus type 4,,I,100,A,100,2,100,,
MW945673,4I_A,10164,102,10265,dengue virus type 4,,I,100,A,99,Could not assign,,,
MW945672,4I_A.2,10164,102,10265,dengue virus type 4,,I,100,A,100,2,100,,
MW945671,4I_A.2,10164,102,10265,dengue virus type 4,,I,100,A,100,2,100,,
MW945670,4I_A.2,10164,102,10265,dengue virus type 4,,I,100,A,100,2,100,,
MW945669,4I_A,10164,102,10265,dengue virus type 4,,I,100,A,100,Related to but not part of 3,,,
MW945668,4I_A.2,10164,102,10265,dengue virus type 4,,I,100,A,100,2,100,,
MW945667,4III,10164,102,10265,dengue virus type 4,,III,100,,,,,,
MW945666,4I_A.2,10164,102,10265,dengue virus type 4,,I,100,A,100,2,100,,
MW945665,4I_A,10164,102,10265,dengue virus type 4,,I,100,A,100,Related to but not part of 2,,,
MW945664,4I_A.3,10164,102,10265,dengue virus type 4,,I,100,A,100,3,100,,
MW945663,4I_A,10164,102,10265,dengue virus type 4,,I,100,A,99,Related to but not part of 1,,,
MW945662,4I_A.2,10164,102,10265,dengue virus type 4,,I,100,A,100,2,100,,
MW945661,4I_A,10164,102,10265,dengue virus type 4,,I,100,A,99,Related to but not part of 2,,,
MW945660,4I_A.2,10164,102,10265,dengue virus type 4,,I,100,A,100,2,100,,
MW945659,4I_A.2,10164,102,10265,dengue virus type 4,,I,100,A,100,2,100,,
MW945658,4I_A.2,10164,102,10265,dengue virus type 4,,I,100,A,100,2,100,,
MW945657,4I_A,10164,102,10265,dengue virus type 4,,I,100,A,100,Related to but not part of 1,,,
MW945656,4I_A,10164,102,10265,dengue virus type 4,,I,100,A,100,Related to but not part of 2,,,
MW945655,4I_A.2,10164,102,10265,dengue virus type 4,,I,100,A,100,2,100,,
MW945654,4I_A,10164,102,10265,dengue virus type 4,,I,100,A,99,Related to but not part of 1,,,
MW945653,4I_A.2,10164,102,10265,dengue virus type 4,,I,100,A,100,2,100,,
MW945652,4I_A.2,10164,102,10265,dengue virus type 4,,I,100,A,100,2,100,,
MW945651,4I_A.2,10164,102,10265,dengue virus type 4,,I,100,A,100,2,100,,
MW945650,4I_A,10164,102,10265,dengue virus type 4,,I,100,A,100,Related to but not part of 2,,,
MW945649,4I_A.2,10164,102,10265,dengue virus type 4,,I,100,A,100,2,100,,
MW945648,4I_A.3,10164,102,10265,dengue virus type 4,,I,100,A,100,3,100,,
MW945647,4I_A.2,10164,102,10265,dengue virus type 4,,I,100,A,100,2,100,,
MW945646,4I_A.2,10164,102,10265,dengue virus type 4,,I,100,A,100,2,100,,
MW945645,4I_A.3,10164,102,10265,dengue virus type 4,,I,100,A,100,3,100,,
MW945644,4I_A.2,10164,102,10265,dengue virus type 4,,I,100,A,100,2,100,,
MW945643,4I_A.2,10164,102,10265,dengue virus type 4,,I,100,A,100,2,100,,
MW945642,4I_A,10164,102,10265,dengue virus type 4,,I,100,A,100,Related to but not part of 2,,,
MW945641,4II_B,10167,102,10268,dengue virus type 4,,II,100,B,100,,,,
MW945640,4I_A.2,10164,102,10265,dengue virus type 4,,I,100,A,100,2,100,,
MW945639,4I_A.2,10164,102,10265,dengue virus type 4,,I,100,A,100,2,100,,
MW945638,4I_A.3,10164,102,10265,dengue virus type 4,,I,100,A,100,3,100,,
MW945637,4I_A.3,10164,102,10265,dengue virus type 4,,I,100,A,100,3,100,,
MW945636,4II_A,10164,102,10265,dengue virus type 4,,II,100,A,100,Could not assign,,,
MW945635,4I_A.2,10164,102,10265,dengue virus type 4,,I,100,A,100,2,100,,
MW945634,4I_A.2,10164,102,10265,dengue virus type 4,,I,100,A,100,2,100,,
MW945633,4I_A.2,10164,102,10265,dengue virus type 4,,I,100,A,100,2,100,,
MW945632,4I_A.3,10164,102,10265,dengue virus type 4,,I,100,A,100,3,100,,
MW945631,4I_A.2,10164,102,10265,dengue virus type 4,,I,100,A,100,2,100,,
MW945630,4I_A.2,10164,102,10265,dengue virus type 4,,I,100,A,100,2,100,,
MW945629,4I_A,10164,102,10265,dengue virus type 4,,I,100,A,99,Related to but not part of 1,,,
MW945628,4I_A.2,10164,102,10265,dengue virus type 4,,I,100,A,100,2,100,,
MW945627,4I_A.2,10164,102,10265,dengue virus type 4,,I,100,A,100,2,100,,
MW945626,4I_A,10164,102,10265,dengue virus type 4,,I,100,A,99,Related to but not part of 3,,,
MW945625,4I_A,10164,102,10265,dengue virus type 4,,I,100,A,99,Could not assign,,,
MW945624,4I_A.3,10164,102,10265,dengue virus type 4,,I,100,A,100,3,100,,
MW945623,4I_A.3,10164,102,10265,dengue virus type 4,,I,100,A,100,3,100,,
MW945622,4I_A.3,10164,102,10265,dengue virus type 4,,I,100,A,100,3,100,,
MW945621,4III,10164,102,10265,dengue virus type 4,,III,100,,,,,,
MW945620,4I_A,10164,102,10265,dengue virus type 4,,I,100,A,100,Related to but not part of 3,,,
MW945619,4III,10164,102,10265,dengue virus type 4,,III,100,,,,,,
MW945618,4I_A.2,10164,102,10265,dengue virus type 4,,I,100,A,100,2,100,,
MW945617,4I_A.2,10164,102,10265,dengue virus type 4,,I,100,A,100,2,100,,
MW945616,4I_A.2,10164,102,10265,dengue virus type 4,,I,100,A,100,2,100,,
MW945615,4I_A.2,10164,102,10265,dengue virus type 4,,I,100,A,100,2,100,,
MW945614,4I_A.2,10164,102,10265,dengue virus type 4,,I,100,A,100,2,100,,
MW945613,4I_A.3,10164,102,10265,dengue virus type 4,,I,100,A,100,3,100,,
MW945612,4I_A,10164,102,10265,dengue virus type 4,,I,100,A,100,Related to but not part of 2,,,
MW945611,4I_A.2,10164,102,10265,dengue virus type 4,,I,100,A,100,2,100,,
MW945610,4I_A.2,10164,102,10265,dengue virus type 4,,I,100,A,100,2,100,,
MW945609,4I_A,10164,102,10265,dengue virus type 4,,I,100,A,100,Related to but not part of 2,,,
MW945608,4I_A.2,10164,102,10265,dengue virus type 4,,I,100,A,100,2,100,,
MW945607,4I_A.2,10164,102,10265,dengue virus type 4,,I,100,A,100,2,100,,
MW945606,4I_A.3,10164,102,10265,dengue virus type 4,,I,100,A,100,3,100,,
MW945605,4I_A.2,10164,102,10265,dengue virus type 4,,I,100,A,100,2,100,,
MW945604,4I_A.2,10164,102,10265,dengue virus type 4,,I,100,A,100,2,100,,
MW945603,4I_A.3,10164,102,10265,dengue virus type 4,,I,100,A,100,3,100,,
MW945602,4I_A,10164,102,10265,dengue virus type 4,,I,100,A,100,Related to but not part of 2,,,
MW945601,4I_A.2,10164,102,10265,dengue virus type 4,,I,100,A,100,2,100,,
MW945600,4I_A.2,10164,102,10265,dengue virus type 4,,I,100,A,100,2,100,,
MW945599,4I_A.2,10164,102,10265,dengue virus type 4,,I,100,A,100,2,100,,
MW945598,4I_A.2,10164,102,10265,dengue virus type 4,,I,100,A,100,2,100,,
MW945597,4I_A.3,10164,102,10265,dengue virus type 4,,I,100,A,100,3,100,,
MW945596,4I_A.3,10164,102,10265,dengue virus type 4,,I,100,A,100,3,100,,
MW945595,4I_A.2,10164,102,10265,dengue virus type 4,,I,100,A,100,2,100,,
MW945594,4I_A.3,10164,102,10265,dengue virus type 4,,I,100,A,100,3,100,,
MW945593,4I_A.3,10164,102,10265,dengue virus type 4,,I,100,A,100,3,100,,
MW945592,4I_A.2,10164,102,10265,dengue virus type 4,,I,100,A,100,2,100,,
MW945591,4I_A.3,10164,102,10265,dengue virus type 4,,I,100,A,100,3,100,,
MW945590,4I_A,10164,102,10265,dengue virus type 4,,I,100,A,99,Related to but not part of 2,,,
MW945589,4I_A.2,10164,102,10265,dengue virus type 4,,I,100,A,100,2,100,,
MW945588,4I_A.2,10164,102,10265,dengue virus type 4,,I,100,A,100,2,100,,
MW945587,4I_A.2,10164,102,10265,dengue virus type 4,,I,100,A,100,2,100,,
MW945586,4I_A.2,10164,102,10265,dengue virus type 4,,I,100,A,100,2,100,,
MW945585,4I_A.2,10164,102,10265,dengue virus type 4,,I,100,A,100,2,100,,
MW945584,4I_A.2,10164,102,10265,dengue virus type 4,,I,100,A,100,2,100,,
MW945583,4I_A.2,10164,102,10265,dengue virus type 4,,I,100,A,100,2,100,,
MW945581,4I_A.2,10164,102,10265,dengue virus type 4,,I,100,A,100,2,100,,
MW945582,4I_A.3,10164,102,10265,dengue virus type 4,,I,100,A,100,3,100,,
MW945580,4I_A,10164,102,10265,dengue virus type 4,,I,100,A,100,Related to but not part of 2,,,
MW945579,4I_A.2,10164,102,10265,dengue virus type 4,,I,100,A,100,2,100,,
MW945578,4I_A.2,10164,102,10265,dengue virus type 4,,I,100,A,100,2,100,,
MW945577,4I_A.2,10164,102,10265,dengue virus type 4,,I,100,A,100,2,100,,
MW945576,4I_A.2,10164,102,10265,dengue virus type 4,,I,100,A,100,2,100,,
MW945575,4I_A.2,10164,102,10265,dengue virus type 4,,I,100,A,100,2,100,,
MW945574,4I_A.3,10164,102,10265,dengue virus type 4,,I,100,A,100,3,100,,
MW945573,4I_A.2,10164,102,10265,dengue virus type 4,,I,100,A,100,2,100,,
MW945572,4I_A,10164,102,10265,dengue virus type 4,,I,100,A,100,Could not assign,,,
MW945571,4I_A,10164,102,10265,dengue virus type 4,,I,100,A,100,Related to but not part of 2,,,
MW945570,4I_A.2,10164,102,10265,dengue virus type 4,,I,100,A,100,2,100,,
MW945569,4I_A.2,10164,102,10265,dengue virus type 4,,I,100,A,100,2,100,,
MW945568,4I_A,10164,102,10265,dengue virus type 4,,I,100,A,100,Related to but not part of 1,,,
MW945567,4I_A.3,10164,102,10265,dengue virus type 4,,I,100,A,100,3,100,,
MW945565,4I_A.3,10164,102,10265,dengue virus type 4,,I,100,A,100,3,100,,
MW945566,4I_A.2,10164,102,10265,dengue virus type 4,,I,100,A,100,2,100,,
MW945564,4I_A.2,10164,102,10265,dengue virus type 4,,I,100,A,100,2,100,,
MW945563,4I_A.2,10164,102,10265,dengue virus type 4,,I,100,A,100,2,100,,
MW945562,4I_A,10164,102,10265,dengue virus type 4,,I,100,A,100,Related to but not part of 2,,,
MW945561,4I_A,10164,102,10265,dengue virus type 4,,I,100,A,99,Related to but not part of 1,,,
MW945560,4I_A,10164,102,10265,dengue virus type 4,,I,100,A,100,Related to but not part of 2,,,
MW945559,4I_A.3,10164,102,10265,dengue virus type 4,,I,100,A,100,3,100,,
MW945558,4I_A.2,10164,102,10265,dengue virus type 4,,I,100,A,100,2,100,,
MW945557,4I_A.2,10164,102,10265,dengue virus type 4,,I,100,A,100,2,100,,
MW945556,4I_A.2,10164,102,10265,dengue virus type 4,,I,100,A,100,2,100,,
MW945555,4I_A.2,10164,102,10265,dengue virus type 4,,I,100,A,100,2,100,,
MW945553,4I_A.2,10164,102,10265,dengue virus type 4,,I,100,A,100,2,100,,
MW945554,4I_A.2,10164,102,10265,dengue virus type 4,,I,100,A,100,2,100,,
MW945552,4IV,10167,102,10268,dengue virus type 4,,IV,100,,,,,,
MW945551,4I_A.2,10164,102,10265,dengue virus type 4,,I,100,A,100,2,100,,
MW945550,4I_A.3,10164,102,10265,dengue virus type 4,,I,100,A,100,3,100,,
MW945548,4I_A.2,10164,102,10265,dengue virus type 4,,I,100,A,100,2,100,,
MW945547,4I_A,10164,102,10265,dengue virus type 4,,I,100,A,100,Could not assign,,,
MW945549,4I_A.2,10164,102,10265,dengue virus type 4,,I,100,A,100,2,100,,
MW945546,4I_A.2,10164,102,10265,dengue virus type 4,,I,100,A,100,2,100,,
MW945545,4I_A.2,10164,102,10265,dengue virus type 4,,I,100,A,100,2,100,,
MW945544,4I_A.2,10164,102,10265,dengue virus type 4,,I,100,A,100,2,100,,
MW945543,4I_A.2,10164,102,10265,dengue virus type 4,,I,100,A,100,2,100,,
MW945541,4I_A.3,10164,102,10265,dengue virus type 4,,I,100,A,100,3,100,,
MW945542,4I_A.2,10164,102,10265,dengue virus type 4,,I,100,A,100,2,100,,
MW945540,4I_A,10164,102,10265,dengue virus type 4,,I,100,A,99,Related to but not part of 3,,,
MW945539,4I_A.2,10164,102,10265,dengue virus type 4,,I,100,A,100,2,100,,
MW945538,4I_A.2,10164,102,10265,dengue virus type 4,,I,100,A,100,2,100,,
MW945537,4I_A.2,10164,102,10265,dengue virus type 4,,I,100,A,100,2,100,,
MW945536,4I_A.2,10164,102,10265,dengue virus type 4,,I,100,A,100,2,100,,
MW945535,4I_A.2,10164,102,10265,dengue virus type 4,,I,100,A,100,2,100,,
MW945534,4I_A,10164,102,10265,dengue virus type 4,,I,100,A,100,Related to but not part of 2,,,
MW945533,4I_A.2,10164,102,10265,dengue virus type 4,,I,100,A,100,2,100,,
MW945532,4I_A.3,10164,102,10265,dengue virus type 4,,I,100,A,100,3,100,,
MW945531,4I_A.2,10164,102,10265,dengue virus type 4,,I,100,A,100,2,100,,
MW945530,4I_A.2,10164,102,10265,dengue virus type 4,,I,100,A,100,2,100,,
MW945529,4I,10164,102,10265,dengue virus type 4,,I,100,Related to but not part of A,,,,,
MW945528,4I_A.2,10164,102,10265,dengue virus type 4,,I,100,A,100,2,100,,
MW945527,4I_A.2,10164,102,10265,dengue virus type 4,,I,100,A,100,2,100,,
MW945526,4I_A.2,10164,102,10265,dengue virus type 4,,I,100,A,100,2,100,,
MW945525,4I_A.2,10164,102,10265,dengue virus type 4,,I,100,A,100,2,100,,
MW945523,4I_A.2,10164,102,10265,dengue virus type 4,,I,100,A,100,2,100,,
MW945524,4I_A,10164,102,10265,dengue virus type 4,,I,100,A,100,Related to but not part of 2,,,
MW945522,4I_A.2,10164,102,10265,dengue virus type 4,,I,100,A,100,2,100,,
MW945521,4I_A.2,10164,102,10265,dengue virus type 4,,I,100,A,100,2,100,,
MW945520,4I_A.2,10164,102,10265,dengue virus type 4,,I,100,A,100,2,100,,
MW945519,4II_B,10167,102,10268,dengue virus type 4,,II,100,B,100,,,,
MW945518,4I_A.3,10164,102,10265,dengue virus type 4,,I,100,A,100,3,100,,
MW945517,4I_A.2,10164,102,10265,dengue virus type 4,,I,100,A,100,2,100,,
MW945516,4I_A.2,10164,102,10265,dengue virus type 4,,I,100,A,100,2,100,,
MW945515,4I_A,10164,102,10265,dengue virus type 4,,I,100,A,100,Related to but not part of 2,,,
MW945514,4I_A,10164,102,10265,dengue virus type 4,,I,100,A,99,Related to but not part of 1,,,
MW945513,4I_A,10164,102,10265,dengue virus type 4,,I,100,A,100,Related to but not part of 2,,,
MW945512,4I_A.2,10164,102,10265,dengue virus type 4,,I,100,A,100,2,100,,
MW945511,4I_A.2,10164,102,10265,dengue virus type 4,,I,100,A,100,2,100,,
MW945510,4I_A,10164,102,10265,dengue virus type 4,,I,100,A,100,Related to but not part of 2,,,
MW945509,4I_A.3,10164,102,10265,dengue virus type 4,,I,100,A,100,3,100,,
MW945508,4I_A.3,10164,102,10265,dengue virus type 4,,I,100,A,100,3,100,,
MW945507,4I_A,10164,102,10265,dengue virus type 4,,I,100,A,100,Related to but not part of 2,,,
MW945506,4I_A.3,10164,102,10265,dengue virus type 4,,I,100,A,100,3,100,,
MW945505,4I_A.3,10164,102,10265,dengue virus type 4,,I,100,A,100,3,100,,
MW945504,4I_A.2,10164,102,10265,dengue virus type 4,,I,100,A,100,2,100,,
MW945503,4I,10164,102,10265,dengue virus type 4,,I,101,Related to but not part of A,,,,,
MW945502,4I_A.3,10164,102,10265,dengue virus type 4,,I,100,A,100,3,100,,
MW945501,4I_A.2,10164,102,10265,dengue virus type 4,,I,100,A,100,2,100,,
MW945500,4I_A.2,10164,102,10265,dengue virus type 4,,I,100,A,100,2,100,,
MW945499,4I_A.3,10164,102,10265,dengue virus type 4,,I,100,A,100,3,100,,
MW945498,4I_A,10164,102,10265,dengue virus type 4,,I,100,A,100,Related to but not part of 1,,,
MW945497,4I_A.2,10164,102,10265,dengue virus type 4,,I,100,A,100,2,100,,
MW945496,4I_A.2,10164,102,10265,dengue virus type 4,,I,100,A,100,2,100,,
MW945495,4I_A.2,10164,102,10265,dengue virus type 4,,I,100,A,100,2,100,,
MW945494,4I_A.2,10164,102,10265,dengue virus type 4,,I,100,A,100,2,100,,
MW945493,4III,10164,102,10265,dengue virus type 4,,III,100,,,,,,
MW945492,4I_A.2,10164,102,10265,dengue virus type 4,,I,100,A,100,2,100,,
MW945491,4I_A.3,10164,102,10265,dengue virus type 4,,I,100,A,100,3,100,,
MW945490,4I_A.3,10164,102,10265,dengue virus type 4,,I,100,A,100,3,100,,
MW945489,4I_A.2,10164,102,10265,dengue virus type 4,,I,100,A,100,2,100,,
MW945487,4I_A,10164,102,10265,dengue virus type 4,,I,100,A,100,Related to but not part of 2,,,
MW945488,4I_A.2,10164,102,10265,dengue virus type 4,,I,100,A,100,2,100,,
MW945486,4I_A,10164,102,10265,dengue virus type 4,,I,100,A,100,Related to but not part of 2,,,
MW945485,4I_A,10164,102,10265,dengue virus type 4,,I,100,A,100,Related to but not part of 2,,,
MW945484,4I_A.2,10164,102,10265,dengue virus type 4,,I,100,A,100,2,100,,
MW945483,4I_A.2,10164,102,10265,dengue virus type 4,,I,100,A,100,2,100,,
MW945482,4I_A.2,10164,102,10265,dengue virus type 4,,I,100,A,100,2,100,,
MW945481,4I_A.2,10164,102,10265,dengue virus type 4,,I,100,A,100,2,100,,
MW945480,4I_A.2,10164,102,10265,dengue virus type 4,,I,100,A,100,2,100,,
MW945479,4I_A.2,10164,102,10265,dengue virus type 4,,I,100,A,100,2,100,,
MW945478,4I_A.2,10164,102,10265,dengue virus type 4,,I,100,A,100,2,100,,
MW945477,4I_A.2,10164,102,10265,dengue virus type 4,,I,100,A,100,2,100,,
MW945476,4I_A,10164,102,10265,dengue virus type 4,,I,100,A,100,Could not assign,,,
MW945475,4I_A.2,10164,102,10265,dengue virus type 4,,I,100,A,100,2,100,,
MW945474,4I_A.2,10164,102,10265,dengue virus type 4,,I,100,A,100,2,100,,
MW945473,4I_A.2,10164,102,10265,dengue virus type 4,,I,100,A,100,2,100,,
MW945472,4I_A.2,10164,102,10265,dengue virus type 4,,I,100,A,100,2,100,,
MW945471,4I_A.2,10164,102,10265,dengue virus type 4,,I,100,A,100,2,100,,
MW945470,4I_A.2,10164,102,10265,dengue virus type 4,,I,100,A,100,2,100,,
MW945469,4I_A.2,10164,102,10265,dengue virus type 4,,I,100,A,100,2,100,,
MW945468,4I_A.2,10164,102,10265,dengue virus type 4,,I,100,A,100,2,100,,
MW945467,4I_A.2,10164,102,10265,dengue virus type 4,,I,100,A,100,2,100,,
MW945466,4I_A.2,10164,102,10265,dengue virus type 4,,I,100,A,100,2,100,,
MW945465,4I_A.2,10164,102,10265,dengue virus type 4,,I,100,A,100,2,100,,
MW945464,4I_A.2,10164,102,10265,dengue virus type 4,,I,100,A,100,2,100,,
MW945463,4I_A.2,10164,102,10265,dengue virus type 4,,I,100,A,100,2,100,,
MW945462,4I_A.2,10164,102,10265,dengue virus type 4,,I,100,A,100,2,100,,
MW945461,4I_A,10164,102,10265,dengue virus type 4,,I,100,A,99,Related to but not part of 2,,,
MW945460,4I_A.2,10164,102,10265,dengue virus type 4,,I,100,A,100,2,100,,
MW945459,4I_A.3,10164,102,10265,dengue virus type 4,,I,100,A,100,3,100,,
MW945458,4I_A,10164,102,10265,dengue virus type 4,,I,100,A,99,Related to but not part of 2,,,
MW945457,4I_A.2,10164,102,10265,dengue virus type 4,,I,100,A,100,2,100,,
MW945456,4I_A.2,10164,102,10265,dengue virus type 4,,I,100,A,100,2,100,,
MW945455,4I_A,10164,102,10265,dengue virus type 4,,I,100,A,100,Related to but not part of 2,,,
MW945454,4I_A,10164,102,10265,dengue virus type 4,,I,100,A,100,Related to but not part of 2,,,
MW945437,4II_B,10167,102,10268,dengue virus type 4,,II,100,B,100,,,,
MW945436,4II_B,10167,102,10268,dengue virus type 4,,II,100,B,100,,,,
MW881266,4II_B,10164,102,10265,dengue virus type 4,,II,100,B,100,,,,
MW793460,4II_B,10648,1,10649,dengue virus type 4,,II,100,B,100,,,,
MW793459,4II_B,10648,1,10649,dengue virus type 4,,II,100,B,100,,,,
AY947539,4I,10643,9,10636,dengue virus type 4,,I,100,Could not assign,,,,,
OK605767,4II,10648,1,10649,dengue virus type 4,,II,100,Related to but not part of B,,,,,
OK605768,4II_B,10649,1,10649,dengue virus type 4,,II,100,B,100,,,,
OK605769,4I_B,10651,1,10649,dengue virus type 4,,I,100,B,100,Could not assign,,,
OK605770,4II_B,10649,1,10649,dengue virus type 4,,II,100,B,100,,,,
OK605771,4I_A,10650,1,10649,dengue virus type 4,,I,100,A,99,Related to but not part of 2,,,
ON123668,4I_B.1,10649,1,10649,dengue virus type 4,,I,100,B,100,1,100,,
MW720991,4II_A.2,10650,4,10649,dengue virus type 4,,II,100,A,100,2,100,,
MW720995,4II_A.2,10650,4,10649,dengue virus type 4,,II,100,A,100,2,100,,
MZ215848,dengue virus type 4,10677,1,10649,dengue virus type 4,,Related to but not part of IV,,,,,,,
ON799402,4I_B.1,10649,1,10649,dengue virus type 4,,I,100,B,100,1,100,,
ON799403,4I_B.1,10649,1,10649,dengue virus type 4,,I,100,B,100,1,100,,
OL314735,4II_A.1,10653,1,10649,dengue virus type 4,,II,100,A,100,1,100,,
OL314737,4II_A.1,10653,1,10649,dengue virus type 4,,II,100,A,100,1,100,,
OL314736,4II_A,10653,1,10649,dengue virus type 4,,II,100,A,100,Related to but not part of 1,,,
OL314738,4II_A.1,10653,1,10649,dengue virus type 4,,II,100,A,100,1,100,,
OL314739,4II_A.1,10653,1,10649,dengue virus type 4,,II,100,A,100,1,100,,
OL314740,4II_A,10653,1,10649,dengue virus type 4,,II,100,A,100,Could not assign,,,
OL314741,4II_A.1,10653,1,10649,dengue virus type 4,,II,100,A,100,1,100,,
OL314742,4II_A,10653,1,10649,dengue virus type 4,,II,100,A,100,Related to but not part of 1,,,
OL314743,4II_A.1,10653,1,10649,dengue virus type 4,,II,100,A,100,1,100,,
OL314744,4II_A.1,10653,1,10649,dengue virus type 4,,II,100,A,100,1,100,,
OL314745,4II_A.1,10653,1,10649,dengue virus type 4,,II,100,A,100,1,100,,
OL314746,4II_A,10653,1,10649,dengue virus type 4,,II,100,A,100,Related to but not part of 1,,,
OL314747,4II_A.1,10653,1,10649,dengue virus type 4,,II,100,A,100,1,100,,
KC762694,4II_A.2,10636,1,10632,dengue virus type 4,,II,100,A,100,2,100,,
KC762695,4II_A,10619,1,10615,dengue virus type 4,,II,100,A,100,Could not assign,,,
GQ199876,4II_B,10595,33,10627,dengue virus type 4,,II,100,B,100,,,,
KC762696,4II_A.2,10653,1,10649,dengue virus type 4,,II,100,A,100,2,100,,
GQ199878,4II_B,10592,36,10627,dengue virus type 4,,II,100,B,100,,,,
GQ199879,4II_B,10593,35,10627,dengue virus type 4,,II,100,B,100,,,,
GQ199880,4II_B,10590,38,10627,dengue virus type 4,,II,100,B,100,,,,
GQ199881,4II_B,10590,38,10627,dengue virus type 4,,II,100,B,100,,,,
GQ199882,4II_B,10592,36,10627,dengue virus type 4,,II,100,B,100,,,,
GQ199883,4II_B,10606,22,10627,dengue virus type 4,,II,100,B,100,,,,
GQ199884,4II_B,10606,22,10627,dengue virus type 4,,II,100,B,100,,,,
GQ199885,4II_B,10590,38,10627,dengue virus type 4,,II,100,B,100,,,,
KC762697,4II_A,10653,1,10649,dengue virus type 4,,II,100,A,100,Could not assign,,,
KC762698,4II_A.2,10653,1,10649,dengue virus type 4,,II,100,A,100,2,100,,
GQ252675,4II_B,10591,37,10627,dengue virus type 4,,II,100,B,100,,,,
JF262781,4II_B,10649,1,10649,dengue virus type 4,,II,100,B,100,,,,
JF262782,4II_B,10649,1,10649,dengue virus type 4,,II,100,B,100,,,,
JF262783,4I,10659,1,10649,dengue virus type 4,,I,100,Could not assign,,,,,
KC762699,4II_A.2,10641,1,10637,dengue virus type 4,,II,100,A,100,2,100,,
JF741967,4II_A.2,10631,1,10627,dengue virus type 4,,II,100,A,100,2,100,,
MG601754,4I_A.3,10772,1,10649,dengue virus type 4,,I,100,A,100,3,100,,
GQ398256,4II_A,10653,1,10649,dengue virus type 4,,II,100,A,100,Could not assign,,,
GQ868579,4II_B,10593,35,10627,dengue virus type 4,,II,100,B,100,,,,
GQ868580,4II_B,10598,27,10627,dengue virus type 4,,II,100,B,100,,,,
GQ868581,4II_B,10592,36,10627,dengue virus type 4,,II,100,B,100,,,,
GQ868582,4II_B,10606,22,10627,dengue virus type 4,,II,100,B,100,,,,
GQ868583,4II_B,10551,36,10587,dengue virus type 4,,II,100,B,100,,,,
GQ868584,4II_B,10552,35,10587,dengue virus type 4,,II,100,B,100,,,,
GQ868585,4II_B,10606,22,10627,dengue virus type 4,,II,100,B,100,,,,
GQ868594,4I,10607,36,10627,dengue virus type 4,,I,100,Could not assign,,,,,
GQ868642,4II_B,10595,33,10627,dengue virus type 4,,II,100,B,100,,,,
GQ868644,4II_B,10637,1,10627,dengue virus type 4,,II,100,B,100,,,,
GQ868643,4II_B,10593,35,10627,dengue virus type 4,,II,100,B,100,,,,
GQ868645,4II_B,10606,22,10627,dengue virus type 4,,II,100,B,100,,,,
FJ226067,4II_B,10606,22,10627,dengue virus type 4,,II,100,B,100,,,,
KC333651,4II_A,10574,27,10596,dengue virus type 4,,II,100,A,100,Could not assign,,,
KU509287,4I_B.2,10505,98,10600,dengue virus type 4,,I,100,B,99,2,100,,
KU509288,4II_A,10500,100,10598,dengue virus type 4,,II,100,A,100,Related to but not part of 1,,,
JQ513330,4II_B,10604,24,10627,dengue virus type 4,,II,100,B,100,,,,
JQ513331,4II_B,10604,24,10627,dengue virus type 4,,II,100,B,100,,,,
JQ513334,4II_B,10604,24,10627,dengue virus type 4,,II,100,B,100,,,,
JQ513335,4II_B,10604,24,10627,dengue virus type 4,,II,100,B,100,,,,
JQ513337,4II_B,10604,24,10627,dengue virus type 4,,II,100,B,100,,,,
JQ513341,4II_B,10604,24,10627,dengue virus type 4,,II,100,B,100,,,,
JQ513342,4II_B,10604,24,10627,dengue virus type 4,,II,100,B,100,,,,
FJ639736,4II_B,10606,22,10627,dengue virus type 4,,II,100,B,100,,,,
FJ639738,4II_B,10566,22,10587,dengue virus type 4,,II,100,B,100,,,,
FJ639739,4II_B,10606,22,10627,dengue virus type 4,,II,100,B,100,,,,
FJ639748,4II_B,10551,37,10587,dengue virus type 4,,II,100,B,100,,,,
FJ639764,4II_B,10566,22,10587,dengue virus type 4,,II,100,B,100,,,,
KM190936,4II_B,10592,36,10627,dengue virus type 4,,II,100,B,100,,,,
JN559740,4II_B,10604,24,10627,dengue virus type 4,,II,100,B,100,,,,
KU513441,4II_B,10650,1,10649,dengue virus type 4,,II,100,B,100,,,,
JN638570,4I_A.2,10650,1,10635,dengue virus type 4,,I,100,A,100,2,100,,
JN638571,4I_A.2,10656,1,10641,dengue virus type 4,,I,100,A,100,2,100,,
JN638572,4I_A.2,10656,1,10649,dengue virus type 4,,I,100,A,100,2,100,,
KJ160504,4II_B,10650,1,10649,dengue virus type 4,,II,100,B,100,,,,
JN819406,4II_B,10357,35,10391,dengue virus type 4,,II,100,B,100,,,,
KU523872,4II_A,10653,1,10649,dengue virus type 4,,II,100,A,100,Related to but not part of 1,,,
KU523871,4II_A,10589,1,10585,dengue virus type 4,,II,100,A,100,Could not assign,,,
JN983813,4II_B,10649,1,10649,dengue virus type 4,,II,100,B,100,,,,
KP188557,4II_B,10425,1,10414,dengue virus type 4,,II,100,B,100,,,,
KP188558,4II_B,10572,20,10586,dengue virus type 4,,II,100,B,100,,,,
KP188559,4II_B,10372,50,10419,dengue virus type 4,,II,100,B,100,,,,
KP188560,4II_B,10576,20,10588,dengue virus type 4,,II,100,B,100,,,,
KP188561,4II_B,10438,3,10446,dengue virus type 4,,II,100,B,100,,,,
KP188562,4II_B,10649,1,10603,dengue virus type 4,,II,100,B,100,,,,
KP188563,4II_B,10654,55,10649,dengue virus type 4,,II,100,B,100,,,,
KP188564,4II_B,10618,1,10573,dengue virus type 4,,II,100,B,100,,,,
KP188565,4II_B,10355,94,10448,dengue virus type 4,,II,100,B,100,,,,
KP188566,4II_B,10426,60,10485,dengue virus type 4,,II,100,B,100,,,,
EU854295,4II_B,10566,22,10587,dengue virus type 4,,II,100,B,100,,,,
EU854296,4II_B,10606,22,10627,dengue virus type 4,,II,100,B,100,,,,
EU854297,4II_B,10606,22,10627,dengue virus type 4,,II,100,B,100,,,,
EU854299,4II_B,10606,22,10627,dengue virus type 4,,II,100,B,100,,,,
EU854300,4II_B,10606,22,10627,dengue virus type 4,,II,100,B,100,,,,
EU854301,4II_B,10606,22,10627,dengue virus type 4,,II,100,B,100,,,,
JQ822247,4II_A.2,10653,1,10649,dengue virus type 4,,II,100,A,100,2,100,,
JQ915081,4II_A,10572,41,10609,dengue virus type 4,,II,100,A,100,Could not assign,,,
JQ915082,4II_A,10572,41,10609,dengue virus type 4,,II,100,A,100,Could not assign,,,
JQ915083,4II_A,10572,41,10609,dengue virus type 4,,II,100,A,100,Could not assign,,,
JQ915084,4II_A,10573,41,10609,dengue virus type 4,,II,100,A,100,Could not assign,,,
JQ915085,4II_A,10572,41,10609,dengue virus type 4,,II,100,A,100,Could not assign,,,
JQ915086,4II_A,10572,41,10609,dengue virus type 4,,II,100,A,100,Could not assign,,,
JQ915087,4II_A,10246,41,10285,dengue virus type 4,,II,100,A,100,Could not assign,,,
JQ915088,4II_A,10572,41,10609,dengue virus type 4,,II,100,A,100,Could not assign,,,
JQ915089,4II_A,10572,41,10609,dengue virus type 4,,II,100,A,100,Could not assign,,,
JQ915090,4II_A,10246,41,10285,dengue virus type 4,,II,100,A,100,Could not assign,,,
KJ579240,4II_B,10649,1,10649,dengue virus type 4,,II,100,B,100,,,,
KJ579241,4II_B,10649,1,10649,dengue virus type 4,,II,100,B,100,,,,
KJ579242,4II_B,10649,1,10649,dengue virus type 4,,II,100,B,100,,,,
KJ579243,4II_B,10649,1,10649,dengue virus type 4,,II,100,B,100,,,,
KJ579244,4II_B,10649,1,10649,dengue virus type 4,,II,100,B,100,,,,
KJ579245,4II_B,10649,1,10649,dengue virus type 4,,II,100,B,100,,,,
KJ579246,4II_B,10649,1,10649,dengue virus type 4,,II,100,B,100,,,,
KJ579247,4II_B,10650,1,10649,dengue virus type 4,,II,100,B,100,,,,
KJ579248,4II_B,10649,1,10649,dengue virus type 4,,II,100,B,100,,,,
KJ596658,4II_B,10649,1,10649,dengue virus type 4,,II,100,B,100,,,,
KJ596659,4II_B,10649,1,10649,dengue virus type 4,,II,100,B,100,,,,
KJ596660,4II_B,10649,1,10649,dengue virus type 4,,II,100,B,100,,,,
KJ596661,4II_B,10649,1,10649,dengue virus type 4,,II,100,B,100,,,,
KJ596662,4II_B,10649,1,10649,dengue virus type 4,,II,100,B,100,,,,
KJ596663,4II_B,10649,1,10649,dengue virus type 4,,II,100,B,100,,,,
KJ596664,4II_B,10649,1,10649,dengue virus type 4,,II,100,B,100,,,,
KJ596666,4II_B,10649,1,10649,dengue virus type 4,,II,100,B,100,,,,
KJ596667,4II_B,10649,1,10649,dengue virus type 4,,II,100,B,100,,,,
KJ596668,4II_B,10649,1,10649,dengue virus type 4,,II,100,B,100,,,,
KJ596669,4II_B,10649,1,10649,dengue virus type 4,,II,100,B,100,,,,
KJ596670,4II_B,10649,1,10649,dengue virus type 4,,II,100,B,100,,,,
KJ596671,4II_B,10649,1,10649,dengue virus type 4,,II,100,B,100,,,,
KJ596672,4II_B,10649,1,10649,dengue virus type 4,,II,100,B,100,,,,
KJ596673,4II_B,10649,1,10649,dengue virus type 4,,II,100,B,100,,,,
KJ596674,4II_B,10649,1,10649,dengue virus type 4,,II,100,B,100,,,,
KJ596665,4II_B,10649,1,10649,dengue virus type 4,,II,100,B,100,,,,
JQ922558,4I,10626,22,10632,dengue virus type 4,,I,100,Could not assign,,,,,
KR919820,dengue virus type 1,10724,1,10735,dengue virus type 1,,Could not assign,,,,,,,
KR919821,1I_K,10735,1,10735,dengue virus type 1,,I,100,K,70,Could not assign,,,
MH450295,2III_D.2,10691,15,10702,dengue virus type 2,,III,100,D,100,2,100,,
MH450296,3III_C.1,10673,15,10686,dengue virus type 3,,III,100,C,100,1,100,,
MH450297,1V_D.1,10700,15,10714,dengue virus type 1,,V,100,D,100,1,100,,
MH450298,3III_C.1,10570,15,10583,dengue virus type 3,,III,100,C,100,1,100,,
MH450299,3III_C.1,10678,15,10691,dengue virus type 3,,III,100,C,100,1,100,,
MH450300,2III_D.2,10431,15,10444,dengue virus type 2,,III,100,D,100,2,100,,
MH450301,1V_D.1,10481,24,10504,dengue virus type 1,,V,100,D,100,1,100,,
MH450302,2III_D.2,10691,15,10705,dengue virus type 2,,III,100,D,100,2,100,,
MH450303,1V_D.1,10672,15,10686,dengue virus type 1,,V,100,D,100,1,100,,
MH450304,1V_D.1,10701,14,10714,dengue virus type 1,,V,100,D,100,1,100,,
MH450305,4II_B,10649,1,10649,dengue virus type 4,,II,100,B,100,,,,
MH450306,1V_F,10711,4,10716,dengue virus type 1,,V,100,F,100,,,,
MH450307,4II_B,10649,17,10649,dengue virus type 4,,II,100,B,100,,,,
MH450308,4II_B,10586,25,10609,dengue virus type 4,,II,100,B,100,,,,
MH450309,4II_B,10649,17,10649,dengue virus type 4,,II,100,B,100,,,,
MH450310,2III_D.2,10673,16,10688,dengue virus type 2,,III,100,D,100,2,100,,
MH450311,3III_C.1,10684,3,10687,dengue virus type 3,,III,100,C,100,1,100,,
KT026308,4I_A.2,10551,64,10612,dengue virus type 4,,I,100,A,100,2,100,,
KT026309,4I_A.2,10384,87,10469,dengue virus type 4,,I,100,A,100,2,100,,
KY586306,1I_J,10179,95,10273,dengue virus type 1,,I,100,J,100,,,,
KY586307,1I_J,10179,95,10273,dengue virus type 1,,I,100,J,100,,,,
KY586308,1I_J,10179,95,10273,dengue virus type 1,,I,100,J,100,,,,
KY586309,1I_J,10179,95,10273,dengue virus type 1,,I,100,J,100,,,,
KY586310,1I_J,10179,95,10273,dengue virus type 1,,I,100,J,100,,,,
KY586311,1I_J,10179,95,10273,dengue virus type 1,,I,100,J,100,,,,
KY586312,1I_K,10179,95,10273,dengue virus type 1,,I,100,K,100,Related to but not part of 3,,,
KY586313,1I_K,10179,95,10273,dengue virus type 1,,I,100,K,100,Related to but not part of 3,,,
KY586314,1I_K,10179,95,10273,dengue virus type 1,,I,100,K,100,Related to but not part of 3,,,
KY586315,1I_K,10179,95,10273,dengue virus type 1,,I,100,K,100,Related to but not part of 3,,,
KY586316,1I_K,10179,95,10273,dengue virus type 1,,I,100,K,100,Related to but not part of 3,,,
KY586317,1I_K,10179,95,10273,dengue virus type 1,,I,100,K,100,Related to but not part of 3,,,
KY586318,1I_K,10179,95,10273,dengue virus type 1,,I,100,K,100,Related to but not part of 3,,,
KY586319,1I_K,10179,95,10273,dengue virus type 1,,I,100,K,100,Related to but not part of 3,,,
KY586320,1I_K,10179,95,10273,dengue virus type 1,,I,100,K,100,Related to but not part of 3,,,
KY586321,1I_K,10179,95,10273,dengue virus type 1,,I,100,K,100,Related to but not part of 3,,,
KY586322,1I_K,10179,95,10273,dengue virus type 1,,I,100,K,100,Related to but not part of 3,,,
KY586323,1I_K,10179,95,10273,dengue virus type 1,,I,100,K,100,Related to but not part of 3,,,
KY586324,1I_K,10179,95,10273,dengue virus type 1,,I,100,K,100,Related to but not part of 3,,,
KY586325,1I_K,10179,95,10273,dengue virus type 1,,I,100,K,100,Related to but not part of 3,,,
KY586326,1I_K,10179,95,10273,dengue virus type 1,,I,100,K,66,Related to but not part of 3,,,
KY586327,1I_K,10179,95,10273,dengue virus type 1,,I,100,K,64,Related to but not part of 3,,,
KY586328,1I_K,10179,95,10273,dengue virus type 1,,I,100,K,63,Related to but not part of 3,,,
KY586329,1I_K,10179,95,10273,dengue virus type 1,,I,100,K,60,Related to but not part of 3,,,
KY586330,1I_K,10179,95,10273,dengue virus type 1,,I,100,K,64,Related to but not part of 3,,,
KY586331,1I_K,10179,95,10273,dengue virus type 1,,I,100,K,64,Related to but not part of 3,,,
KY586332,1I_K,10179,95,10273,dengue virus type 1,,I,100,K,69,Related to but not part of 3,,,
KY586333,1I_K,10179,95,10273,dengue virus type 1,,I,100,K,62,Related to but not part of 3,,,
KY586334,1I_K,10179,95,10273,dengue virus type 1,,I,100,K,64,Related to but not part of 3,,,
KY586335,1I_K,10179,95,10273,dengue virus type 1,,I,100,K,66,Related to but not part of 3,,,
KY586336,1I_K,10179,95,10273,dengue virus type 1,,I,100,K,64,Related to but not part of 3,,,
KY586337,1I_K,10179,95,10273,dengue virus type 1,,I,100,K,65,Related to but not part of 3,,,
KY586338,1I_K,10179,95,10273,dengue virus type 1,,I,100,K,63,Related to but not part of 3,,,
KY586339,1I_K,10179,95,10273,dengue virus type 1,,I,100,K,57,Related to but not part of 3,,,
KY586340,1I_K,10179,95,10273,dengue virus type 1,,I,100,K,64,Related to but not part of 3,,,
KY586341,1I_K,10179,95,10273,dengue virus type 1,,I,100,K,57,Related to but not part of 3,,,
KY586342,1I_K,10179,95,10273,dengue virus type 1,,I,100,K,59,Could not assign,,,
KY586343,1I_K,10179,95,10273,dengue virus type 1,,I,100,K,61,Could not assign,,,
KY586344,1I_K,10179,95,10273,dengue virus type 1,,I,100,K,60,Could not assign,,,
KY586345,1I_K,10179,95,10273,dengue virus type 1,,I,100,K,60,Could not assign,,,
KY586346,1I_K,10179,95,10273,dengue virus type 1,,I,100,K,61,Could not assign,,,
KY586347,1I_K,10179,95,10273,dengue virus type 1,,I,100,K,63,Could not assign,,,
KY586348,1I_K,10179,95,10273,dengue virus type 1,,I,100,K,61,Could not assign,,,
KY586349,1I_K,10179,95,10273,dengue virus type 1,,I,100,K,60,Could not assign,,,
KY586350,1I_K,10179,95,10273,dengue virus type 1,,I,100,K,58,Could not assign,,,
KY586351,1I_K,10179,95,10273,dengue virus type 1,,I,100,K,55,Could not assign,,,
KY586352,1I_K,10179,95,10273,dengue virus type 1,,I,100,K,65,Could not assign,,,
KY586353,1I_K,10179,95,10273,dengue virus type 1,,I,100,K,66,Could not assign,,,
KY586354,1I_K,10179,95,10273,dengue virus type 1,,I,100,K,66,Could not assign,,,
KY586355,1I_K,10179,95,10273,dengue virus type 1,,I,100,K,57,Could not assign,,,
KY586356,1I_K,10179,95,10273,dengue virus type 1,,I,100,K,63,Could not assign,,,
KY586357,1I_K,10179,95,10273,dengue virus type 1,,I,100,K,63,Could not assign,,,
KY586358,1I_K,10179,95,10273,dengue virus type 1,,I,100,K,57,Could not assign,,,
KY586359,1I_K,10179,95,10273,dengue virus type 1,,I,100,K,59,Could not assign,,,
KY586360,1I_K,10179,95,10273,dengue virus type 1,,I,100,K,61,Could not assign,,,
KY586361,1I_K,10179,95,10273,dengue virus type 1,,I,100,K,97,Related to but not part of 2,,,
KY586362,1I_K,10179,95,10273,dengue virus type 1,,I,100,K,58,Could not assign,,,
KY586363,1I_K,10179,95,10273,dengue virus type 1,,I,100,K,59,Could not assign,,,
KY586364,1I_K,10179,95,10273,dengue virus type 1,,I,100,K,59,Could not assign,,,
KY586365,1I_K,10179,95,10273,dengue virus type 1,,I,100,K,65,Could not assign,,,
KY586366,1I_K,10179,95,10273,dengue virus type 1,,I,100,K,100,Could not assign,,,
KY586367,1I,10179,95,10273,dengue virus type 1,,I,100,Related to but not part of K,,,,,
KY586368,1I,10179,95,10273,dengue virus type 1,,I,100,Related to but not part of K,,,,,
KY586369,1I,10179,95,10273,dengue virus type 1,,I,100,Related to but not part of K,,,,,
KY586370,1I,10179,95,10273,dengue virus type 1,,I,100,Could not assign,,,,,
KY586371,1I,10179,95,10273,dengue virus type 1,,I,100,Could not assign,,,,,
KY586372,1I,10179,95,10273,dengue virus type 1,,I,100,Could not assign,,,,,
KY586373,1I,10179,95,10273,dengue virus type 1,,I,100,Could not assign,,,,,
KY586374,1I,10179,95,10273,dengue virus type 1,,I,100,Could not assign,,,,,
KY586375,1I,10179,95,10273,dengue virus type 1,,I,100,Could not assign,,,,,
KY586376,1I,10179,95,10273,dengue virus type 1,,I,100,Could not assign,,,,,
KY586377,1I,10179,95,10273,dengue virus type 1,,I,100,Could not assign,,,,,
KY586378,1I,10179,95,10273,dengue virus type 1,,I,100,Could not assign,,,,,
KY586379,1I,10179,95,10273,dengue virus type 1,,I,100,Could not assign,,,,,
KY586380,1I,10179,95,10273,dengue virus type 1,,I,100,Could not assign,,,,,
KY586381,1I,10179,95,10273,dengue virus type 1,,I,100,Could not assign,,,,,
KY586382,1I,10179,95,10273,dengue virus type 1,,I,100,Could not assign,,,,,
KY586383,1I_H,10179,95,10273,dengue virus type 1,,I,100,H,100,Related to but not part of 2,,,
KY586384,1I_H,10179,95,10273,dengue virus type 1,,I,100,H,100,Related to but not part of 2,,,
KY586385,1I_H,10179,95,10273,dengue virus type 1,,I,100,H,100,Related to but not part of 2,,,
KY586386,1I_H,10179,95,10273,dengue virus type 1,,I,100,H,100,Related to but not part of 2,,,
KY586387,1I_H,10179,95,10273,dengue virus type 1,,I,100,H,100,Related to but not part of 2,,,
KY586388,1I_H,10179,95,10273,dengue virus type 1,,I,100,H,100,Related to but not part of 2,,,
KY586389,1I_H,10179,95,10273,dengue virus type 1,,I,100,H,100,Related to but not part of 2,,,
KY586390,1I_H,10179,95,10273,dengue virus type 1,,I,100,H,100,Related to but not part of 2,,,
KY586391,1I_H,10179,95,10273,dengue virus type 1,,I,100,H,100,Related to but not part of 2,,,
KY586392,1I_H,10179,95,10273,dengue virus type 1,,I,100,H,100,Related to but not part of 2,,,
KY586393,1I_H,10179,95,10273,dengue virus type 1,,I,100,H,100,Related to but not part of 2,,,
KY586394,1I_H,10179,95,10273,dengue virus type 1,,I,100,H,100,Related to but not part of 2,,,
KY586395,1I_H,10179,95,10273,dengue virus type 1,,I,100,H,100,Related to but not part of 2,,,
KY586396,1I_H,10179,95,10273,dengue virus type 1,,I,100,H,100,Related to but not part of 2,,,
KY586397,1I_H,10179,95,10273,dengue virus type 1,,I,100,H,100,Related to but not part of 2,,,
KY586398,1I_H,10179,95,10273,dengue virus type 1,,I,100,H,100,Related to but not part of 2,,,
KY586399,1I_H,10179,95,10273,dengue virus type 1,,I,100,H,100,Related to but not part of 2,,,
KY586400,1I_H,10179,95,10273,dengue virus type 1,,I,100,H,100,Related to but not part of 2,,,
KY586401,1I_H,10179,95,10273,dengue virus type 1,,I,100,H,100,Related to but not part of 2,,,
KY586402,1I_H,10179,95,10273,dengue virus type 1,,I,100,H,100,Related to but not part of 2,,,
KY586403,1I_H,10179,95,10273,dengue virus type 1,,I,100,H,100,Related to but not part of 2,,,
KY586404,1I_H,10179,95,10273,dengue virus type 1,,I,100,H,100,Related to but not part of 2,,,
KY586405,1I_H,10179,95,10273,dengue virus type 1,,I,100,H,100,Related to but not part of 2,,,
KY586406,1I_H,10179,95,10273,dengue virus type 1,,I,100,H,100,Related to but not part of 2,,,
KY586407,1I_H,10179,95,10273,dengue virus type 1,,I,100,H,100,Related to but not part of 2,,,
KY586408,1I_H,10179,95,10273,dengue virus type 1,,I,100,H,100,Related to but not part of 2,,,
KY586409,1I_H,10179,95,10273,dengue virus type 1,,I,100,H,100,Related to but not part of 2,,,
KY586410,1I_H,10179,95,10273,dengue virus type 1,,I,100,H,100,Related to but not part of 2,,,
KY586411,1I_H,10179,95,10273,dengue virus type 1,,I,100,H,100,Related to but not part of 2,,,
KY586412,1I_H,10179,95,10273,dengue virus type 1,,I,100,H,100,Related to but not part of 2,,,
KY586413,1I_H,10179,95,10273,dengue virus type 1,,I,100,H,100,Related to but not part of 2,,,
KY586414,1I_H,10179,95,10273,dengue virus type 1,,I,100,H,100,Related to but not part of 2,,,
KY586415,1I_H,10179,95,10273,dengue virus type 1,,I,100,H,100,Related to but not part of 2,,,
KY586416,1I_H,10179,95,10273,dengue virus type 1,,I,100,H,100,Related to but not part of 2,,,
KY586417,1I_H,10179,95,10273,dengue virus type 1,,I,100,H,100,Related to but not part of 2,,,
KY586418,1I_H,10179,95,10273,dengue virus type 1,,I,100,H,100,Related to but not part of 2,,,
KY586419,1I_H,10179,95,10273,dengue virus type 1,,I,100,H,100,Related to but not part of 1,,,
KY586420,1I_H,10179,95,10273,dengue virus type 1,,I,100,H,100,Related to but not part of 1,,,
KY586421,1I_H,10179,95,10273,dengue virus type 1,,I,100,H,100,Related to but not part of 1,,,
KY586422,1I_H,10179,95,10273,dengue virus type 1,,I,100,H,100,Related to but not part of 1,,,
KY586423,1I_H,10179,95,10273,dengue virus type 1,,I,100,H,100,Related to but not part of 1,,,
KY586424,1I_H,10179,95,10273,dengue virus type 1,,I,100,H,100,Related to but not part of 1,,,
KY586425,1I_H,10179,95,10273,dengue virus type 1,,I,100,H,100,Related to but not part of 1,,,
KY586426,1I_H.1,10179,95,10273,dengue virus type 1,,I,100,H,100,1,100,,
KY586427,1I_H.1,10179,95,10273,dengue virus type 1,,I,100,H,100,1,100,,
KY586428,1I_H.1,10179,95,10273,dengue virus type 1,,I,100,H,100,1,100,,
KY586429,1I_H.1,10179,95,10273,dengue virus type 1,,I,100,H,100,1,100,,
KY586430,1I_H.1,10179,95,10273,dengue virus type 1,,I,100,H,100,1,100,,
KY586431,1I_H.1,10179,95,10273,dengue virus type 1,,I,100,H,100,1,100,,
KY586432,1I_H.1,10179,95,10273,dengue virus type 1,,I,100,H,100,1,100,,
KY586433,1I_H.1,10179,95,10273,dengue virus type 1,,I,100,H,100,1,100,,
KY586434,1I_H.1,10179,95,10273,dengue virus type 1,,I,100,H,100,1,100,,
KY586435,1I_H.1,10179,95,10273,dengue virus type 1,,I,100,H,100,1,100,,
KY586436,1I_H.1,10179,95,10273,dengue virus type 1,,I,100,H,100,1,100,,
KY586437,1I_H.1,10179,95,10273,dengue virus type 1,,I,100,H,100,1,100,,
KY586438,1I_H.1,10179,95,10273,dengue virus type 1,,I,100,H,100,1,100,,
KY586439,1I_H.1,10179,95,10273,dengue virus type 1,,I,100,H,100,1,100,,
KY586440,1I_H,10179,95,10273,dengue virus type 1,,I,100,H,100,Related to but not part of 1,,,
KY586441,1I_H,10179,95,10273,dengue virus type 1,,I,100,H,100,Related to but not part of 1,,,
KY586442,1I_H,10179,95,10273,dengue virus type 1,,I,100,H,100,Related to but not part of 1,,,
KY586443,1I_H,10179,95,10273,dengue virus type 1,,I,100,H,100,Related to but not part of 1,,,
KY586444,1I_H,10179,95,10273,dengue virus type 1,,I,100,H,100,Related to but not part of 1,,,
KY586445,1I_H,10179,95,10273,dengue virus type 1,,I,100,H,100,Related to but not part of 1,,,
KY586446,1I_H,10179,95,10273,dengue virus type 1,,I,100,H,100,Related to but not part of 1,,,
KY586447,1I_H,10179,95,10273,dengue virus type 1,,I,100,H,100,Related to but not part of 1,,,
KY586448,1I_H,10179,95,10273,dengue virus type 1,,I,100,H,100,Related to but not part of 1,,,
KY586449,1I_H,10179,95,10273,dengue virus type 1,,I,100,H,100,Related to but not part of 1,,,
KY586450,1I_H,10179,95,10273,dengue virus type 1,,I,100,H,100,Related to but not part of 1,,,
KY586451,1I_H,10179,95,10273,dengue virus type 1,,I,100,H,100,Related to but not part of 1,,,
KY586452,1I_H,10179,95,10273,dengue virus type 1,,I,100,H,100,Related to but not part of 1,,,
KY586453,1I_H,10179,95,10273,dengue virus type 1,,I,100,H,100,Related to but not part of 1,,,
KY586454,1I_H,10179,95,10273,dengue virus type 1,,I,100,H,100,Could not assign,,,
KY586455,1I_H,10179,95,10273,dengue virus type 1,,I,100,H,100,Could not assign,,,
KY586456,1I_H,10179,95,10273,dengue virus type 1,,I,100,H,100,Could not assign,,,
KY586457,1I_H,10179,95,10273,dengue virus type 1,,I,100,H,100,Could not assign,,,
KY586458,1I_H,10179,95,10273,dengue virus type 1,,I,100,H,100,Could not assign,,,
KY586459,1I_H,10179,95,10273,dengue virus type 1,,I,100,H,100,Could not assign,,,
KY586460,1I_H,10179,95,10273,dengue virus type 1,,I,100,H,100,Related to but not part of 1,,,
KY586461,1I_H,10179,95,10273,dengue virus type 1,,I,100,H,100,Could not assign,,,
KY586462,1I_H,10179,95,10273,dengue virus type 1,,I,100,H,100,Related to but not part of 1,,,
KY586463,1I_H,10179,95,10273,dengue virus type 1,,I,100,H,100,Related to but not part of 1,,,
KY586464,1I_H,10179,95,10273,dengue virus type 1,,I,100,H,100,Related to but not part of 1,,,
KY586465,1I_H,10179,95,10273,dengue virus type 1,,I,100,H,100,Related to but not part of 1,,,
KY586466,1I_H,10179,95,10273,dengue virus type 1,,I,100,H,100,Related to but not part of 1,,,
KY586467,1I_H,10179,95,10273,dengue virus type 1,,I,100,H,100,Related to but not part of 1,,,
KY586468,1I_H,10179,95,10273,dengue virus type 1,,I,100,H,100,Related to but not part of 1,,,
KY586469,1I_H,10179,95,10273,dengue virus type 1,,I,100,H,100,Related to but not part of 1,,,
KY586470,1I_H,10179,95,10273,dengue virus type 1,,I,100,H,100,Related to but not part of 2,,,
KY586471,1I_H,10179,95,10273,dengue virus type 1,,I,100,H,100,Related to but not part of 2,,,
KY586472,1I_H,10179,95,10273,dengue virus type 1,,I,100,H,100,Related to but not part of 2,,,
KY586473,1I_H,10179,95,10273,dengue virus type 1,,I,100,H,100,Related to but not part of 2,,,
KY586474,1I_H,10179,95,10273,dengue virus type 1,,I,100,H,100,Related to but not part of 2,,,
KY586475,1I_H,10179,95,10273,dengue virus type 1,,I,100,H,100,Related to but not part of 2,,,
KY586476,1I_H,10179,95,10273,dengue virus type 1,,I,100,H,100,Related to but not part of 2,,,
KY586477,1I_H,10179,95,10273,dengue virus type 1,,I,100,H,100,Related to but not part of 2,,,
KY586478,1I_H,10179,95,10273,dengue virus type 1,,I,100,H,100,Could not assign,,,
KY586479,1I_H,10179,95,10273,dengue virus type 1,,I,100,H,100,Related to but not part of 2,,,
KY586480,1I_H,10179,95,10273,dengue virus type 1,,I,100,H,100,Related to but not part of 2,,,
KY586481,1I_H,10179,95,10273,dengue virus type 1,,I,100,H,100,Related to but not part of 1,,,
KY586482,1I_H,10179,95,10273,dengue virus type 1,,I,100,H,100,Could not assign,,,
KY586483,1I,10179,95,10273,dengue virus type 1,,I,100,Related to but not part of H,,,,,
KY586484,1I,10179,95,10273,dengue virus type 1,,I,100,Related to but not part of H,,,,,
KY586485,1I_F,10179,95,10273,dengue virus type 1,,I,100,F,100,,,,
KY586486,1I_F,10179,95,10273,dengue virus type 1,,I,100,F,100,,,,
KY586487,1I_F,10179,95,10273,dengue virus type 1,,I,100,F,100,,,,
KY586488,1I_F,10179,95,10273,dengue virus type 1,,I,100,F,100,,,,
KY586489,1I_F,10179,95,10273,dengue virus type 1,,I,100,F,100,,,,
KY586490,1I_F,10179,95,10273,dengue virus type 1,,I,100,F,100,,,,
KY586491,1I_F,10179,95,10273,dengue virus type 1,,I,100,F,100,,,,
KY586492,1I_F,10179,95,10273,dengue virus type 1,,I,100,F,100,,,,
KY586493,1I_F,10179,95,10273,dengue virus type 1,,I,100,F,100,,,,
KY586494,1I_F,10179,95,10273,dengue virus type 1,,I,100,F,100,,,,
KY586495,1I_F,10179,95,10273,dengue virus type 1,,I,100,F,100,,,,
KY586496,1I_F,10179,95,10273,dengue virus type 1,,I,100,F,100,,,,
KY586497,1I_F,10179,95,10273,dengue virus type 1,,I,100,F,100,,,,
KY586498,1I_F,10179,95,10273,dengue virus type 1,,I,100,F,100,,,,
KY586499,1I_F,10179,95,10273,dengue virus type 1,,I,100,F,100,,,,
KY586500,1I_F,10179,95,10273,dengue virus type 1,,I,100,F,100,,,,
KY586501,1I_F,10179,95,10273,dengue virus type 1,,I,100,F,100,,,,
KY586502,1I_F,10179,95,10273,dengue virus type 1,,I,100,F,100,,,,
KY586503,1I_F,10179,95,10273,dengue virus type 1,,I,100,F,100,,,,
KY586504,1I_F,10179,95,10273,dengue virus type 1,,I,100,F,100,,,,
KY586505,1I_F,10179,95,10273,dengue virus type 1,,I,100,F,100,,,,
KY586506,1I_F,10179,95,10273,dengue virus type 1,,I,100,F,100,,,,
KY586507,1I_F,10179,95,10273,dengue virus type 1,,I,100,F,100,,,,
KY586508,1I_F,10179,95,10273,dengue virus type 1,,I,100,F,100,,,,
KY586509,1I_F,10179,95,10273,dengue virus type 1,,I,100,F,100,,,,
KY586510,1I_F,10179,95,10273,dengue virus type 1,,I,100,F,100,,,,
KY586511,1I_F,10179,95,10273,dengue virus type 1,,I,100,F,100,,,,
KY586512,1I_F,10179,95,10273,dengue virus type 1,,I,100,F,100,,,,
KY586513,1I_F,10179,95,10273,dengue virus type 1,,I,100,F,100,,,,
KY586514,1I_F,10179,95,10273,dengue virus type 1,,I,100,F,100,,,,
KY586515,1I_F,10179,95,10273,dengue virus type 1,,I,100,F,99,,,,
KY586516,1I,10179,95,10273,dengue virus type 1,,I,100,Related to but not part of F,,,,,
KY586517,1I,10179,95,10273,dengue virus type 1,,I,100,Related to but not part of F,,,,,
KY586518,1I,10179,95,10273,dengue virus type 1,,I,100,Related to but not part of F,,,,,
KY586519,1I,10179,95,10273,dengue virus type 1,,I,100,Related to but not part of F,,,,,
KY586520,1I,10179,95,10273,dengue virus type 1,,I,100,Related to but not part of F,,,,,
KY586521,1I,10179,95,10273,dengue virus type 1,,I,100,Related to but not part of F,,,,,
KY586522,1I,10179,95,10273,dengue virus type 1,,I,100,Related to but not part of F,,,,,
KY586523,1I,10179,95,10273,dengue virus type 1,,I,100,Related to but not part of F,,,,,
KY586524,1I_G,10179,95,10273,dengue virus type 1,,I,100,G,100,,,,
KY586525,1I_G,10179,95,10273,dengue virus type 1,,I,100,G,100,,,,
KY586526,1I_G,10179,95,10273,dengue virus type 1,,I,100,G,100,,,,
KY586527,1I_G,10179,95,10273,dengue virus type 1,,I,100,G,100,,,,
KY586528,1I_G,10179,95,10273,dengue virus type 1,,I,100,G,100,,,,
KY586529,1I,10179,95,10273,dengue virus type 1,,I,100,Related to but not part of E,,,,,
KY586530,1I_E,10179,95,10273,dengue virus type 1,,I,100,E,100,Could not assign,,,
KY586531,1I,10179,95,10273,dengue virus type 1,,I,100,Related to but not part of E,,,,,
KY586532,1I,10179,95,10273,dengue virus type 1,,I,100,Related to but not part of E,,,,,
KY586533,1I,10179,95,10273,dengue virus type 1,,I,100,Related to but not part of E,,,,,
KY586534,1I,10179,95,10273,dengue virus type 1,,I,100,Related to but not part of E,,,,,
KY586535,1I,10179,95,10273,dengue virus type 1,,I,100,Related to but not part of E,,,,,
KY586536,1I,10179,95,10273,dengue virus type 1,,I,100,Related to but not part of E,,,,,
KY586537,1I,10179,95,10273,dengue virus type 1,,I,100,Related to but not part of E,,,,,
KY586538,1I_A,10179,95,10273,dengue virus type 1,,I,100,A,100,,,,
KY586539,1I_A,10179,95,10273,dengue virus type 1,,I,100,A,100,,,,
KY586540,1I_A,10179,95,10273,dengue virus type 1,,I,100,A,100,,,,
KY586541,1I_A,10179,95,10273,dengue virus type 1,,I,100,A,100,,,,
KY586542,1I_A,10179,95,10273,dengue virus type 1,,I,100,A,100,,,,
KY586543,1I_A,10179,95,10273,dengue virus type 1,,I,100,A,100,,,,
KY586544,1I_A,10179,95,10273,dengue virus type 1,,I,100,A,100,,,,
KY586545,1I_A,10179,95,10273,dengue virus type 1,,I,100,A,100,,,,
KY586546,1I_A,10179,95,10273,dengue virus type 1,,I,100,A,100,,,,
KY586552,2V_A,10176,97,10272,dengue virus type 2,,V,100,A,58,Could not assign,,,
KY586560,2V_A,10176,97,10272,dengue virus type 2,,V,100,A,100,Could not assign,,,
KY586563,2V_A,10176,97,10272,dengue virus type 2,,V,100,A,100,Could not assign,,,
KY586564,2V_A,10176,97,10272,dengue virus type 2,,V,100,A,100,Could not assign,,,
KY586571,2V_A,10176,97,10272,dengue virus type 2,,V,100,A,100,Could not assign,,,
KY586572,2V_A,10176,97,10272,dengue virus type 2,,V,100,A,100,Could not assign,,,
KY586573,2V_A,10176,97,10272,dengue virus type 2,,V,100,A,100,Could not assign,,,
KY586574,2V_A,10176,97,10272,dengue virus type 2,,V,100,A,100,Could not assign,,,
KY586576,2V_A,10176,97,10272,dengue virus type 2,,V,100,A,99,Could not assign,,,
KY586578,2V_A,10176,97,10272,dengue virus type 2,,V,100,A,100,Could not assign,,,
KY586591,2V_A,10176,97,10272,dengue virus type 2,,V,100,A,74,Could not assign,,,
KY586598,2V_A.3,10176,97,10272,dengue virus type 2,,V,100,A,64,3,100,,
KY586604,2V_A,10176,97,10272,dengue virus type 2,,V,100,A,68,Related to but not part of 3,,,
KY586605,2V_A,10176,97,10272,dengue virus type 2,,V,100,A,65,Related to but not part of 3,,,
KY586606,2V_A,10176,97,10272,dengue virus type 2,,V,100,A,57,Related to but not part of 3,,,
KY586607,2V_A,10176,97,10272,dengue virus type 2,,V,100,A,58,Related to but not part of 3,,,
KY586610,2V_A,10176,97,10272,dengue virus type 2,,V,100,A,53,Related to but not part of 3,,,
KY586618,2V_A,10176,97,10272,dengue virus type 2,,V,100,A,60,Related to but not part of 4,,,
KY586617,2V_A,10176,97,10272,dengue virus type 2,,V,100,A,54,Related to but not part of 4,,,
KY586619,2V_A,10176,97,10272,dengue virus type 2,,V,100,A,55,Related to but not part of 4,,,
KY586634,2V_A,10176,97,10272,dengue virus type 2,,V,100,A,73,Related to but not part of 4,,,
KY586641,2V_A,10176,97,10272,dengue virus type 2,,V,100,A,58,Could not assign,,,
KY586647,2V_A,10176,97,10272,dengue virus type 2,,V,100,A,75,Could not assign,,,
KY586649,2V_A,10176,97,10272,dengue virus type 2,,V,100,A,62,Could not assign,,,
KY586651,2V_A,10176,97,10272,dengue virus type 2,,V,100,A,62,Could not assign,,,
KY586652,2V_A,10176,97,10272,dengue virus type 2,,V,100,A,100,Could not assign,,,
KY586653,2V_A,10176,97,10272,dengue virus type 2,,V,100,A,100,Could not assign,,,
KY586654,2V_A,10176,97,10272,dengue virus type 2,,V,100,A,99,Could not assign,,,
KY586655,2V_A,10176,97,10272,dengue virus type 2,,V,100,A,100,Could not assign,,,
KY586659,2V,10176,97,10272,dengue virus type 2,,V,100,Could not assign,,,,,
KY586660,2V_A,10176,97,10272,dengue virus type 2,,V,100,A,56,Could not assign,,,
KY586662,2V,10176,97,10272,dengue virus type 2,,V,100,Could not assign,,,,,
KY586663,2V_A,10176,97,10272,dengue virus type 2,,V,100,A,52,Could not assign,,,
KY586664,2V_A,10176,97,10272,dengue virus type 2,,V,100,A,78,Could not assign,,,
KY586665,2V_A,10176,97,10272,dengue virus type 2,,V,100,A,73,Could not assign,,,
KY586672,2V_C,10176,97,10272,dengue virus type 2,,V,100,C,100,,,,
KY586674,2V_C,10176,97,10272,dengue virus type 2,,V,100,C,100,,,,
KY586675,2V,10176,97,10272,dengue virus type 2,,V,100,Related to but not part of C,,,,,
KY586679,2V_D,10176,97,10272,dengue virus type 2,,V,100,D,100,,,,
KY586681,2V_D,10176,97,10272,dengue virus type 2,,V,100,D,100,,,,
KY586684,2V_D,10176,97,10272,dengue virus type 2,,V,100,D,100,,,,
KY586687,2V_D,10176,97,10272,dengue virus type 2,,V,100,D,100,,,,
KY586688,2V_D,10176,97,10272,dengue virus type 2,,V,100,D,100,,,,
KY586689,2V,10176,97,10272,dengue virus type 2,,V,100,Could not assign,,,,,
KY586692,2V_B,10176,97,10272,dengue virus type 2,,V,100,B,100,,,,
KY586701,3II_A,10233,37,10269,dengue virus type 3,,II,100,A,100,Related to but not part of 2,,,
KY586702,3II_A,10233,37,10269,dengue virus type 3,,II,100,A,100,Related to but not part of 2,,,
KY586703,3II_A,10238,37,10274,dengue virus type 3,,II,100,A,100,Related to but not part of 2,,,
KY586704,3II_A,10233,37,10269,dengue virus type 3,,II,100,A,100,Related to but not part of 2,,,
KY586705,3II_A,10238,37,10274,dengue virus type 3,,II,100,A,100,Related to but not part of 2,,,
KY586706,3II_A,10238,37,10274,dengue virus type 3,,II,100,A,100,Related to but not part of 2,,,
KY586707,3II_A,10238,37,10274,dengue virus type 3,,II,100,A,100,Related to but not part of 2,,,
KY586708,3II_A,10238,37,10274,dengue virus type 3,,II,100,A,100,Related to but not part of 2,,,
KY586709,3II_A,10238,37,10274,dengue virus type 3,,II,100,A,100,Related to but not part of 2,,,
KY586710,3II_A,10233,37,10269,dengue virus type 3,,II,100,A,100,Related to but not part of 2,,,
KY586711,3II_A,10238,37,10274,dengue virus type 3,,II,100,A,100,Related to but not part of 2,,,
KY586712,3II_A,10233,37,10269,dengue virus type 3,,II,100,A,100,Related to but not part of 2,,,
KY586713,3II_A,10238,37,10274,dengue virus type 3,,II,100,A,100,Related to but not part of 2,,,
KY586714,3II_A,10238,37,10274,dengue virus type 3,,II,100,A,100,Related to but not part of 2,,,
KY586715,3II_A,10238,37,10274,dengue virus type 3,,II,100,A,100,Related to but not part of 2,,,
KY586716,3II_A,10233,37,10269,dengue virus type 3,,II,100,A,100,Related to but not part of 2,,,
KY586717,3II_A,10233,37,10269,dengue virus type 3,,II,100,A,100,Related to but not part of 2,,,
KY586718,3II_A,10238,37,10274,dengue virus type 3,,II,100,A,100,Related to but not part of 2,,,
KY586719,3II_A,10238,37,10274,dengue virus type 3,,II,100,A,100,Related to but not part of 2,,,
KY586720,3II_A,10238,37,10274,dengue virus type 3,,II,100,A,100,Related to but not part of 2,,,
KY586721,3II_A.2,10238,37,10274,dengue virus type 3,,II,100,A,100,2,100,,
KY586722,3II_A.2,10238,37,10274,dengue virus type 3,,II,100,A,100,2,100,,
KY586723,3II_A.2,10238,37,10274,dengue virus type 3,,II,100,A,100,2,100,,
KY586724,3II_A.2,10238,37,10274,dengue virus type 3,,II,100,A,100,2,100,,
KY586725,3II_A,10238,37,10274,dengue virus type 3,,II,100,A,100,Related to but not part of 1,,,
KY586726,3II_A,10240,37,10276,dengue virus type 3,,II,100,A,100,Related to but not part of 1,,,
KY586727,3II_A,10238,37,10274,dengue virus type 3,,II,100,A,100,Related to but not part of 1,,,
KY586728,3II_A,10238,37,10274,dengue virus type 3,,II,100,A,100,Related to but not part of 1,,,
KY586729,3II_A,10238,37,10274,dengue virus type 3,,II,100,A,100,Related to but not part of 1,,,
KY586730,3II_A,10238,37,10274,dengue virus type 3,,II,100,A,100,Related to but not part of 1,,,
KY586731,3II_A,10238,37,10274,dengue virus type 3,,II,100,A,100,Related to but not part of 1,,,
KY586732,3II_A,10238,37,10274,dengue virus type 3,,II,100,A,100,Related to but not part of 1,,,
KY586733,3II,10233,37,10269,dengue virus type 3,,II,100,Related to but not part of A,,,,,
KY586734,3II,10233,37,10269,dengue virus type 3,,II,100,Related to but not part of A,,,,,
KY586735,3II_A,10238,37,10274,dengue virus type 3,,II,100,A,100,Could not assign,,,
KY586736,3II_A,10238,37,10274,dengue virus type 3,,II,100,A,100,Could not assign,,,
KY586737,3II,10233,37,10269,dengue virus type 3,,II,100,Related to but not part of A,,,,,
KY586738,3II_A,10233,37,10269,dengue virus type 3,,II,100,A,100,Related to but not part of 3,,,
KY586739,3II_A,10240,37,10276,dengue virus type 3,,II,100,A,100,Related to but not part of 3,,,
KY586740,3II_A,10240,37,10276,dengue virus type 3,,II,100,A,100,Related to but not part of 3,,,
KY586741,3II_A,10238,37,10274,dengue virus type 3,,II,100,A,100,Related to but not part of 3,,,
KY586742,3II_A,10238,37,10274,dengue virus type 3,,II,100,A,100,Related to but not part of 3,,,
KY586743,3II_A,10233,37,10269,dengue virus type 3,,II,100,A,100,Could not assign,,,
KY586744,3II_A,10240,37,10276,dengue virus type 3,,II,100,A,100,Could not assign,,,
KY586745,3II_A,10238,37,10274,dengue virus type 3,,II,100,A,100,Could not assign,,,
KY586746,3II_A,10238,37,10274,dengue virus type 3,,II,100,A,100,Could not assign,,,
KY586747,3II_A,10233,37,10269,dengue virus type 3,,II,100,A,100,Related to but not part of 3,,,
KY586748,3II_A,10240,37,10276,dengue virus type 3,,II,100,A,100,Related to but not part of 3,,,
KY586749,3II,10233,37,10269,dengue virus type 3,,II,100,Related to but not part of A,,,,,
KY586750,3II_A,10240,37,10276,dengue virus type 3,,II,100,A,100,Could not assign,,,
KY586751,3II_A,10238,37,10274,dengue virus type 3,,II,100,A,100,Could not assign,,,
KY586752,3II_A,10238,37,10274,dengue virus type 3,,II,100,A,100,Could not assign,,,
KY586753,3II_A,10238,37,10274,dengue virus type 3,,II,100,A,100,Could not assign,,,
KY586754,3II,10240,37,10276,dengue virus type 3,,II,100,Related to but not part of A,,,,,
KY586755,3II_A,10240,37,10276,dengue virus type 3,,II,100,A,100,Could not assign,,,
KY586756,3II_A,10240,37,10276,dengue virus type 3,,II,100,A,100,Could not assign,,,
KY586757,3II_A,10238,37,10274,dengue virus type 3,,II,100,A,100,Could not assign,,,
KY586758,3II_A,10238,37,10274,dengue virus type 3,,II,100,A,100,Could not assign,,,
KY586759,3II_A,10238,37,10274,dengue virus type 3,,II,100,A,100,Could not assign,,,
KY586760,3II_A,10238,37,10274,dengue virus type 3,,II,100,A,100,Related to but not part of 3,,,
KY586761,3II_A,10238,37,10274,dengue virus type 3,,II,100,A,100,Related to but not part of 3,,,
KY586762,3II,10233,37,10269,dengue virus type 3,,II,100,Related to but not part of A,,,,,
KY586763,3II,10238,37,10274,dengue virus type 3,,II,100,Related to but not part of A,,,,,
KY586764,3II,10238,37,10274,dengue virus type 3,,II,100,Related to but not part of A,,,,,
KY586765,3II,10233,37,10269,dengue virus type 3,,II,100,Related to but not part of A,,,,,
KY586766,3II,10233,37,10269,dengue virus type 3,,II,100,Related to but not part of A,,,,,
KY586767,3II_A,10238,37,10274,dengue virus type 3,,II,100,A,100,Could not assign,,,
KY586768,3II,10233,37,10269,dengue virus type 3,,II,100,Related to but not part of A,,,,,
KY586769,3II,10240,37,10276,dengue virus type 3,,II,100,Related to but not part of A,,,,,
KY586770,3II,10238,37,10274,dengue virus type 3,,II,100,Related to but not part of A,,,,,
KY586771,3II_A,10240,37,10276,dengue virus type 3,,II,100,A,100,Related to but not part of 3,,,
KY586772,3II_A,10238,37,10274,dengue virus type 3,,II,100,A,100,Could not assign,,,
KY586773,3II_A,10233,37,10269,dengue virus type 3,,II,100,A,100,Related to but not part of 3,,,
KY586774,3II_A,10238,37,10274,dengue virus type 3,,II,100,A,100,Related to but not part of 3,,,
KY586775,3II_A,10238,37,10274,dengue virus type 3,,II,100,A,100,Related to but not part of 3,,,
KY586776,3II_A,10238,37,10274,dengue virus type 3,,II,100,A,100,Related to but not part of 3,,,
KY586777,3II_A.3,10233,37,10269,dengue virus type 3,,II,100,A,100,3,100,,
KY586778,3II_A.3,10238,37,10274,dengue virus type 3,,II,100,A,100,3,100,,
KY586779,3II_A.3,10238,37,10274,dengue virus type 3,,II,100,A,100,3,100,,
KY586780,3II_A.3,10238,37,10274,dengue virus type 3,,II,100,A,100,3,100,,
KY586781,3II_A.3,10238,37,10274,dengue virus type 3,,II,100,A,100,3,100,,
KY586782,3II_A.3,10240,37,10276,dengue virus type 3,,II,100,A,100,3,100,,
KY586783,3II_A.3,10238,37,10274,dengue virus type 3,,II,100,A,100,3,100,,
KY586784,3II_A.3,10238,37,10274,dengue virus type 3,,II,100,A,100,3,100,,
KY586785,3II_A,10238,37,10274,dengue virus type 3,,II,100,A,100,Related to but not part of 3,,,
KY586786,3II_A,10238,37,10274,dengue virus type 3,,II,100,A,100,Related to but not part of 3,,,
KY586787,3II,10233,37,10269,dengue virus type 3,,II,100,Related to but not part of A,,,,,
KY586788,3II,10233,37,10269,dengue virus type 3,,II,100,Could not assign,,,,,
KY586789,3II_A,10233,37,10269,dengue virus type 3,,II,100,A,100,Could not assign,,,
KY586790,3II_A,10240,37,10276,dengue virus type 3,,II,100,A,100,Could not assign,,,
KY586791,3II_A,10238,37,10274,dengue virus type 3,,II,100,A,100,Could not assign,,,
KY586792,3II_A,10238,37,10274,dengue virus type 3,,II,100,A,100,Could not assign,,,
KY586793,3II_A,10238,37,10274,dengue virus type 3,,II,100,A,100,Could not assign,,,
KY586794,3II_A,10240,37,10276,dengue virus type 3,,II,100,A,100,Could not assign,,,
KY586795,3II_A,10233,37,10269,dengue virus type 3,,II,100,A,100,Could not assign,,,
KY586796,3II_A,10238,37,10274,dengue virus type 3,,II,100,A,100,Could not assign,,,
KY586797,3II_A,10238,37,10274,dengue virus type 3,,II,100,A,100,Could not assign,,,
KY586798,3II_A,10238,37,10274,dengue virus type 3,,II,100,A,100,Could not assign,,,
KY586799,3II_A,10238,37,10274,dengue virus type 3,,II,100,A,100,Could not assign,,,
KY586800,3II_A,10238,37,10274,dengue virus type 3,,II,100,A,99,Could not assign,,,
KY586801,3II_A,10238,37,10274,dengue virus type 3,,II,100,A,100,Could not assign,,,
KY586802,3II_A,10238,37,10274,dengue virus type 3,,II,100,A,100,Could not assign,,,
KY586803,3II_B,10233,37,10269,dengue virus type 3,,II,100,B,100,,,,
KY586804,3II_B,10233,37,10269,dengue virus type 3,,II,100,B,100,,,,
KY586805,3II_B,10233,37,10269,dengue virus type 3,,II,100,B,100,,,,
KY586806,3II_B,10233,37,10269,dengue virus type 3,,II,100,B,100,,,,
KY586807,3II_B,10233,37,10269,dengue virus type 3,,II,100,B,100,,,,
KY586808,3II_B,10233,37,10269,dengue virus type 3,,II,100,B,100,,,,
KY586809,3II_B,10233,37,10269,dengue virus type 3,,II,100,B,100,,,,
KY586810,3II_B,10233,37,10269,dengue virus type 3,,II,100,B,100,,,,
KY586811,3II_B,10233,37,10269,dengue virus type 3,,II,100,B,100,,,,
KY586812,3II_B,10233,37,10269,dengue virus type 3,,II,100,B,100,,,,
KY586813,3II_B,10233,37,10269,dengue virus type 3,,II,100,B,100,,,,
KY586814,3II_B,10238,37,10274,dengue virus type 3,,II,100,B,100,,,,
KY586815,3II_B,10238,37,10274,dengue virus type 3,,II,100,B,100,,,,
KY586816,3II_B,10238,37,10274,dengue virus type 3,,II,100,B,100,,,,
KY586817,3II_B,10238,37,10274,dengue virus type 3,,II,100,B,101,,,,
KY586818,3II_B,10233,37,10269,dengue virus type 3,,II,100,B,100,,,,
KY586819,3III_B,10233,37,10269,dengue virus type 3,,III,100,B,100,Related to but not part of 1,,,
KY586820,3III_B.1,10233,37,10269,dengue virus type 3,,III,100,B,100,1,100,,
KY586821,3III_B.1,10233,37,10269,dengue virus type 3,,III,100,B,100,1,98,,
KY586822,3III_B.1,10233,37,10269,dengue virus type 3,,III,100,B,100,1,99,,
KY586823,4II_B,10181,98,10278,dengue virus type 4,,II,100,B,100,,,,
KY586824,4II_B,10181,98,10278,dengue virus type 4,,II,100,B,100,,,,
KY586825,4II_B,10181,98,10278,dengue virus type 4,,II,100,B,100,,,,
KY586826,4II_B,10181,98,10278,dengue virus type 4,,II,100,B,100,,,,
KY586827,4II_A,10181,98,10278,dengue virus type 4,,II,100,A,100,Could not assign,,,
KY586828,4I_A.3,10181,98,10278,dengue virus type 4,,I,100,A,100,3,100,,
KY586829,4I_A.3,10181,98,10278,dengue virus type 4,,I,100,A,100,3,100,,
KY586830,4I_A.3,10181,98,10278,dengue virus type 4,,I,100,A,100,3,100,,
KY586831,4I_A.3,10190,98,10288,dengue virus type 4,,I,100,A,100,3,100,,
KY586832,4I_A,10181,98,10278,dengue virus type 4,,I,100,A,100,Related to but not part of 3,,,
KY586833,4I_A,10181,98,10278,dengue virus type 4,,I,100,A,100,Related to but not part of 3,,,
KY586834,4I_A,10190,98,10288,dengue virus type 4,,I,100,A,100,Related to but not part of 3,,,
KY586835,4I_A,10181,98,10278,dengue virus type 4,,I,100,A,100,Related to but not part of 3,,,
KY586836,4I_A,10190,98,10288,dengue virus type 4,,I,100,A,99,Related to but not part of 3,,,
KY586837,4I_A,10181,98,10278,dengue virus type 4,,I,100,A,100,Related to but not part of 3,,,
KY586838,4I_A,10190,98,10288,dengue virus type 4,,I,100,A,100,Could not assign,,,
KY586841,4I_A.2,10181,98,10278,dengue virus type 4,,I,100,A,100,2,100,,
KY586839,4I_A,10189,99,10288,dengue virus type 4,,I,100,A,100,Related to but not part of 3,,,
KY586840,4I_A.2,10181,98,10278,dengue virus type 4,,I,100,A,100,2,100,,
KY586842,4I_A.2,10190,98,10288,dengue virus type 4,,I,100,A,100,2,100,,
KY586843,4I_A.2,10190,98,10288,dengue virus type 4,,I,100,A,100,2,100,,
KY586844,4I_A.2,10190,98,10288,dengue virus type 4,,I,100,A,100,2,100,,
KY586845,4I_A.2,10190,98,10288,dengue virus type 4,,I,100,A,100,2,100,,
KY586846,4I_A.2,10190,98,10288,dengue virus type 4,,I,100,A,100,2,100,,
KY586847,4I_A.2,10181,98,10278,dengue virus type 4,,I,100,A,100,2,100,,
KY586848,4I_A.2,10190,98,10288,dengue virus type 4,,I,100,A,100,2,100,,
KY586849,4I_A.2,10189,98,10286,dengue virus type 4,,I,100,A,100,2,100,,
KY586850,4I_A.2,10190,98,10288,dengue virus type 4,,I,100,A,100,2,100,,
KY586851,4I_A.2,10190,98,10288,dengue virus type 4,,I,100,A,100,2,100,,
KY586852,4I_A.2,10190,98,10288,dengue virus type 4,,I,100,A,100,2,100,,
KY586853,4I_A.2,10190,98,10288,dengue virus type 4,,I,100,A,100,2,100,,
KY586854,4I_A.2,10190,98,10288,dengue virus type 4,,I,100,A,100,2,100,,
KY586855,4I_A.2,10181,98,10278,dengue virus type 4,,I,100,A,100,2,100,,
KY586856,4I_A.2,10190,98,10288,dengue virus type 4,,I,100,A,100,2,100,,
KY586857,4I_A.2,10181,98,10278,dengue virus type 4,,I,100,A,100,2,100,,
KY586858,4I_A.2,10181,98,10278,dengue virus type 4,,I,100,A,100,2,100,,
KY586859,4I_A.2,10189,98,10286,dengue virus type 4,,I,100,A,100,2,100,,
KY586860,4I_A.2,10190,98,10288,dengue virus type 4,,I,100,A,100,2,100,,
KY586861,4I_A.2,10190,98,10288,dengue virus type 4,,I,100,A,100,2,100,,
KY586862,4I_A.2,10181,98,10278,dengue virus type 4,,I,100,A,100,2,100,,
KY586863,4I_A.2,10190,98,10288,dengue virus type 4,,I,100,A,100,2,100,,
KY586864,4I_A.2,10190,98,10288,dengue virus type 4,,I,100,A,100,2,100,,
KY586865,4I_A.2,10181,98,10278,dengue virus type 4,,I,100,A,100,2,100,,
KY586866,4I_A.2,10181,98,10278,dengue virus type 4,,I,100,A,100,2,100,,
KY586867,4I_A.2,10190,98,10288,dengue virus type 4,,I,100,A,100,2,100,,
KY586868,4I_A.2,10181,98,10278,dengue virus type 4,,I,100,A,100,2,100,,
KY586869,4I_A.2,10190,98,10288,dengue virus type 4,,I,100,A,100,2,100,,
KY586870,4I_A.2,10181,98,10278,dengue virus type 4,,I,100,A,100,2,100,,
KY586871,4I_A.2,10181,98,10278,dengue virus type 4,,I,100,A,100,2,100,,
KY586872,4I_A.2,10190,98,10288,dengue virus type 4,,I,100,A,100,2,100,,
KY586873,4I_A.2,10190,98,10288,dengue virus type 4,,I,100,A,100,2,100,,
KY586874,4I_A.2,10181,98,10278,dengue virus type 4,,I,100,A,100,2,100,,
KY586875,4I_A.2,10190,98,10288,dengue virus type 4,,I,100,A,100,2,100,,
KY586876,4I_A.2,10190,98,10288,dengue virus type 4,,I,100,A,100,2,100,,
KY586877,4I_A.2,10181,98,10278,dengue virus type 4,,I,100,A,100,2,100,,
KY586878,4I_A.2,10190,98,10288,dengue virus type 4,,I,100,A,100,2,100,,
KY586879,4I_A.2,10181,98,10278,dengue virus type 4,,I,100,A,100,2,100,,
KY586880,4I_A.2,10181,98,10278,dengue virus type 4,,I,100,A,100,2,100,,
KY586881,4I_A.2,10181,98,10278,dengue virus type 4,,I,100,A,100,2,100,,
KY586882,4I_A.2,10190,98,10288,dengue virus type 4,,I,100,A,100,2,100,,
KY586883,4I_A.2,10190,98,10288,dengue virus type 4,,I,100,A,100,2,100,,
KY586884,4I_A.2,10190,98,10288,dengue virus type 4,,I,100,A,100,2,100,,
KY586885,4I_A.2,10190,98,10288,dengue virus type 4,,I,100,A,100,2,100,,
KY586886,4I_A.2,10190,98,10288,dengue virus type 4,,I,100,A,100,2,100,,
KY586887,4I_A.2,10181,98,10278,dengue virus type 4,,I,100,A,100,2,100,,
KY586888,4I_A.2,10181,98,10278,dengue virus type 4,,I,100,A,100,2,100,,
KY586889,4I_A.2,10181,98,10278,dengue virus type 4,,I,100,A,100,2,100,,
KY586890,4I_A.2,10181,98,10278,dengue virus type 4,,I,100,A,100,2,100,,
KY586891,4I_A.2,10181,98,10278,dengue virus type 4,,I,100,A,100,2,100,,
KY586892,4I_A.2,10190,98,10288,dengue virus type 4,,I,100,A,100,2,100,,
KY586893,4I_A.2,10190,98,10288,dengue virus type 4,,I,100,A,100,2,100,,
KY586894,4I_A.2,10190,98,10288,dengue virus type 4,,I,100,A,100,2,100,,
KY586895,4I_A.2,10181,98,10278,dengue virus type 4,,I,100,A,100,2,100,,
KY586896,4I_A.2,10181,98,10278,dengue virus type 4,,I,100,A,100,2,100,,
KY586897,4I_A.2,10181,98,10278,dengue virus type 4,,I,100,A,100,2,100,,
KY586898,4I_A.2,10181,98,10278,dengue virus type 4,,I,100,A,100,2,100,,
KY586899,4I_A.2,10190,98,10288,dengue virus type 4,,I,100,A,100,2,100,,
KY586900,4I_A.2,10181,98,10278,dengue virus type 4,,I,100,A,100,2,100,,
KY586901,4I_A.2,10181,98,10278,dengue virus type 4,,I,100,A,100,2,100,,
KY586902,4I_A.2,10181,98,10278,dengue virus type 4,,I,100,A,100,2,100,,
KY586903,4I_A,10190,98,10288,dengue virus type 4,,I,100,A,100,Related to but not part of 2,,,
KY586904,4I_A.2,10190,98,10288,dengue virus type 4,,I,100,A,100,2,100,,
KY586905,4I_A.2,10181,98,10278,dengue virus type 4,,I,100,A,100,2,100,,
KY586906,4I_A.2,10190,98,10288,dengue virus type 4,,I,100,A,100,2,100,,
KY586907,4I_A,10181,98,10278,dengue virus type 4,,I,100,A,100,Related to but not part of 2,,,
KY586908,4I_A.2,10181,98,10278,dengue virus type 4,,I,100,A,100,2,100,,
KY586909,4I_A.2,10181,98,10278,dengue virus type 4,,I,100,A,100,2,100,,
KY586910,4I_A.2,10190,98,10288,dengue virus type 4,,I,100,A,100,2,100,,
KY586911,4I_A,10181,98,10278,dengue virus type 4,,I,100,A,100,Related to but not part of 2,,,
KY586912,4I_A,10190,98,10288,dengue virus type 4,,I,100,A,100,Related to but not part of 2,,,
KY586913,4I_A,10190,98,10288,dengue virus type 4,,I,100,A,100,Related to but not part of 2,,,
KY586914,4I_A,10190,98,10288,dengue virus type 4,,I,100,A,100,Related to but not part of 2,,,
KY586915,4I_A,10190,98,10288,dengue virus type 4,,I,100,A,100,Related to but not part of 2,,,
KY586916,4I_A,10189,98,10286,dengue virus type 4,,I,100,A,100,Related to but not part of 2,,,
KY586917,4I_A,10190,98,10288,dengue virus type 4,,I,100,A,100,Related to but not part of 2,,,
KY586918,4I_A,10190,98,10288,dengue virus type 4,,I,100,A,100,Related to but not part of 2,,,
KY586919,4I_A,10190,98,10288,dengue virus type 4,,I,100,A,100,Related to but not part of 2,,,
KY586920,4I_A,10190,98,10288,dengue virus type 4,,I,100,A,100,Related to but not part of 2,,,
KY586921,4I_A,10189,98,10286,dengue virus type 4,,I,100,A,100,Related to but not part of 2,,,
KY586922,4I_A,10190,98,10288,dengue virus type 4,,I,100,A,100,Related to but not part of 2,,,
KY586923,4I_A.2,10181,98,10278,dengue virus type 4,,I,100,A,100,2,100,,
KY586924,4I_A.2,10181,98,10278,dengue virus type 4,,I,100,A,100,2,100,,
KY586925,4I_A.2,10190,98,10288,dengue virus type 4,,I,100,A,100,2,100,,
KY586926,4I_A.2,10181,98,10278,dengue virus type 4,,I,100,A,100,2,100,,
KY586927,4I_A.2,10189,98,10286,dengue virus type 4,,I,100,A,100,2,100,,
KY586928,4I_A.2,10190,98,10288,dengue virus type 4,,I,100,A,100,2,100,,
KY586929,4I_A.2,10181,98,10278,dengue virus type 4,,I,100,A,100,2,100,,
KY586930,4I_A.2,10190,98,10288,dengue virus type 4,,I,100,A,100,2,100,,
KY586931,4I_A.2,10190,98,10288,dengue virus type 4,,I,100,A,100,2,100,,
KY586932,4I_A.2,10190,98,10288,dengue virus type 4,,I,100,A,100,2,100,,
KY586933,4I_A.2,10190,98,10288,dengue virus type 4,,I,100,A,100,2,100,,
KY586934,4I_A.2,10190,98,10288,dengue virus type 4,,I,100,A,100,2,100,,
KY586935,4I_A.2,10190,98,10288,dengue virus type 4,,I,100,A,100,2,100,,
KY586936,4I_A.2,10190,98,10288,dengue virus type 4,,I,100,A,100,2,100,,
KY586937,4I_A.2,10189,98,10286,dengue virus type 4,,I,100,A,100,2,100,,
KY586938,4I_A,10181,98,10278,dengue virus type 4,,I,100,A,100,Related to but not part of 2,,,
KY586939,4I_A,10181,98,10278,dengue virus type 4,,I,100,A,100,Related to but not part of 2,,,
KY586940,4I_A,10190,98,10288,dengue virus type 4,,I,100,A,100,Related to but not part of 2,,,
KY586941,4I_A,10181,98,10278,dengue virus type 4,,I,100,A,100,Related to but not part of 1,,,
KY586942,4I_A,10190,98,10288,dengue virus type 4,,I,100,A,100,Related to but not part of 1,,,
KY586943,4I_A,10190,98,10288,dengue virus type 4,,I,100,A,99,Related to but not part of 1,,,
KY586944,4III,10190,98,10287,dengue virus type 4,,III,100,,,,,,
KY586945,4III,10190,98,10287,dengue virus type 4,,III,100,,,,,,
KY586946,4III,10190,98,10287,dengue virus type 4,,III,100,,,,,,
KY977454,2III_D.1.2,10176,97,10272,dengue virus type 2,,III,100,D,100,1,100,,
KF907503,4II_B,10648,1,10649,dengue virus type 4,,II,100,B,100,,,2,100
JF260983,2VI,10176,97,10272,dengue virus type 2,,VI,100,,,,,,
KX059015,4I_B.2,10263,24,10285,dengue virus type 4,,I,100,B,100,2,100,,
KX059016,4I_B.2,10263,24,10285,dengue virus type 4,,I,100,B,100,2,100,,
KX059017,4I_B.2,10263,24,10285,dengue virus type 4,,I,100,B,99,2,100,,
KX059020,4I_B.2,10263,24,10285,dengue virus type 4,,I,100,B,99,2,100,,
KX059019,4I_B.2,10263,24,10285,dengue virus type 4,,I,100,B,99,2,100,,
KX059018,4I_B.2,10263,24,10285,dengue virus type 4,,I,100,B,99,2,100,,
KX059023,4I_B.2,10263,24,10285,dengue virus type 4,,I,100,B,99,2,100,,
KX059021,4I_B.2,10263,24,10285,dengue virus type 4,,I,100,B,100,2,100,,
KX059022,4I_B.2,10263,24,10285,dengue virus type 4,,I,100,B,100,2,100,,
KX059024,4I_B.2,10263,24,10285,dengue virus type 4,,I,100,B,99,2,100,,
KX059025,4I_B.2,10263,24,10285,dengue virus type 4,,I,100,B,99,2,100,,
KX059026,4I_B.2,10263,24,10285,dengue virus type 4,,I,100,B,100,2,100,,
KX059027,4I_B.2,10263,24,10285,dengue virus type 4,,I,100,B,99,2,100,,
KX059028,4I_B.2,10263,24,10285,dengue virus type 4,,I,100,B,99,2,100,,
KX059029,4I_B.2,10263,24,10285,dengue virus type 4,,I,100,B,100,2,100,,
KX059030,4I,10263,24,10285,dengue virus type 4,,I,100,Related to but not part of B,,,,,
KX059031,4I_B.2,10263,24,10285,dengue virus type 4,,I,100,B,99,2,100,,
KX059032,4I_B.2,10263,24,10285,dengue virus type 4,,I,100,B,100,2,100,,
KX059034,4I,10263,24,10285,dengue virus type 4,,I,100,Related to but not part of B,,,,,
KX059033,4I_B.2,10263,24,10285,dengue virus type 4,,I,100,B,100,2,100,,
KX059035,4I_B.2,10263,24,10285,dengue virus type 4,,I,100,B,99,2,100,,
KX059036,4I_B.2,10263,24,10285,dengue virus type 4,,I,100,B,100,2,100,,
KX059037,4I_B.2,10263,24,10285,dengue virus type 4,,I,100,B,99,2,100,,